map,game_mode,environment,mode,team_a_win,team_a_brawler1,team_a_brawler2,team_a_brawler3,team_b_brawler1,team_b_brawler2,team_b_brawler3,team_a_brawler1_class,team_a_brawler2_class,team_a_brawler3_class,team_b_brawler1_class,team_b_brawler2_class,team_b_brawler3_class,team_a_brawler1_rarity,team_a_brawler2_rarity,team_a_brawler3_rarity,team_b_brawler1_rarity,team_b_brawler2_rarity,team_b_brawler3_rarity
32,1,15,1,1,6,32,82,23,97,89,4,2,3,3,7,7,1,1,5,4,1,6
32,1,15,1,0,6,32,82,90,89,9,4,2,3,3,7,6,1,1,5,2,6,1
32,1,15,1,1,6,32,82,82,9,89,4,2,3,3,6,7,1,1,5,5,1,6
32,1,15,1,1,6,32,82,82,23,6,4,2,3,3,3,4,1,1,5,5,4,1
32,1,15,1,1,6,32,82,89,9,82,4,2,3,7,6,3,1,1,5,6,1,5
32,1,15,1,1,6,32,82,13,69,82,4,2,3,6,1,3,1,1,5,4,3,5
32,1,15,1,0,60,13,9,32,82,6,4,6,6,2,3,4,1,4,1,1,5,1
32,1,15,1,0,23,82,89,6,32,82,3,3,7,4,2,3,4,5,6,1,1,5
32,1,15,1,1,6,32,82,42,88,6,4,2,3,2,3,4,1,1,5,1,0,1
32,1,15,1,1,64,69,82,6,32,82,6,1,3,4,2,3,2,3,5,1,1,5
32,1,15,1,1,32,82,6,9,15,13,2,3,4,6,1,6,1,5,1,1,3,4
32,1,15,1,0,29,45,9,6,82,32,0,6,6,4,3,2,5,1,1,1,5,1
32,1,15,1,1,82,6,32,89,32,13,3,4,2,7,2,6,5,1,1,6,1,4
32,1,15,1,1,32,6,82,82,13,9,2,4,3,3,6,6,1,1,5,5,4,1
32,1,15,1,1,6,13,32,6,32,13,4,6,2,4,2,6,1,4,1,1,1,4
32,1,15,1,1,25,82,89,32,13,6,1,3,7,2,6,4,2,5,6,1,4,1
32,1,15,1,1,13,32,6,88,60,29,6,2,4,3,4,0,4,1,1,0,1,5
32,1,15,1,1,32,13,6,55,12,69,2,6,4,1,4,1,1,4,1,2,4,3
32,1,15,1,1,6,32,13,13,89,29,4,2,6,6,7,0,1,1,4,4,6,5
32,1,15,1,1,6,32,13,82,13,25,4,2,6,3,6,1,1,1,4,5,4,2
32,1,15,1,0,9,19,23,6,32,13,6,3,3,4,2,6,1,2,4,1,1,4
32,1,15,1,1,6,32,13,9,13,10,4,2,6,6,6,2,1,1,4,1,4,1
32,1,15,1,0,6,32,13,89,25,13,4,2,6,7,1,6,1,1,4,6,2,4
32,1,15,1,1,6,13,32,19,82,9,4,6,2,3,3,6,1,4,1,2,5,1
32,1,15,1,0,9,9,82,6,32,13,6,6,3,4,2,6,1,1,5,1,1,4
24,1,4,1,0,9,69,23,97,69,82,6,1,3,7,1,3,1,3,4,1,3,5
24,1,4,1,0,90,29,13,97,69,82,3,0,6,7,1,3,2,5,4,1,3,5
24,1,4,1,1,69,97,82,60,29,9,1,7,3,4,0,6,3,1,5,1,5,1
24,1,4,1,0,9,89,82,82,97,69,6,7,3,3,7,1,1,6,5,5,1,3
24,1,4,1,1,82,97,69,89,9,92,3,7,1,7,6,2,5,1,3,6,1,3
24,1,4,1,1,82,97,69,25,9,46,3,7,1,1,6,6,5,1,3,2,1,5
24,1,4,1,0,9,32,82,82,97,69,6,2,3,3,7,1,1,1,5,5,1,3
24,1,4,1,1,82,97,69,72,46,34,3,7,1,3,6,1,5,1,3,4,5,3
24,1,4,1,0,82,63,9,82,69,97,3,7,6,3,1,7,5,1,1,5,3,1
24,1,4,1,1,82,97,69,36,80,9,3,7,1,6,5,6,5,1,3,1,4,1
24,1,4,1,0,82,36,9,69,82,97,3,6,6,1,3,7,5,1,1,3,5,1
24,1,4,1,0,13,22,9,82,69,97,6,3,6,3,1,7,4,1,1,5,3,1
24,1,4,1,1,82,97,69,9,89,82,3,7,1,6,7,3,5,1,3,1,6,5
24,1,4,1,1,82,97,69,9,82,69,3,7,1,6,3,1,5,1,3,1,5,3
24,1,4,1,1,87,97,82,43,9,69,1,7,3,0,6,1,1,1,5,1,1,3
24,1,4,1,1,82,97,87,19,89,9,3,7,1,3,7,6,5,1,1,2,6,1
24,1,4,1,0,25,52,9,97,87,82,1,1,6,7,1,3,2,2,1,1,1,5
24,1,4,1,0,24,58,9,82,97,87,1,2,6,3,7,1,2,3,1,5,1,1
24,1,4,1,0,89,82,9,97,82,87,7,3,6,7,3,1,6,5,1,1,5,1
24,1,4,1,1,82,87,97,82,9,69,3,1,7,3,6,1,5,1,1,5,1,3
24,1,4,1,1,82,97,87,9,82,60,3,7,1,6,3,4,5,1,1,1,5,1
24,1,4,1,1,82,97,87,88,36,89,3,7,1,3,6,7,5,1,1,0,1,6
24,1,4,1,1,89,9,82,87,82,97,7,6,3,1,3,7,6,1,5,1,5,1
24,1,4,1,0,90,89,9,82,97,87,3,7,6,3,7,1,2,6,1,5,1,1
24,1,4,1,1,82,97,87,69,67,9,3,7,1,1,7,6,5,1,1,3,3,1
32,1,15,1,0,13,23,15,58,13,32,6,3,1,2,6,2,4,4,3,3,4,1
32,1,15,1,1,13,58,32,23,88,84,6,2,2,3,3,5,4,3,1,4,0,3
32,1,15,1,1,6,90,82,58,32,13,4,3,3,2,2,6,1,2,5,3,1,4
32,1,15,1,1,58,13,32,82,9,55,2,6,2,3,6,1,3,4,1,5,1,2
32,1,15,1,0,90,9,13,58,13,32,3,6,6,2,6,2,2,1,4,3,4,1
32,1,15,1,0,89,82,13,58,32,13,7,3,6,2,2,6,6,5,4,3,1,4
32,1,15,1,0,23,13,9,13,58,32,3,6,6,6,2,2,4,4,1,4,3,1
32,1,15,1,0,44,32,13,58,13,32,5,2,6,2,6,2,5,1,4,3,4,1
32,1,15,1,0,90,9,82,58,13,32,3,6,3,2,6,2,2,1,5,3,4,1
32,1,15,1,1,58,13,32,82,89,72,2,6,2,3,7,3,3,4,1,5,6,4
32,1,15,1,0,23,17,25,13,58,32,3,3,1,6,2,2,4,5,2,4,3,1
32,1,15,1,1,58,13,32,13,9,19,2,6,2,6,6,3,3,4,1,4,1,2
32,1,15,1,1,13,87,32,82,59,38,6,1,2,3,3,2,4,1,1,5,3,3
32,1,15,1,1,87,13,32,32,89,82,1,6,2,2,7,3,1,4,1,1,6,5
32,1,15,1,1,87,13,32,23,88,9,1,6,2,3,3,6,1,4,1,4,0,1
32,1,15,1,1,87,13,32,68,86,82,1,6,2,3,2,3,1,4,1,3,2,5
32,1,15,1,0,9,53,13,32,13,87,6,5,6,2,6,1,1,2,4,1,4,1
32,1,15,1,1,32,87,13,82,9,1,2,1,6,3,6,7,1,1,4,5,1,3
32,1,15,1,0,9,13,88,87,13,32,6,6,3,1,6,2,1,4,0,1,4,1
32,1,15,1,0,89,90,82,87,13,32,7,3,3,1,6,2,6,2,5,1,4,1
32,1,15,1,1,32,87,13,86,82,13,2,1,6,2,3,6,1,1,4,2,5,4
32,1,15,1,0,32,26,9,87,13,32,2,6,6,1,6,2,1,5,1,1,4,1
32,1,15,1,0,6,9,13,87,13,32,4,6,6,1,6,2,1,1,4,1,4,1
32,1,15,1,1,89,9,72,87,13,32,7,6,3,1,6,2,6,1,4,1,4,1
32,1,15,1,1,87,32,13,89,95,82,1,2,6,7,3,3,1,1,4,6,3,5
4,7,2,5,0,71,7,6,48,10,27,4,4,4,4,2,5,1,1,1,3,1,3
4,7,2,5,1,10,48,27,30,25,69,2,4,5,1,1,1,1,3,3,1,2,3
4,7,2,5,0,53,12,78,10,48,27,5,4,7,2,4,5,2,4,2,1,3,3
4,7,2,5,1,10,48,27,70,22,82,2,4,5,2,3,3,1,3,3,3,1,5
4,7,2,5,0,6,71,24,10,48,27,4,4,1,2,4,5,1,1,2,1,3,3
4,7,2,5,0,85,12,79,48,10,27,1,4,4,4,2,5,1,4,1,3,1,3
4,7,2,5,1,10,48,27,23,79,82,2,4,5,3,4,3,1,3,3,4,1,5
4,7,2,5,0,48,27,10,23,12,89,4,5,2,3,4,7,3,3,1,4,4,6
4,7,2,5,0,10,48,27,29,12,41,2,4,5,0,4,5,1,3,3,5,4,3
4,7,2,5,0,71,43,24,10,48,27,4,0,1,2,4,5,1,1,2,1,3,3
4,7,2,5,1,48,10,27,29,12,55,4,2,5,0,4,1,3,1,3,5,4,2
4,7,2,5,0,25,17,12,10,48,27,1,3,4,2,4,5,2,5,4,1,3,3
4,7,2,5,0,30,25,12,10,27,48,1,1,4,2,5,4,1,2,4,1,3,3
4,7,2,5,0,90,9,56,48,10,27,3,6,1,4,2,5,2,1,3,3,1,3
4,7,2,5,0,34,25,78,10,48,27,1,1,7,2,4,5,3,2,2,1,3,3
4,7,2,5,1,48,10,27,39,61,17,4,2,5,7,4,3,3,1,3,3,1,5
4,7,2,5,1,27,10,48,89,6,12,5,2,4,7,4,4,3,1,3,6,1,4
4,7,2,5,1,27,48,10,82,12,7,5,4,2,3,4,4,3,3,1,5,4,1
4,7,2,5,1,79,61,69,10,27,48,4,4,1,2,5,4,1,1,3,1,3,3
4,7,2,5,0,48,69,56,10,27,48,4,1,1,2,5,4,3,3,3,1,3,3
4,7,2,5,0,25,53,89,48,27,10,1,5,7,4,5,2,2,2,6,3,3,1
4,7,2,5,0,82,79,94,10,27,48,3,4,3,2,5,4,5,1,2,1,3,3
4,7,2,5,0,55,79,58,10,27,48,1,4,2,2,5,4,2,1,3,1,3,3
4,7,2,5,1,48,27,10,82,9,10,4,5,2,3,6,2,3,3,1,5,1,1
4,7,2,5,0,63,89,53,48,10,27,7,7,5,4,2,5,1,6,2,3,1,3
4,7,2,5,1,12,41,16,50,17,24,4,5,5,0,3,1,4,3,3,3,5,2
4,7,2,5,0,80,61,53,12,41,16,5,4,5,4,5,5,4,1,2,4,3,3
4,7,2,5,0,90,18,34,12,41,16,3,2,1,4,5,5,2,3,3,4,3,3
4,7,2,5,1,12,16,41,69,56,89,4,5,5,1,1,7,4,3,3,3,3,6
4,7,2,5,1,12,41,16,23,29,30,4,5,5,3,0,1,4,3,3,4,5,1
22,6,1,4,1,89,13,9,56,74,50,7,6,6,1,2,0,6,4,1,3,3,3
22,6,1,4,0,74,50,56,9,87,89,2,0,1,6,1,7,3,3,3,1,1,6
32,1,15,1,1,82,24,46,74,31,50,3,1,6,2,6,0,5,2,5,3,4,3
32,1,15,1,1,9,29,89,74,37,50,6,0,7,2,2,0,1,5,6,3,1,3
32,1,15,1,1,74,50,37,13,89,83,2,0,2,6,7,6,3,3,1,4,6,4
32,1,15,1,1,74,37,50,89,90,9,2,2,0,7,3,6,3,1,3,6,2,1
32,1,15,1,0,89,13,60,74,50,37,7,6,4,2,0,2,6,4,1,3,3,1
32,1,15,1,0,89,13,82,74,37,50,7,6,3,2,2,0,6,4,5,3,1,3
32,1,15,1,1,74,50,4,41,82,69,2,0,6,5,3,1,3,3,1,3,5,3
32,1,15,1,1,74,4,50,9,82,13,2,6,0,6,3,6,3,1,3,1,5,4
32,1,15,1,1,74,4,50,78,82,9,2,6,0,7,3,6,3,1,3,2,5,1
32,1,15,1,0,36,15,9,74,4,50,6,1,6,2,6,0,1,3,1,3,1,3
32,1,15,1,1,90,23,88,74,4,97,3,3,3,2,6,7,2,4,0,3,1,1
32,1,15,1,1,74,4,97,82,69,89,2,6,7,3,1,7,3,1,1,5,3,6
32,1,15,1,0,95,4,82,4,97,82,3,6,3,6,7,3,3,1,5,1,1,5
32,1,15,1,1,4,82,97,98,13,9,6,3,7,2,6,6,1,5,1,3,4,1
32,1,15,1,0,30,55,13,82,4,97,1,1,6,3,6,7,1,2,4,5,1,1
32,1,15,1,1,82,4,97,32,52,13,3,6,7,2,1,6,5,1,1,1,2,4
32,1,15,1,1,82,69,13,6,72,97,3,1,6,4,3,7,5,3,4,1,4,1
32,1,15,1,1,9,25,13,6,97,2,6,1,6,4,7,2,1,2,4,1,1,2
32,1,15,1,0,82,36,13,60,72,88,3,6,6,4,3,3,5,1,4,1,4,0
32,1,15,1,1,88,60,72,28,9,82,3,4,3,6,6,3,0,1,4,2,1,5
32,1,15,1,1,88,60,72,9,23,16,3,4,3,6,3,5,0,1,4,1,4,3
32,1,15,1,0,9,80,89,88,60,72,6,5,7,3,4,3,1,4,6,0,1,4
32,1,15,1,1,88,60,72,82,9,25,3,4,3,3,6,1,0,1,4,5,1,2
32,1,15,1,0,82,87,90,88,60,19,3,1,3,3,4,3,5,1,2,0,1,2
32,1,15,1,1,6,13,19,13,82,48,4,6,3,6,3,4,1,4,2,4,5,3
32,1,15,1,0,32,13,69,6,13,19,2,6,1,4,6,3,1,4,3,1,4,2
32,1,15,1,0,9,13,30,6,13,19,6,6,1,4,6,3,1,4,1,1,4,2
32,1,15,1,0,55,9,90,6,13,19,1,6,3,4,6,3,2,1,2,1,4,2
32,1,15,1,1,13,19,6,82,9,69,6,3,4,3,6,1,4,2,1,5,1,3
32,1,15,1,1,13,19,6,13,31,9,6,3,4,6,6,6,4,2,1,4,4,1
32,1,15,1,0,82,9,69,13,19,6,3,6,1,6,3,4,5,1,3,4,2,1
32,1,15,1,1,13,19,6,82,52,25,6,3,4,3,1,1,4,2,1,5,2,2
22,6,1,4,1,27,9,52,89,52,98,5,6,1,7,1,2,3,1,2,6,2,3
22,6,1,4,0,52,89,98,9,24,89,1,7,2,6,1,7,2,6,3,1,2,6
22,6,1,4,1,52,89,98,32,89,25,1,7,2,2,7,1,2,6,3,1,6,2
22,6,1,4,1,89,52,98,9,25,53,7,1,2,6,1,5,6,2,3,1,2,2
22,6,1,4,0,9,66,87,89,98,52,6,1,1,7,2,1,1,3,1,6,3,2
22,6,1,4,0,13,96,9,52,89,98,6,0,6,1,7,2,4,5,1,2,6,3
22,6,1,4,0,82,97,5,89,98,52,3,7,0,7,2,1,5,1,4,6,3,2
22,6,1,4,1,52,98,89,96,53,87,1,2,7,0,5,1,2,3,6,5,2,1
22,6,1,4,1,52,89,98,69,50,9,1,7,2,1,0,6,2,6,3,3,3,1
22,6,1,4,1,52,89,98,89,25,30,1,7,2,7,1,1,2,6,3,6,2,1
22,6,1,4,1,52,89,98,29,89,10,1,7,2,0,7,2,2,6,3,5,6,1
3,0,13,0,0,55,84,6,65,69,16,1,5,4,1,1,5,2,3,1,3,3,3
3,0,13,0,0,40,6,69,16,79,55,7,4,1,5,4,1,3,1,3,3,1,2
3,0,13,0,1,40,6,69,79,17,34,7,4,1,4,3,1,3,1,3,1,5,3
3,0,13,0,1,40,6,69,23,55,78,7,4,1,3,1,7,3,1,3,4,2,2
3,0,13,0,0,40,6,69,52,19,12,7,4,1,1,3,4,3,1,3,2,2,4
3,0,13,0,0,38,55,16,40,6,69,2,1,5,7,4,1,3,2,3,3,1,3
3,0,13,0,0,71,12,90,6,40,69,4,4,3,4,7,1,1,4,2,1,3,3
3,0,13,0,1,40,6,69,69,79,43,7,4,1,1,4,0,3,1,3,3,1,1
3,0,13,0,1,40,69,6,82,79,55,7,1,4,3,4,1,3,3,1,5,1,2
3,0,13,0,0,55,90,79,40,6,69,1,3,4,7,4,1,2,2,1,3,1,3
3,0,13,0,1,40,6,69,16,55,6,7,4,1,5,1,4,3,1,3,3,2,1
3,0,13,0,1,61,79,6,6,39,40,4,4,4,4,7,7,1,1,1,1,3,3
3,0,13,0,1,40,6,39,79,69,23,7,4,7,4,1,3,3,1,3,1,3,4
3,0,13,0,0,6,12,69,6,39,40,4,4,1,4,7,7,1,4,3,1,3,3
3,0,13,0,0,44,69,79,6,40,93,5,1,4,4,7,1,5,3,1,1,3,1
3,0,13,0,0,0,6,55,6,40,93,3,4,1,4,7,1,5,1,2,1,3,1
3,0,13,0,0,61,55,90,40,6,93,4,1,3,7,4,1,1,2,2,3,1,1
3,0,13,0,1,6,40,93,79,16,69,4,7,1,4,5,1,1,3,1,1,3,3
4,7,2,5,0,83,40,53,69,55,88,6,7,5,1,1,3,4,3,2,3,2,0
4,7,2,5,0,90,23,3,40,53,83,3,3,4,7,5,6,2,4,1,3,2,4
4,7,2,5,0,35,16,25,40,53,83,7,5,1,7,5,6,3,3,2,3,2,4
4,7,2,5,1,40,83,53,76,16,30,7,6,5,3,5,1,3,4,2,1,3,1
4,7,2,5,0,44,61,16,76,70,7,5,4,5,3,2,4,5,1,3,1,3,1
4,7,2,5,0,30,71,55,76,7,70,1,4,1,3,4,2,1,1,2,1,1,3
4,7,2,5,1,76,70,7,3,96,36,3,2,4,4,0,6,1,3,1,1,5,1
4,7,2,5,1,76,7,70,36,46,79,3,4,2,6,6,4,1,1,3,1,5,1
4,7,2,5,1,89,26,53,70,76,7,7,6,5,2,3,4,6,5,2,3,1,1
4,7,2,5,1,26,29,53,76,70,7,6,0,5,3,2,4,5,5,2,1,3,1
4,7,2,5,1,76,70,7,17,23,69,3,2,4,3,3,1,1,3,1,5,4,3
4,7,2,5,1,70,76,7,55,14,89,2,3,4,1,6,7,3,1,1,2,3,6
4,7,2,5,1,76,70,7,67,11,12,3,2,4,7,4,4,1,3,1,3,1,4
4,7,2,5,0,66,25,80,76,70,7,1,1,5,3,2,4,3,2,4,1,3,1
4,7,2,5,1,70,7,76,53,26,1,2,4,3,5,6,7,3,1,1,2,5,3
4,7,2,5,1,76,70,7,89,90,69,3,2,4,7,3,1,1,3,1,6,2,3
4,7,2,5,0,82,69,92,76,70,7,3,1,2,3,2,4,5,3,3,1,3,1
4,7,2,5,0,76,70,7,25,12,48,3,2,4,1,4,4,1,3,1,2,4,3
4,7,2,5,0,6,71,44,76,70,7,4,4,5,3,2,4,1,1,5,1,3,1
4,7,2,5,0,6,17,23,76,70,7,4,3,3,3,2,4,1,5,4,1,3,1
4,7,2,5,0,79,94,25,76,70,7,4,3,1,3,2,4,1,2,2,1,3,1
4,7,2,5,1,70,76,7,89,55,12,2,3,4,7,1,4,3,1,1,6,2,4
4,7,2,5,1,76,70,7,83,16,53,3,2,4,6,5,5,1,3,1,4,3,2
4,7,2,5,0,78,43,48,76,70,7,7,0,4,3,2,4,2,1,3,1,3,1
4,7,2,5,0,56,76,16,7,76,70,1,3,5,4,3,2,3,1,3,1,1,3
4,7,2,5,0,9,13,6,76,70,7,6,6,4,3,2,4,1,4,1,1,3,1
4,7,2,5,1,70,76,7,1,38,17,2,3,4,7,2,3,3,1,1,3,3,5
4,7,2,5,1,3,12,76,32,89,99,4,4,3,2,7,7,1,4,1,1,6,3
4,7,2,5,0,61,89,55,76,3,12,4,7,1,3,4,4,1,6,2,1,1,4
28,2,9,1,0,69,42,2,55,11,63,1,2,2,1,4,7,3,1,2,2,1,1
28,2,9,1,1,34,63,7,24,25,89,1,7,4,1,1,7,3,1,1,2,2,6
28,2,9,1,1,34,55,11,89,34,96,1,1,4,7,1,0,3,2,1,6,3,5
28,2,9,1,0,51,61,9,55,19,11,7,4,6,1,3,4,6,1,1,2,2,1
28,2,9,1,0,69,82,80,55,19,63,1,3,5,1,3,7,3,5,4,2,2,1
28,2,9,1,0,34,23,61,76,25,63,1,3,4,3,1,7,3,4,1,1,2,1
28,2,9,1,1,19,63,25,13,34,69,3,7,1,6,1,1,2,1,2,4,3,3
28,2,9,1,0,10,82,32,19,63,25,2,3,2,3,7,1,1,5,1,2,1,2
28,2,9,1,1,44,61,19,44,25,11,5,4,3,5,1,4,5,1,2,5,2,1
28,2,9,1,0,90,34,74,11,25,19,3,1,2,4,1,3,2,3,3,1,2,2
28,2,9,1,1,23,44,32,11,19,65,3,5,2,4,3,1,4,5,1,1,2,3
28,2,9,1,0,25,61,55,65,63,11,1,4,1,1,7,4,2,1,2,3,1,1
28,2,9,1,0,80,28,23,65,25,63,5,6,3,1,1,7,4,2,4,3,2,1
28,2,9,1,1,11,25,19,90,25,69,4,1,3,3,1,1,1,2,2,2,2,3
28,2,9,1,0,45,17,93,82,11,25,6,3,1,3,4,1,1,5,1,5,1,2
28,2,9,1,1,19,82,25,29,31,73,3,3,1,0,6,7,2,5,2,5,4,3
28,2,9,1,1,82,11,25,55,69,9,3,4,1,1,1,6,5,1,2,2,3,1
28,2,9,1,0,11,82,25,80,62,58,4,3,1,5,5,2,1,5,2,4,3,3
28,2,9,1,1,82,25,11,48,25,92,3,1,4,4,1,2,5,2,1,3,2,3
28,2,9,1,0,9,25,90,82,25,81,6,1,3,3,1,3,1,2,2,5,2,3
28,2,9,1,0,34,22,80,82,25,81,1,3,5,3,1,3,3,1,4,5,2,3
28,2,9,1,1,63,81,82,55,89,41,7,3,3,1,7,5,1,3,5,2,6,3
28,2,9,1,0,82,9,89,82,81,25,3,6,7,3,3,1,5,1,6,5,3,2
28,2,9,1,0,89,34,27,82,25,81,7,1,5,3,1,3,6,3,3,5,2,3
28,2,9,1,1,82,81,25,88,9,26,3,3,1,3,6,6,5,3,2,0,1,5
32,1,15,1,0,9,13,98,13,59,5,6,6,2,6,3,0,1,4,3,4,3,4
32,1,15,1,1,13,59,54,32,82,18,6,3,0,2,3,2,4,3,1,1,5,3
3,0,13,0,1,44,55,84,55,60,34,5,1,5,1,4,1,5,2,3,2,1,3
22,6,1,4,0,13,89,9,13,55,98,6,7,6,6,1,2,4,6,1,4,2,3
32,1,15,1,0,13,89,19,13,59,72,6,7,3,6,3,3,4,6,2,4,3,4
4,7,2,5,0,90,89,55,27,41,48,3,7,1,5,5,4,2,6,2,3,3,3
27,4,8,2,0,10,32,40,23,0,74,2,2,7,3,3,2,1,1,3,4,5,3
32,1,15,1,1,13,59,24,1,15,13,6,3,1,7,1,6,4,3,2,3,3,4
22,6,1,4,1,81,13,99,89,99,13,3,6,7,7,7,6,3,4,3,6,3,4
22,6,1,4,0,89,54,9,13,99,81,7,0,6,6,7,3,6,1,1,4,3,3
22,6,1,4,0,81,99,13,9,69,89,3,7,6,6,1,7,3,3,4,1,3,6
32,1,15,1,0,9,68,13,59,87,95,6,3,6,3,1,3,1,3,4,3,1,3
32,1,15,1,0,9,36,25,31,8,59,6,6,1,6,5,3,1,1,2,4,1,3
32,1,15,1,0,9,42,82,31,59,8,6,2,3,6,3,5,1,1,5,4,3,1
32,1,15,1,1,8,31,59,23,89,88,5,6,3,3,7,3,1,4,3,4,6,0
32,1,15,1,0,50,31,59,32,41,6,0,6,3,2,5,4,3,4,3,1,3,1
32,1,15,1,0,82,32,1,50,31,59,3,2,7,0,6,3,5,1,3,3,4,3
32,1,15,1,0,13,9,82,50,31,59,6,6,3,0,6,3,4,1,5,3,4,3
32,1,15,1,1,31,59,50,89,9,13,6,3,0,7,6,6,4,3,3,6,1,4
32,1,15,1,0,8,31,59,13,89,51,5,6,3,6,7,7,1,4,3,4,6,6
32,1,15,1,1,8,59,31,29,13,15,5,3,6,0,6,1,1,3,4,5,4,3
32,1,15,1,1,82,69,89,89,13,87,3,1,7,7,6,1,5,3,6,6,4,1
31,3,0,1,0,34,9,23,6,63,32,1,6,3,4,7,2,3,1,4,1,1,1
6,7,12,5,0,82,16,6,79,71,38,3,5,4,4,4,2,5,3,1,1,1,3
11,1,15,1,0,60,89,9,92,13,32,4,7,6,2,6,2,1,6,1,3,4,1
8,6,13,4,0,96,86,36,92,55,89,0,2,6,2,1,7,5,2,1,3,2,6
6,7,12,5,0,61,16,6,71,79,3,4,5,4,4,4,4,1,3,1,1,1,1
8,6,13,4,0,96,10,75,19,92,89,0,2,5,3,2,7,5,1,1,2,3,6
29,1,4,1,0,9,69,82,89,55,39,6,1,3,7,1,7,1,3,5,6,2,3
29,1,4,1,0,9,80,10,89,55,39,6,5,2,7,1,7,1,4,1,6,2,3
29,1,4,1,0,89,90,16,89,55,39,7,3,5,7,1,7,6,2,3,6,2,3
29,1,4,1,0,55,89,82,89,55,99,1,7,3,7,1,7,2,6,5,6,2,3
29,1,4,1,1,55,99,89,18,9,93,1,7,7,2,6,1,2,3,6,3,1,1
29,1,4,1,1,89,99,55,25,89,23,7,7,1,1,7,3,6,3,2,2,6,4
29,1,4,1,0,82,89,32,55,99,89,3,7,2,1,7,7,5,6,1,2,3,6
29,1,4,1,1,28,89,99,82,6,69,6,7,7,3,4,1,2,6,3,5,1,3
29,1,4,1,0,9,82,13,28,99,89,6,3,6,6,7,7,1,5,4,2,3,6
29,1,4,1,0,23,17,89,28,99,89,3,3,7,6,7,7,4,5,6,2,3,6
29,1,4,1,1,28,99,89,69,89,17,6,7,7,1,7,3,2,3,6,3,6,5
29,1,4,1,1,89,28,99,40,14,82,7,6,7,7,6,3,6,2,3,3,3,5
29,1,4,1,1,89,28,99,32,13,89,7,6,7,2,6,7,6,2,3,1,4,6
29,1,4,1,1,89,99,28,25,9,13,7,7,6,1,6,6,6,3,2,2,1,4
32,1,15,1,0,69,9,82,32,62,46,1,6,3,2,5,6,3,1,5,1,3,5
32,1,15,1,0,9,13,37,32,62,46,6,6,2,2,5,6,1,4,1,1,3,5
32,1,15,1,1,32,46,62,42,46,82,2,6,5,2,6,3,1,5,3,1,5,5
32,1,15,1,0,13,9,37,62,46,32,6,6,2,5,6,2,4,1,1,3,5,1
32,1,15,1,0,31,13,9,32,62,46,6,6,6,2,5,6,4,4,1,1,3,5
32,1,15,1,1,32,62,46,82,19,90,2,5,6,3,3,3,1,3,5,5,2,2
32,1,15,1,0,88,77,36,32,62,46,3,0,6,2,5,6,0,5,1,1,3,5
32,1,15,1,0,82,9,29,32,46,62,3,6,0,2,6,5,5,1,5,1,5,3
32,1,15,1,1,62,32,46,94,13,9,5,2,6,3,6,6,3,1,5,2,4,1
32,1,15,1,1,62,46,32,15,89,9,5,6,2,1,7,6,3,5,1,3,6,1
32,1,15,1,1,32,62,46,13,82,87,2,5,6,6,3,1,1,3,5,4,5,1
32,1,15,1,1,62,32,46,36,25,13,5,2,6,6,1,6,3,1,5,1,2,4
32,1,15,1,1,32,62,46,90,87,9,2,5,6,3,1,6,1,3,5,2,1,1
32,1,15,1,0,9,82,90,32,62,46,6,3,3,2,5,6,1,5,2,1,3,5
32,1,15,1,1,32,62,46,23,9,13,2,5,6,3,6,6,1,3,5,4,1,4
32,1,15,1,0,82,32,9,32,62,46,3,2,6,2,5,6,5,1,1,1,3,5
32,1,15,1,1,62,46,32,23,13,69,5,6,2,3,6,1,3,5,1,4,4,3
32,1,15,1,0,25,82,6,32,62,97,1,3,4,2,5,7,2,5,1,1,3,1
32,1,15,1,1,32,62,97,82,9,67,2,5,7,3,6,7,1,3,1,5,1,3
32,1,15,1,0,9,89,13,62,32,97,6,7,6,5,2,7,1,6,4,3,1,1
32,1,15,1,0,46,88,9,97,62,32,6,3,6,7,5,2,5,0,1,1,3,1
32,1,15,1,0,9,23,72,62,32,97,6,3,3,5,2,7,1,4,4,3,1,1
32,1,15,1,0,32,62,97,24,25,87,2,5,7,1,1,1,1,3,1,2,2,1
32,1,15,1,0,32,90,13,62,97,32,2,3,6,5,7,2,1,2,4,3,1,1
32,1,15,1,1,32,62,97,89,46,9,2,5,7,7,6,6,1,3,1,6,5,1
4,7,2,5,1,89,96,78,70,63,16,7,0,7,2,7,5,6,5,2,3,1,3
32,1,15,1,0,72,82,9,72,37,9,3,3,6,3,2,6,4,5,1,4,1,1
32,1,15,1,0,9,25,69,72,82,9,6,1,1,3,3,6,1,2,3,4,5,1
32,1,15,1,1,82,72,9,9,82,13,3,3,6,6,3,6,5,4,1,1,5,4
32,1,15,1,1,72,82,9,82,13,87,3,3,6,3,6,1,4,5,1,5,4,1
32,1,15,1,0,72,82,9,15,82,25,3,3,6,1,3,1,4,5,1,3,5,2
32,1,15,1,0,13,89,32,72,82,9,6,7,2,3,3,6,4,6,1,4,5,1
32,1,15,1,0,15,25,89,72,9,82,1,1,7,3,6,3,3,2,6,4,1,5
32,1,15,1,0,23,32,36,82,9,72,3,2,6,3,6,3,4,1,1,5,1,4
32,1,15,1,0,82,72,9,82,95,6,3,3,6,3,3,4,5,4,1,5,3,1
32,1,15,1,1,9,72,82,32,42,13,6,3,3,2,2,6,1,4,5,1,1,4
32,1,15,1,1,9,72,82,82,13,89,6,3,3,3,6,7,1,4,5,5,4,6
32,1,15,1,0,68,9,13,82,9,72,3,6,6,3,6,3,3,1,4,5,1,4
32,1,15,1,0,72,82,9,72,9,82,3,3,6,3,6,3,4,5,1,4,1,5
32,1,15,1,1,72,82,9,13,74,88,3,3,6,6,2,3,4,5,1,4,3,0
32,1,15,1,1,82,72,9,10,88,9,3,3,6,2,3,6,5,4,1,1,0,1
32,1,15,1,1,19,9,82,82,9,13,3,6,3,3,6,6,2,1,5,5,1,4
32,1,15,1,0,15,86,64,9,82,19,1,2,6,6,3,3,3,2,2,1,5,2
32,1,15,1,1,19,82,9,82,62,9,3,3,6,3,5,6,2,5,1,5,3,1
4,7,2,5,0,38,79,71,70,61,7,2,4,4,2,4,4,3,1,1,3,1,1
4,7,2,5,1,79,78,91,81,44,12,4,7,0,3,5,4,1,2,3,3,5,4
15,3,0,1,0,27,69,82,65,62,91,5,1,3,1,5,0,3,3,5,3,3,3
15,3,0,1,0,93,65,91,69,82,72,1,1,0,1,3,3,1,3,3,3,5,4
15,3,0,1,1,65,93,91,52,10,9,1,1,0,1,2,6,3,1,3,2,1,1
15,3,0,1,1,65,93,91,96,69,46,1,1,0,0,1,6,3,1,3,5,3,5
15,3,0,1,1,69,34,6,65,91,60,1,1,4,1,0,4,3,3,1,3,3,1
15,3,0,1,1,60,65,91,34,69,9,4,1,0,1,1,6,1,3,3,3,3,1
15,3,0,1,1,94,23,9,91,60,65,3,3,6,0,4,1,2,4,1,3,1,3
15,3,0,1,1,65,91,60,62,27,82,1,0,4,5,5,3,3,3,1,3,3,5
15,3,0,1,0,55,23,19,91,65,60,1,3,3,0,1,4,2,4,2,3,3,1
32,1,15,1,1,58,19,32,88,9,6,2,3,2,3,6,4,3,2,1,0,1,1
32,1,15,1,0,29,13,89,19,32,58,0,6,7,3,2,2,5,4,6,2,1,3
32,1,15,1,0,58,32,19,9,82,13,2,2,3,6,3,6,3,1,2,1,5,4
32,1,15,1,0,82,2,97,58,32,19,3,2,7,2,2,3,5,2,1,3,1,2
32,1,15,1,0,9,32,13,32,58,19,6,2,6,2,2,3,1,1,4,1,3,2
32,1,15,1,0,9,82,89,32,19,58,6,3,7,2,3,2,1,5,6,1,2,3
32,1,15,1,0,9,59,89,32,19,58,6,3,7,2,3,2,1,3,6,1,2,3
32,1,15,1,1,58,32,87,89,9,36,2,2,1,7,6,6,3,1,1,6,1,1
32,1,15,1,0,19,13,89,58,32,87,3,6,7,2,2,1,2,4,6,3,1,1
32,1,15,1,0,19,9,13,58,32,87,3,6,6,2,2,1,2,1,4,3,1,1
32,1,15,1,1,58,87,32,89,57,32,2,1,2,7,3,2,3,1,1,6,1,1
32,1,15,1,1,58,86,87,13,9,75,2,2,1,6,6,5,3,2,1,4,1,1
32,1,15,1,1,58,86,87,9,13,69,2,2,1,6,6,1,3,2,1,1,4,3
32,1,15,1,0,13,9,90,58,87,86,6,6,3,2,1,2,4,1,2,3,1,2
32,1,15,1,1,58,86,87,32,13,9,2,2,1,2,6,6,3,2,1,1,4,1
32,1,15,1,0,32,13,82,58,86,87,2,6,3,2,2,1,1,4,5,3,2,1
32,1,15,1,0,86,13,9,86,87,58,2,6,6,2,1,2,2,4,1,2,1,3
32,1,15,1,1,58,87,86,58,89,88,2,1,2,2,7,3,3,1,2,3,6,0
32,1,15,1,0,25,13,69,58,86,87,1,6,1,2,2,1,2,4,3,3,2,1
32,1,15,1,1,86,58,87,23,69,9,2,2,1,3,1,6,2,3,1,4,3,1
32,1,15,1,0,42,86,9,86,87,58,2,2,6,2,1,2,1,2,1,2,1,3
32,1,15,1,1,86,58,87,88,82,19,2,2,1,3,3,3,2,3,1,0,5,2
32,1,15,1,0,58,86,87,9,13,25,2,2,1,6,6,1,3,2,1,1,4,2
32,1,15,1,1,58,86,87,82,9,89,2,2,1,3,6,7,3,2,1,5,1,6
32,1,15,1,0,25,9,82,24,5,35,1,6,3,1,0,7,2,1,5,2,4,3
28,2,9,1,0,96,94,26,42,6,67,0,3,6,2,4,7,5,2,5,1,1,3
28,2,9,1,0,9,96,69,62,42,67,6,0,1,5,2,7,1,5,3,3,1,3
28,2,9,1,0,69,49,35,9,89,90,1,2,7,6,7,3,3,5,3,1,6,2
28,2,9,1,0,15,63,19,69,37,49,1,7,3,1,2,2,3,1,2,3,1,5
28,2,9,1,0,36,25,82,69,35,52,6,1,3,1,7,1,1,2,5,3,3,2
28,2,9,1,0,90,79,89,52,35,49,3,4,7,1,7,2,2,1,6,2,3,5
28,2,9,1,0,34,25,3,69,35,49,1,1,4,1,7,2,3,2,1,3,3,5
28,2,9,1,0,82,90,61,69,49,35,3,3,4,1,2,7,5,2,1,3,5,3
28,2,9,1,1,35,49,52,92,23,7,7,2,1,2,3,4,3,5,2,3,4,1
28,2,9,1,0,69,61,90,69,49,35,1,4,3,1,2,7,3,1,2,3,5,3
28,2,9,1,0,69,35,52,25,7,6,1,7,1,1,4,4,3,3,2,2,1,1
28,2,9,1,1,68,52,49,62,7,61,3,1,2,5,4,4,3,2,5,3,1,1
28,2,9,1,1,69,35,52,23,52,24,1,7,1,3,1,1,3,3,2,4,2,2
28,2,9,1,0,69,25,65,35,68,52,1,1,1,7,3,1,3,2,3,3,3,2
28,2,9,1,0,34,36,49,69,49,68,1,6,2,1,2,3,3,1,5,3,5,3
28,2,9,1,0,96,61,38,68,69,35,0,4,2,3,1,7,5,1,3,3,3,3
28,2,9,1,1,49,35,52,54,62,61,2,7,1,0,5,4,5,3,2,1,3,1
28,2,9,1,1,69,49,35,77,57,10,1,2,7,0,3,2,3,5,3,5,1,1
28,2,9,1,0,22,42,68,69,35,49,3,2,3,1,7,2,1,1,3,3,3,5
28,2,9,1,1,61,89,69,2,42,90,4,7,1,2,2,3,1,6,3,2,1,2
28,2,9,1,1,2,23,42,31,14,23,2,3,2,6,6,3,2,4,1,4,3,4
28,2,9,1,0,52,92,2,23,2,34,1,2,2,3,2,1,2,3,2,4,2,3
28,2,9,1,0,61,23,69,2,34,90,4,3,1,2,1,3,1,4,3,2,3,2
28,2,9,1,0,90,96,82,23,2,42,3,0,3,3,2,2,2,5,5,4,2,1
32,1,15,1,1,94,46,74,89,94,82,3,6,2,7,3,3,2,5,3,6,2,5
32,1,15,1,0,69,82,9,74,94,46,1,3,6,2,3,6,3,5,1,3,2,5
32,1,15,1,0,13,90,19,74,94,46,6,3,3,2,3,6,4,2,2,3,2,5
32,1,15,1,1,74,94,46,89,42,69,2,3,6,7,2,1,3,2,5,6,1,3
32,1,15,1,1,74,94,46,10,63,13,2,3,6,2,7,6,3,2,5,1,1,4
32,1,15,1,1,94,46,74,9,61,93,3,6,2,6,4,1,2,5,3,1,1,1
32,1,15,1,0,24,9,82,74,94,46,1,6,3,2,3,6,2,1,5,3,2,5
32,1,15,1,0,82,13,72,74,94,46,3,6,3,2,3,6,5,4,4,3,2,5
32,1,15,1,1,74,94,46,13,88,89,2,3,6,6,3,7,3,2,5,4,0,6
32,1,15,1,1,74,94,46,9,23,69,2,3,6,6,3,1,3,2,5,1,4,3
32,1,15,1,1,6,46,94,13,82,88,4,6,3,6,3,3,1,5,2,4,5,0
32,1,15,1,1,94,46,6,82,9,32,3,6,4,3,6,2,2,5,1,5,1,1
32,1,15,1,1,6,94,46,9,42,88,4,3,6,6,2,3,1,2,5,1,1,0
32,1,15,1,0,13,86,94,6,94,46,6,2,3,4,3,6,4,2,2,1,2,5
32,1,15,1,0,72,32,13,6,94,46,3,2,6,4,3,6,4,1,4,1,2,5
32,1,15,1,1,94,46,6,88,58,67,3,6,4,3,2,7,2,5,1,0,3,3
32,1,15,1,1,6,46,94,25,88,13,4,6,3,1,3,6,1,5,2,2,0,4
32,1,15,1,0,13,9,69,6,94,46,6,6,1,4,3,6,4,1,3,1,2,5
32,1,15,1,0,9,82,89,6,46,94,6,3,7,4,6,3,1,5,6,1,5,2
32,1,15,1,1,94,46,6,25,9,69,3,6,4,1,6,1,2,5,1,2,1,3
32,1,15,1,0,31,89,82,6,94,46,6,7,3,4,3,6,4,6,5,1,2,5
32,1,15,1,1,6,94,46,58,82,89,4,3,6,2,3,7,1,2,5,3,5,6
32,1,15,1,1,46,94,6,13,31,93,6,3,4,6,6,1,5,2,1,4,4,1
32,1,15,1,1,6,46,94,9,36,13,4,6,3,6,6,6,1,5,2,1,1,4
32,1,15,1,1,6,94,46,9,24,13,4,3,6,6,1,6,1,2,5,1,2,4
4,7,2,5,1,14,99,76,72,7,9,6,7,3,3,4,6,3,3,1,4,1,1
4,7,2,5,1,14,76,99,63,89,43,6,3,7,7,7,0,3,1,3,1,6,1
4,7,2,5,0,55,25,93,14,76,99,1,1,1,6,3,7,2,2,1,3,1,3
4,7,2,5,0,79,53,25,99,76,14,4,5,1,7,3,6,1,2,2,3,1,3
4,7,2,5,1,76,99,14,17,23,62,3,7,6,3,3,5,1,3,3,5,4,3
4,7,2,5,1,14,76,99,55,79,61,6,3,7,1,4,4,3,1,3,2,1,1
4,7,2,5,1,14,56,61,84,53,26,6,1,4,5,5,6,3,3,1,3,2,5
4,7,2,5,0,84,53,26,9,34,53,5,5,6,6,1,5,3,2,5,1,3,2
4,7,2,5,0,23,69,90,26,84,53,3,1,3,6,5,5,4,3,2,5,3,2
4,7,2,5,1,84,53,26,15,76,12,5,5,6,1,3,4,3,2,5,3,1,4
22,6,1,4,1,69,50,82,9,89,69,1,0,3,6,7,1,3,3,5,1,6,3
22,6,1,4,0,69,50,82,9,81,5,1,0,3,6,3,0,3,3,5,1,3,4
22,6,1,4,1,69,50,82,55,81,87,1,0,3,1,3,1,3,3,5,2,3,1
22,6,1,4,0,46,55,9,69,82,50,6,1,6,1,3,0,5,2,1,3,5,3
22,6,1,4,0,89,66,9,69,50,82,7,1,6,1,0,3,6,3,1,3,3,5
22,6,1,4,0,66,17,13,69,50,82,1,3,6,1,0,3,3,5,4,3,3,5
22,6,1,4,0,15,9,26,69,50,82,1,6,6,1,0,3,3,1,5,3,3,5
32,1,15,1,0,23,82,72,95,60,4,3,3,3,3,4,6,4,5,4,3,1,1
32,1,15,1,0,94,9,13,60,4,95,3,6,6,4,6,3,2,1,4,1,1,3
32,1,15,1,1,89,13,23,60,4,95,7,6,3,4,6,3,6,4,4,1,1,3
32,1,15,1,0,9,82,13,60,95,4,6,3,6,4,3,6,1,5,4,1,3,1
32,1,15,1,1,60,4,95,13,9,89,4,6,3,6,6,7,1,1,3,4,1,6
32,1,15,1,0,42,46,89,60,95,4,2,6,7,4,3,6,1,5,6,1,3,1
32,1,15,1,0,82,6,89,4,60,95,3,4,7,6,4,3,5,1,6,1,1,3
32,1,15,1,0,9,13,89,60,95,4,6,6,7,4,3,6,1,4,6,1,3,1
32,1,15,1,1,60,4,95,60,31,72,4,6,3,4,6,3,1,1,3,1,4,4
32,1,15,1,1,60,95,4,13,89,18,4,3,6,6,7,2,1,3,1,4,6,3
32,1,15,1,1,9,89,82,60,4,95,6,7,3,4,6,3,1,6,5,1,1,3
32,1,15,1,0,23,13,60,82,95,4,3,6,4,3,3,6,4,4,1,5,3,1
32,1,15,1,1,4,82,95,90,13,60,6,3,3,3,6,4,1,5,3,2,4,1
32,1,15,1,1,72,14,42,82,13,9,3,6,2,3,6,6,4,3,1,5,4,1
32,1,15,1,0,90,89,9,72,14,42,3,7,6,3,6,2,2,6,1,4,3,1
32,1,15,1,1,72,14,42,36,83,90,3,6,2,6,6,3,4,3,1,1,4,2
32,1,15,1,0,9,13,82,72,14,42,6,6,3,3,6,2,1,4,5,4,3,1
32,1,15,1,1,72,42,14,82,9,13,3,2,6,3,6,6,4,1,3,5,1,4
32,1,15,1,1,72,14,42,46,90,6,3,6,2,6,3,4,4,3,1,5,2,1
32,1,15,1,0,82,9,89,14,72,42,3,6,7,6,3,2,5,1,6,3,4,1
32,1,15,1,1,14,72,42,9,23,15,6,3,2,6,3,1,3,4,1,1,4,3
32,1,15,1,0,9,31,13,23,14,42,6,6,6,3,6,2,1,4,4,4,3,1
32,1,15,1,1,23,14,42,36,69,9,3,6,2,6,1,6,4,3,1,1,3,1
32,1,15,1,1,58,32,9,23,97,42,2,2,6,3,7,2,3,1,1,4,1,1
32,1,15,1,1,23,97,42,9,37,82,3,7,2,6,2,3,4,1,1,1,1,5
32,1,15,1,1,97,42,23,69,15,13,7,2,3,1,1,6,1,1,4,3,3,4
32,1,15,1,1,23,97,42,82,9,29,3,7,2,3,6,0,4,1,1,5,1,5
32,1,15,1,1,9,42,97,9,89,13,6,2,7,6,7,6,1,1,1,1,6,4
32,1,15,1,0,9,97,42,78,9,55,6,7,2,7,6,1,1,1,1,2,1,2
32,1,15,1,1,31,42,13,9,97,42,6,2,6,6,7,2,4,1,4,1,1,1
32,1,15,1,1,9,97,42,9,82,69,6,7,2,6,3,1,1,1,1,1,5,3
32,1,15,1,0,13,89,36,9,97,42,6,7,6,6,7,2,4,6,1,1,1,1
32,1,15,1,1,9,97,42,23,81,9,6,7,2,3,3,6,1,1,1,4,3,1
32,1,15,1,1,97,9,42,9,69,82,7,6,2,6,1,3,1,1,1,1,3,5
32,1,15,1,0,82,89,58,9,42,97,3,7,2,6,2,7,5,6,3,1,1,1
32,1,15,1,0,9,13,94,9,97,42,6,6,3,6,7,2,1,4,2,1,1,1
32,1,15,1,0,9,69,36,97,42,9,6,1,6,7,2,6,1,3,1,1,1,1
32,1,15,1,1,13,9,89,31,15,13,6,6,7,6,1,6,4,1,6,4,3,4
32,1,15,1,0,13,9,79,31,15,13,6,6,4,6,1,6,4,1,1,4,3,4
32,1,15,1,1,15,31,13,90,37,9,1,6,6,3,2,6,3,4,4,2,1,1
32,1,15,1,0,9,1,30,15,31,13,6,7,1,1,6,6,1,3,1,3,4,4
32,1,15,1,1,9,13,89,31,84,9,6,6,7,6,5,6,1,4,6,4,3,1
32,1,15,1,1,9,13,82,31,9,84,6,6,3,6,6,5,1,4,5,4,1,3
32,1,15,1,0,31,9,84,9,89,13,6,6,5,6,7,6,4,1,3,1,6,4
32,1,15,1,1,31,9,84,13,82,98,6,6,5,6,3,2,4,1,3,4,5,3
32,1,15,1,0,31,9,84,9,13,29,6,6,5,6,6,0,4,1,3,1,4,5
32,1,15,1,0,24,9,19,31,84,9,1,6,3,6,5,6,2,1,2,4,3,1
32,1,15,1,1,13,89,82,31,32,84,6,7,3,6,2,5,4,6,5,4,1,3
32,1,15,1,1,31,32,84,13,25,82,6,2,5,6,1,3,4,1,3,4,2,5
32,1,15,1,1,19,87,89,31,72,82,3,1,7,6,3,3,2,1,6,4,4,5
32,1,15,1,0,31,72,84,36,13,19,6,3,5,6,6,3,4,4,3,1,4,2
32,1,15,1,1,31,72,84,23,82,30,6,3,5,3,3,1,4,4,3,4,5,1
32,1,15,1,0,13,9,82,31,72,84,6,6,3,6,3,5,4,1,5,4,4,3
32,1,15,1,1,89,13,2,72,84,31,7,6,2,3,5,6,6,4,2,4,3,4
32,1,15,1,0,9,72,95,84,31,72,6,3,3,5,6,3,1,4,3,3,4,4
32,1,15,1,0,82,73,9,31,72,84,3,7,6,6,3,5,5,3,1,4,4,3
32,1,15,1,1,31,72,84,82,89,31,6,3,5,3,7,6,4,4,3,5,6,4
32,1,15,1,1,31,84,72,74,82,13,6,5,3,2,3,6,4,3,4,3,5,4
32,1,15,1,1,31,72,84,13,9,82,6,3,5,6,6,3,4,4,3,4,1,5
32,1,15,1,0,82,31,9,84,31,72,3,6,6,5,6,3,5,4,1,3,4,4
32,1,15,1,0,13,68,69,82,74,9,6,3,1,3,2,6,4,3,3,5,3,1
32,1,15,1,0,95,13,23,82,74,9,3,6,3,3,2,6,3,4,4,5,3,1
32,1,15,1,0,9,80,36,74,82,9,6,5,6,2,3,6,1,4,1,3,5,1
32,1,15,1,1,19,74,9,9,69,52,3,2,6,6,1,1,2,3,1,1,3,2
32,1,15,1,1,19,74,9,82,25,9,3,2,6,3,1,6,2,3,1,5,2,1
32,1,15,1,0,34,9,18,89,9,74,1,6,2,7,6,2,3,1,3,6,1,3
32,1,15,1,1,74,9,89,9,82,13,2,6,7,6,3,6,3,1,6,1,5,4
32,1,15,1,1,9,27,89,24,13,89,6,5,7,1,6,7,1,3,6,2,4,6
32,1,15,1,1,9,89,27,9,13,89,6,7,5,6,6,7,1,6,3,1,4,6
32,1,15,1,0,82,69,13,9,27,89,3,1,6,6,5,7,5,3,4,1,3,6
32,1,15,1,1,9,27,89,34,9,36,6,5,7,1,6,6,1,3,6,3,1,1
4,7,2,5,1,27,10,53,38,16,89,5,2,5,2,5,7,3,1,2,3,3,6
4,7,2,5,0,53,89,73,53,27,10,5,7,7,5,5,2,2,6,3,2,3,1
4,7,2,5,1,27,10,53,61,89,69,5,2,5,4,7,1,3,1,2,1,6,3
4,7,2,5,1,27,53,10,29,16,71,5,5,2,0,5,4,3,2,1,5,3,1
4,7,2,5,1,27,10,53,38,12,78,5,2,5,2,4,7,3,1,2,3,4,2
4,7,2,5,1,89,32,78,44,61,38,7,2,7,5,4,2,6,1,2,5,1,3
4,7,2,5,0,27,10,53,14,27,38,5,2,5,6,5,2,3,1,2,3,3,3
4,7,2,5,1,27,53,10,89,55,14,5,5,2,7,1,6,3,2,1,6,2,3
4,7,2,5,0,27,41,12,27,53,10,5,5,4,5,5,2,3,3,4,3,2,1
4,7,2,5,1,27,10,53,53,26,10,5,2,5,5,6,2,3,1,2,2,5,1
4,7,2,5,0,43,23,12,10,53,27,0,3,4,2,5,5,1,4,4,1,2,3
3,0,13,0,1,9,25,55,70,26,23,6,1,1,2,6,3,1,2,2,3,5,4
4,7,2,5,1,16,12,44,10,27,53,5,4,5,2,5,5,3,4,5,1,3,2
4,7,2,5,0,55,30,93,27,53,10,1,1,1,5,5,2,2,1,1,3,2,1
4,7,2,5,0,7,69,89,10,69,90,4,1,7,2,1,3,1,3,6,1,3,2
4,7,2,5,0,89,32,26,69,90,10,7,2,6,1,3,2,6,1,5,3,2,1
4,7,2,5,1,69,10,90,36,86,11,1,2,3,6,2,4,3,1,2,1,2,1
4,7,2,5,0,29,93,12,10,69,90,0,1,4,2,1,3,5,1,4,1,3,2
4,7,2,5,0,83,53,16,69,10,90,6,5,5,1,2,3,4,2,3,3,1,2
32,1,15,1,1,4,87,6,9,69,82,6,1,4,6,1,3,1,1,1,1,3,5
32,1,15,1,1,4,58,87,29,46,32,6,2,1,0,6,2,1,3,1,5,5,1
32,1,15,1,1,87,58,4,88,69,23,1,2,6,3,1,3,1,3,1,0,3,4
32,1,15,1,1,4,87,58,9,58,36,6,1,2,6,2,6,1,1,3,1,3,1
32,1,15,1,0,6,13,69,4,87,58,4,6,1,6,1,2,1,4,3,1,1,3
32,1,15,1,1,15,69,82,4,87,58,1,1,3,6,1,2,3,3,5,1,1,3
32,1,15,1,0,9,19,30,4,58,87,6,3,1,6,2,1,1,2,1,1,3,1
32,1,15,1,1,4,87,58,13,9,82,6,1,2,6,6,3,1,1,3,4,1,5
32,1,15,1,1,4,87,10,82,52,9,6,1,2,3,1,6,1,1,1,5,2,1
32,1,15,1,1,4,87,10,82,9,13,6,1,2,3,6,6,1,1,1,5,1,4
32,1,15,1,1,4,87,10,9,32,69,6,1,2,6,2,1,1,1,1,1,1,3
32,1,15,1,1,9,31,68,87,4,10,6,6,3,1,6,2,1,4,3,1,1,1
32,1,15,1,0,9,82,19,4,87,10,6,3,3,6,1,2,1,5,2,1,1,1
32,1,15,1,0,23,9,94,4,10,87,3,6,3,6,2,1,4,1,2,1,1,1
32,1,15,1,1,4,87,10,9,52,29,6,1,2,6,1,0,1,1,1,1,2,5
32,1,15,1,1,4,87,10,9,94,56,6,1,2,6,3,1,1,1,1,1,2,3
32,1,15,1,1,74,4,87,69,23,13,2,6,1,1,3,6,3,1,1,3,4,4
32,1,15,1,0,82,60,9,4,87,74,3,4,6,6,1,2,5,1,1,1,1,3
32,1,15,1,0,29,96,69,4,87,74,0,0,1,6,1,2,5,5,3,1,1,3
32,1,15,1,1,87,74,4,82,90,30,1,2,6,3,3,1,1,3,1,5,2,1
2,3,0,1,0,15,69,6,65,49,84,1,1,4,1,2,5,3,3,1,3,5,3
2,3,0,1,0,65,49,84,55,62,69,1,2,5,1,5,1,3,5,3,2,3,3
2,3,0,1,0,69,9,51,65,49,84,1,6,7,1,2,5,3,1,6,3,5,3
2,3,0,1,0,25,9,89,65,49,84,1,6,7,1,2,5,2,1,6,3,5,3
2,3,0,1,1,65,49,84,23,82,9,1,2,5,3,3,6,3,5,3,4,5,1
2,3,0,1,1,49,84,65,69,82,89,2,5,1,1,3,7,5,3,3,3,5,6
2,3,0,1,1,49,84,65,96,36,42,2,5,1,0,6,2,5,3,3,5,1,1
2,3,0,1,1,37,9,6,65,49,84,2,6,4,1,2,5,1,1,1,3,5,3
2,3,0,1,1,65,49,84,69,9,96,1,2,5,1,6,0,3,5,3,3,1,5
2,3,0,1,0,60,90,69,65,49,84,4,3,1,1,2,5,1,2,3,3,5,3
2,3,0,1,0,86,9,89,65,84,49,2,6,7,1,5,2,2,1,6,3,3,5
2,3,0,1,1,65,49,84,6,34,23,1,2,5,4,1,3,3,5,3,1,3,4
2,3,0,1,1,65,84,49,69,88,9,1,5,2,1,3,6,3,3,5,3,0,1
2,3,0,1,0,23,32,69,65,49,84,3,2,1,1,2,5,4,1,3,3,5,3
2,3,0,1,0,82,13,69,65,49,84,3,6,1,1,2,5,5,4,3,3,5,3
2,3,0,1,0,69,82,1,65,49,84,1,3,7,1,2,5,3,5,3,3,5,3
2,3,0,1,0,69,67,34,65,49,84,1,7,1,1,2,5,3,3,3,3,5,3
2,3,0,1,1,65,49,84,80,25,69,1,2,5,5,1,1,3,5,3,4,2,3
2,3,0,1,1,65,49,84,37,69,23,1,2,5,2,1,3,3,5,3,1,3,4
2,3,0,1,1,65,84,49,9,52,65,1,5,2,6,1,1,3,3,5,1,2,3
2,3,0,1,1,65,49,84,9,25,32,1,2,5,6,1,2,3,5,3,1,2,1
2,3,0,1,1,49,65,84,88,9,49,2,1,5,3,6,2,5,3,3,0,1,5
32,1,15,1,0,13,22,28,9,82,19,6,3,6,6,3,3,4,1,2,1,5,2
32,1,15,1,0,80,31,60,13,22,28,5,6,4,6,3,6,4,4,1,4,1,2
32,1,15,1,1,9,89,82,13,22,28,6,7,3,6,3,6,1,6,5,4,1,2
32,1,15,1,1,6,23,25,69,25,89,4,3,1,1,1,7,1,4,2,3,2,6
32,1,15,1,0,9,13,82,69,25,89,6,6,3,1,1,7,1,4,5,3,2,6
32,1,15,1,1,25,69,89,69,25,89,1,1,7,1,1,7,2,3,6,3,2,6
32,1,15,1,1,19,32,72,9,60,82,3,2,3,6,4,3,2,1,4,1,1,5
4,7,2,5,0,41,44,81,44,55,16,5,5,3,5,1,5,3,5,3,5,2,3
4,7,2,5,0,96,79,89,41,44,81,0,4,7,5,5,3,5,1,6,3,5,3
4,7,2,5,0,15,93,89,44,41,81,1,1,7,5,5,3,3,1,6,5,3,3
32,1,15,1,0,60,82,13,9,25,23,4,3,6,6,1,3,1,5,4,1,2,4
32,1,15,1,1,6,82,88,19,82,60,4,3,3,3,3,4,1,5,0,2,5,1
32,1,15,1,0,13,9,29,19,82,60,6,6,0,3,3,4,4,1,5,2,5,1
32,1,15,1,0,24,69,89,82,19,60,1,1,7,3,3,4,2,3,6,5,2,1
32,1,15,1,1,82,60,19,17,88,82,3,4,3,3,3,3,5,1,2,5,0,5
32,1,15,1,0,88,9,82,19,82,60,3,6,3,3,3,4,0,1,5,2,5,1
32,1,15,1,1,32,82,60,6,22,83,2,3,4,4,3,6,1,5,1,1,1,4
32,1,15,1,0,72,60,13,82,25,88,3,4,6,3,1,3,4,1,4,5,2,0
32,1,15,1,1,9,27,32,24,60,72,6,5,2,1,4,3,1,3,1,2,1,4
32,1,15,1,0,82,27,13,24,60,72,3,5,6,1,4,3,5,3,4,2,1,4
32,1,15,1,1,60,24,72,13,97,9,4,1,3,6,7,6,1,2,4,4,1,1
32,1,15,1,1,93,72,60,82,13,89,1,3,4,3,6,7,1,4,1,5,4,6
32,1,15,1,0,9,62,68,60,72,93,6,5,3,4,3,1,1,3,3,1,4,1
32,1,15,1,1,60,72,24,17,9,82,4,3,1,3,6,3,1,4,2,5,1,5
32,1,15,1,1,13,69,9,72,60,82,6,1,6,3,4,3,4,3,1,4,1,5
32,1,15,1,1,82,60,72,88,54,25,3,4,3,3,0,1,5,1,4,0,1,2
32,1,15,1,0,89,69,52,72,82,60,7,1,1,3,3,4,6,3,2,4,5,1
30,1,4,1,0,25,89,82,24,19,42,1,7,3,1,3,2,2,6,5,2,2,1
30,1,4,1,1,24,19,42,82,24,93,1,3,2,3,1,1,2,2,1,5,2,1
30,1,4,1,1,19,42,24,99,69,82,3,2,1,7,1,3,2,1,2,3,3,5
30,1,4,1,0,9,94,31,24,19,42,6,3,6,1,3,2,1,2,4,2,2,1
30,1,4,1,0,36,19,9,24,19,42,6,3,6,1,3,2,1,2,1,2,2,1
30,1,4,1,1,24,19,42,89,46,9,1,3,2,7,6,6,2,2,1,6,5,1
30,1,4,1,0,26,15,32,24,19,42,6,1,2,1,3,2,5,3,1,2,2,1
21,7,14,5,1,44,7,55,81,62,41,5,4,1,3,5,5,5,1,2,3,3,3
21,7,14,5,1,9,55,3,55,62,79,6,1,4,1,5,4,1,2,1,2,3,1
21,7,14,5,1,62,55,79,12,56,61,5,1,4,4,1,4,3,2,1,4,3,1
21,7,14,5,1,89,25,79,44,79,38,7,1,4,5,4,2,6,2,1,5,1,3
21,7,14,5,1,90,51,53,34,12,71,3,7,5,1,4,4,2,6,2,3,4,1
21,7,14,5,0,92,67,44,34,12,71,2,7,5,1,4,4,3,3,5,3,4,1
21,7,14,5,0,3,78,9,12,71,34,4,7,6,4,4,1,1,2,1,4,1,3
21,7,14,5,1,34,71,12,22,61,89,1,4,4,3,4,7,3,1,4,1,1,6
21,7,14,5,1,34,71,12,12,96,25,1,4,4,4,0,1,3,1,4,4,5,2
21,7,14,5,0,82,7,17,34,71,12,3,4,3,1,4,4,5,1,5,3,1,4
21,7,14,5,0,9,55,66,71,12,34,6,1,1,4,4,1,1,2,3,1,4,3
21,7,14,5,0,34,71,12,78,12,79,1,4,4,7,4,4,3,1,4,2,4,1
21,7,14,5,1,34,12,71,55,63,69,1,4,4,1,7,1,3,4,1,2,1,3
21,7,14,5,1,34,12,71,3,39,30,1,4,4,4,7,1,3,4,1,1,3,1
21,7,14,5,1,34,71,12,35,33,44,1,4,4,7,3,5,3,1,4,3,3,5
21,7,14,5,1,34,71,12,88,81,90,1,4,4,3,3,3,3,1,4,0,3,2
21,7,14,5,0,51,23,16,34,12,71,7,3,5,1,4,4,6,4,3,3,4,1
21,7,14,5,1,12,71,55,9,82,40,4,4,1,6,3,7,4,1,2,1,5,3
2,3,0,1,1,41,32,86,9,89,63,5,2,2,6,7,7,3,1,2,1,6,1
2,3,0,1,1,32,41,86,96,9,34,2,5,2,0,6,1,1,3,2,5,1,3
2,3,0,1,1,41,32,86,69,18,93,5,2,2,1,2,1,3,1,2,3,3,1
2,3,0,1,0,69,80,13,32,86,41,1,5,6,2,2,5,3,4,4,1,2,3
2,3,0,1,1,32,86,41,82,58,95,2,2,5,3,2,3,1,2,3,5,3,3
2,3,0,1,1,41,32,86,72,9,65,5,2,2,3,6,1,3,1,2,4,1,3
2,3,0,1,1,41,32,86,42,69,23,5,2,2,2,1,3,3,1,2,1,3,4
2,3,0,1,1,32,86,41,19,32,9,2,2,5,3,2,6,1,2,3,2,1,1
2,3,0,1,1,41,32,86,9,25,13,5,2,2,6,1,6,3,1,2,1,2,4
2,3,0,1,1,41,32,86,9,69,13,5,2,2,6,1,6,3,1,2,1,3,4
2,3,0,1,1,86,32,41,51,32,89,2,2,5,7,2,7,2,1,3,6,1,6
2,3,0,1,1,32,41,86,82,86,9,2,5,2,3,2,6,1,3,2,5,2,1
2,3,0,1,1,86,32,41,42,37,32,2,2,5,2,2,2,2,1,3,1,1,1
2,3,0,1,1,41,32,86,69,34,13,5,2,2,1,1,6,3,1,2,3,3,4
2,3,0,1,0,69,23,89,32,86,41,1,3,7,2,2,5,3,4,6,1,2,3
2,3,0,1,0,89,19,78,41,32,86,7,3,7,5,2,2,6,2,2,3,1,2
2,3,0,1,1,41,32,86,23,69,15,5,2,2,3,1,1,3,1,2,4,3,3
2,3,0,1,0,81,9,96,41,32,86,3,6,0,5,2,2,3,1,5,3,1,2
2,3,0,1,0,9,55,58,41,32,86,6,1,2,5,2,2,1,2,3,3,1,2
2,3,0,1,1,41,32,86,69,9,89,5,2,2,1,6,7,3,1,2,3,1,6
2,3,0,1,0,9,82,46,41,32,86,6,3,6,5,2,2,1,5,5,3,1,2
2,3,0,1,0,94,60,36,41,32,86,3,4,6,5,2,2,2,1,1,3,1,2
2,3,0,1,0,69,9,23,41,32,86,1,6,3,5,2,2,3,1,4,3,1,2
2,3,0,1,0,69,9,89,32,86,41,1,6,7,2,2,5,3,1,6,1,2,3
2,3,0,1,0,69,23,41,41,32,86,1,3,5,5,2,2,3,4,3,3,1,2
5,8,6,5,1,89,32,71,56,43,19,7,2,4,1,0,3,6,1,1,3,1,2
5,8,6,5,1,23,87,72,79,75,55,3,1,3,4,5,1,4,1,4,1,1,2
5,8,6,5,1,72,9,89,25,29,43,3,6,7,1,0,0,4,1,6,2,5,1
32,1,15,1,1,87,13,82,72,95,52,1,6,3,3,3,1,1,4,5,4,3,2
32,1,15,1,1,52,72,95,69,15,74,1,3,3,1,1,2,2,4,3,3,3,3
32,1,15,1,1,72,95,52,74,13,88,3,3,1,2,6,3,4,3,2,3,4,0
32,1,15,1,1,72,95,52,9,89,6,3,3,1,6,7,4,4,3,2,1,6,1
32,1,15,1,0,96,13,69,72,95,52,0,6,1,3,3,1,5,4,3,4,3,2
4,7,2,5,0,26,16,53,89,23,16,6,5,5,7,3,5,5,3,2,6,4,3
4,7,2,5,1,38,89,25,26,16,53,2,7,1,6,5,5,3,6,2,5,3,2
4,7,2,5,1,26,16,53,16,36,23,6,5,5,5,6,3,5,3,2,3,1,4
4,7,2,5,1,16,26,53,12,61,16,5,6,5,4,4,5,3,5,2,4,1,3
4,7,2,5,0,25,61,41,26,53,16,1,4,5,6,5,5,2,1,3,5,2,3
4,7,2,5,0,69,90,24,26,16,53,1,3,1,6,5,5,3,2,2,5,3,2
4,7,2,5,0,40,84,55,16,26,53,7,5,1,5,6,5,3,3,2,3,5,2
4,7,2,5,1,26,53,16,29,6,25,6,5,5,0,4,1,5,2,3,5,1,2
4,7,2,5,0,53,16,26,89,56,34,5,5,6,7,1,1,2,3,5,6,3,3
4,7,2,5,0,26,16,53,25,16,17,6,5,5,1,5,3,5,3,2,2,3,5
4,7,2,5,1,16,53,26,89,9,23,5,5,6,7,6,3,3,2,5,6,1,4
4,7,2,5,0,78,25,61,26,16,53,7,1,4,6,5,5,2,2,1,5,3,2
4,7,2,5,0,69,23,29,16,26,53,1,3,0,5,6,5,3,4,5,3,5,2
4,7,2,5,0,61,23,34,26,53,16,4,3,1,6,5,5,1,4,3,5,2,3
4,7,2,5,1,9,53,89,26,53,16,6,5,7,6,5,5,1,2,6,5,2,3
4,7,2,5,1,26,53,16,61,71,56,6,5,5,4,4,1,5,2,3,1,1,3
4,7,2,5,0,26,16,53,89,55,13,6,5,5,7,1,6,5,3,2,6,2,4
4,7,2,5,0,16,31,53,26,53,16,5,6,5,6,5,5,3,4,2,5,2,3
4,7,2,5,1,14,27,38,26,16,53,6,5,2,6,5,5,3,3,3,5,3,2
32,1,15,1,1,36,13,9,42,88,16,6,6,6,2,3,5,1,4,1,1,0,3
27,4,8,2,1,25,76,0,69,82,10,1,3,3,1,3,2,2,1,5,3,5,1
27,4,8,2,0,89,84,30,25,0,76,7,5,1,1,3,3,6,3,1,2,5,1
27,4,8,2,1,25,76,0,10,38,55,1,3,3,2,2,1,2,1,5,1,3,2
27,4,8,2,1,25,0,76,69,80,34,1,3,3,1,5,1,2,5,1,3,4,3
27,4,8,2,0,25,74,16,0,69,84,1,2,5,3,1,5,2,3,3,5,3,3
32,1,15,1,1,82,9,16,25,88,89,3,6,5,1,3,7,5,1,3,2,0,6
32,1,15,1,1,13,23,82,82,88,16,6,3,3,3,3,5,4,4,5,5,0,3
32,1,15,1,1,82,88,16,90,88,82,3,3,5,3,3,3,5,0,3,2,0,5
32,1,15,1,0,72,88,16,9,74,13,3,3,5,6,2,6,4,0,3,1,3,4
27,4,8,2,1,9,6,25,18,25,93,6,4,1,2,1,1,1,1,2,3,2,1
27,4,8,2,1,25,55,93,23,69,29,1,1,1,3,1,0,2,2,1,4,3,5
32,1,15,1,1,13,82,89,87,94,74,6,3,7,1,3,2,4,5,6,1,2,3
32,1,15,1,0,72,62,32,74,94,87,3,5,2,2,3,1,4,3,1,3,2,1
32,1,15,1,0,89,88,72,74,94,87,7,3,3,2,3,1,6,0,4,3,2,1
32,1,15,1,1,87,94,74,13,37,89,1,3,2,6,2,7,1,2,3,4,1,6
32,1,15,1,1,88,87,74,23,19,95,3,1,2,3,3,3,0,1,3,4,2,3
32,1,15,1,1,74,87,88,67,88,78,2,1,3,7,3,7,3,1,0,3,0,2
32,1,15,1,0,31,74,13,9,89,13,6,2,6,6,7,6,4,3,4,1,6,4
32,1,15,1,0,13,82,9,74,13,31,6,3,6,2,6,6,4,5,1,3,4,4
32,1,15,1,0,89,9,13,74,13,83,7,6,6,2,6,6,6,1,4,3,4,4
32,1,15,1,1,74,13,83,69,82,9,2,6,6,1,3,6,3,4,4,3,5,1
32,1,15,1,0,9,89,13,74,83,13,6,7,6,2,6,6,1,6,4,3,4,4
4,7,2,5,1,17,26,53,53,73,89,3,6,5,5,7,7,5,5,2,2,3,6
4,7,2,5,1,17,89,25,17,26,53,3,7,1,3,6,5,5,6,2,5,5,2
4,7,2,5,0,66,53,69,17,26,53,1,5,1,3,6,5,3,2,3,5,5,2
4,7,2,5,0,41,76,89,17,26,53,5,3,7,3,6,5,3,1,6,5,5,2
4,7,2,5,1,26,17,53,82,24,29,6,3,5,3,1,0,5,5,2,5,2,5
4,7,2,5,1,32,25,90,17,26,53,2,1,3,3,6,5,1,2,2,5,5,2
4,7,2,5,1,19,53,89,26,17,53,3,5,7,6,3,5,2,2,6,5,5,2
4,7,2,5,0,16,89,23,17,26,53,5,7,3,3,6,5,3,6,4,5,5,2
4,7,2,5,0,23,82,53,17,26,53,3,3,5,3,6,5,4,5,2,5,5,2
4,7,2,5,0,9,27,69,17,26,53,6,5,1,3,6,5,1,3,3,5,5,2
4,7,2,5,1,17,26,53,9,23,61,3,6,5,6,3,4,5,5,2,1,4,1
4,7,2,5,1,17,53,26,31,55,29,3,5,6,6,1,0,5,2,5,4,2,5
4,7,2,5,1,25,23,10,17,26,53,1,3,2,3,6,5,2,4,1,5,5,2
4,7,2,5,0,26,53,17,9,53,13,6,5,3,6,5,6,5,2,5,1,2,4
4,7,2,5,1,17,53,26,17,16,25,3,5,6,3,5,1,5,2,5,5,3,2
4,7,2,5,0,11,16,92,17,26,53,4,5,2,3,6,5,1,3,3,5,5,2
4,7,2,5,1,17,26,53,76,43,90,3,6,5,3,0,3,5,5,2,1,1,2
4,7,2,5,0,40,9,89,17,26,53,7,6,7,3,6,5,3,1,6,5,5,2
3,0,13,0,0,11,79,16,55,7,38,4,4,5,1,4,2,1,1,3,2,1,3
3,0,13,0,1,16,11,79,16,92,79,5,4,4,5,2,4,3,1,1,3,3,1
3,0,13,0,0,40,69,77,79,16,11,7,1,0,4,5,4,3,3,5,1,3,1
3,0,13,0,1,79,16,11,69,79,23,4,5,4,1,4,3,1,3,1,3,1,4
3,0,13,0,0,89,55,61,16,11,79,7,1,4,5,4,4,6,2,1,3,1,1
3,0,13,0,1,89,6,43,16,11,79,7,4,0,5,4,4,6,1,1,3,1,1
3,0,13,0,0,61,62,89,16,11,79,4,5,7,5,4,4,1,3,6,3,1,1
3,0,13,0,1,12,66,23,16,99,69,4,1,3,5,7,1,4,3,4,3,3,3
3,0,13,0,1,16,69,99,25,71,23,5,1,7,1,4,3,3,3,3,2,1,4
3,0,13,0,0,55,56,92,99,16,69,1,1,2,7,5,1,2,3,3,3,3,3
3,0,13,0,1,16,99,69,16,6,79,5,7,1,5,4,4,3,3,3,3,1,1
3,0,13,0,1,16,69,99,93,90,61,5,1,7,1,3,4,3,3,3,1,2,1
3,0,13,0,1,16,69,99,71,8,61,5,1,7,4,5,4,3,3,3,1,1,1
3,0,13,0,0,79,55,92,16,99,69,4,1,2,5,7,1,1,2,3,3,3,3
3,0,13,0,0,79,82,23,16,99,69,4,3,3,5,7,1,1,5,4,3,3,3
3,0,13,0,1,16,99,69,23,44,78,5,7,1,3,5,7,3,3,3,4,5,2
3,0,13,0,0,82,91,16,99,16,69,3,0,5,7,5,1,5,3,3,3,3,3
3,0,13,0,1,16,99,69,44,16,84,5,7,1,5,5,5,3,3,3,5,3,3
3,0,13,0,0,94,71,9,16,99,69,3,4,6,5,7,1,2,1,1,3,3,3
3,0,13,0,1,16,99,69,79,82,53,5,7,1,4,3,5,3,3,3,1,5,2
3,0,13,0,1,99,69,78,68,79,7,7,1,7,3,4,4,3,3,2,3,1,1
3,0,13,0,0,61,96,80,78,99,69,4,0,5,7,7,1,1,5,4,2,3,3
3,0,13,0,0,78,16,71,78,99,69,7,5,4,7,7,1,2,3,1,2,3,3
3,0,13,0,1,78,99,61,10,34,41,7,7,4,2,1,5,2,3,1,1,3,3
3,0,13,0,1,90,55,52,78,43,55,3,1,1,7,0,1,2,2,2,2,1,2
3,0,13,0,0,80,55,79,55,78,99,5,1,4,1,7,7,4,2,1,2,2,3
3,0,13,0,0,79,69,6,99,78,55,4,1,4,7,7,1,1,3,1,3,2,2
3,0,13,0,0,99,55,78,53,12,90,7,1,7,5,4,3,3,2,2,2,4,2
3,0,13,0,0,23,55,16,55,78,99,3,1,5,1,7,7,4,2,3,2,2,3
32,1,15,1,1,36,9,13,90,85,89,6,6,6,3,1,7,1,1,4,2,1,6
32,1,15,1,1,90,85,89,22,9,82,3,1,7,3,6,3,2,1,6,1,1,5
32,1,15,1,1,82,13,88,90,85,89,3,6,3,3,1,7,5,4,0,2,1,6
32,1,15,1,1,90,82,23,89,69,9,3,3,3,7,1,6,2,5,4,6,3,1
3,0,13,0,1,38,55,79,61,90,79,2,1,4,4,3,4,3,2,1,1,2,1
3,0,13,0,1,55,38,79,79,74,55,1,2,4,4,2,1,2,3,1,1,3,2
3,0,13,0,0,10,25,55,55,38,79,2,1,1,1,2,4,1,2,2,2,3,1
3,0,13,0,0,6,7,16,55,38,79,4,4,5,1,2,4,1,1,3,2,3,1
3,0,13,0,0,55,38,79,82,7,55,1,2,4,3,4,1,2,3,1,5,1,2
3,0,13,0,1,38,79,55,16,55,66,2,4,1,5,1,1,3,1,2,3,2,3
3,0,13,0,1,38,79,55,16,23,71,2,4,1,5,3,4,3,1,2,3,4,1
32,1,15,1,1,10,9,82,6,23,87,2,6,3,4,3,1,1,1,5,1,4,1
32,1,15,1,0,36,9,94,6,23,87,6,6,3,4,3,1,1,1,2,1,4,1
32,1,15,1,1,6,23,87,90,9,32,4,3,1,3,6,2,1,4,1,2,1,1
32,1,15,1,1,6,23,87,9,32,82,4,3,1,6,2,3,1,4,1,1,1,5
32,1,15,1,1,6,23,87,88,19,29,4,3,1,3,3,0,1,4,1,0,2,5
32,1,15,1,0,13,68,9,6,23,87,6,3,6,4,3,1,4,3,1,1,4,1
32,1,15,1,0,29,24,82,6,87,23,0,1,3,4,1,3,5,2,5,1,1,4
32,1,15,1,0,31,15,9,6,87,23,6,1,6,4,1,3,4,3,1,1,1,4
32,1,15,1,0,12,9,60,6,23,87,4,6,4,4,3,1,4,1,1,1,4,1
32,1,15,1,0,90,9,13,23,6,87,3,6,6,3,4,1,2,1,4,4,1,1
32,1,15,1,0,9,24,25,6,23,87,6,1,1,4,3,1,1,2,2,1,4,1
32,1,15,1,0,9,60,82,6,23,87,6,4,3,4,3,1,1,1,5,1,4,1
32,1,15,1,0,82,54,69,6,87,23,3,0,1,4,1,3,5,1,3,1,1,4
32,1,15,1,1,6,87,23,89,82,10,4,1,3,7,3,2,1,1,4,6,5,1
32,1,15,1,1,6,23,87,82,9,13,4,3,1,3,6,6,1,4,1,5,1,4
32,1,15,1,1,6,23,87,13,31,80,4,3,1,6,6,5,1,4,1,4,4,4
32,1,15,1,1,13,59,88,13,17,69,6,3,3,6,3,1,4,3,0,4,5,3
32,1,15,1,1,13,59,88,9,82,15,6,3,3,6,3,1,4,3,0,1,5,3
32,1,15,1,0,90,82,88,59,13,88,3,3,3,3,6,3,2,5,0,3,4,0
32,1,15,1,1,13,59,88,83,19,89,6,3,3,6,3,7,4,3,0,4,2,6
32,1,15,1,0,94,23,42,59,88,13,3,3,2,3,3,6,2,4,1,3,0,4
32,1,15,1,1,13,59,88,9,82,89,6,3,3,6,3,7,4,3,0,1,5,6
32,1,15,1,0,32,13,82,59,88,13,2,6,3,3,3,6,1,4,5,3,0,4
32,1,15,1,0,89,82,9,13,59,88,7,3,6,6,3,3,6,5,1,4,3,0
32,1,15,1,0,13,9,89,88,13,59,6,6,7,3,6,3,4,1,6,0,4,3
32,1,15,1,1,13,59,88,65,13,9,6,3,3,1,6,6,4,3,0,3,4,1
32,1,15,1,1,13,59,88,90,13,82,6,3,3,3,6,3,4,3,0,2,4,5
3,0,13,0,1,14,41,48,12,16,6,6,5,4,4,5,4,3,3,3,4,3,1
3,0,13,0,1,69,78,25,84,14,34,1,7,1,5,6,1,3,2,2,3,3,3
3,0,13,0,0,23,94,69,34,14,84,3,3,1,1,6,5,4,2,3,3,3,3
3,0,13,0,0,55,9,25,34,14,84,1,6,1,1,6,5,2,1,2,3,3,3
3,0,13,0,1,34,84,14,69,7,38,1,5,6,1,4,2,3,3,3,3,1,3
3,0,13,0,0,16,77,69,14,34,84,5,0,1,6,1,5,3,5,3,3,3,3
3,0,13,0,1,80,34,55,62,34,77,5,1,1,5,1,0,4,3,2,3,3,5
3,0,13,0,0,55,2,23,62,34,77,1,2,3,5,1,0,2,2,4,3,3,5
3,0,13,0,1,34,77,62,55,82,79,1,0,5,1,3,4,3,5,3,2,5,1
3,0,13,0,0,6,71,30,62,34,77,4,4,1,5,1,0,1,1,1,3,3,5
3,0,13,0,1,62,77,34,71,79,80,5,0,1,4,4,5,3,5,3,1,1,4
3,0,13,0,1,34,77,62,12,79,55,1,0,5,4,4,1,3,5,3,4,1,2
3,0,13,0,0,79,23,55,34,62,77,4,3,1,1,5,0,1,4,2,3,3,5
3,0,13,0,1,62,34,77,90,44,2,5,1,0,3,5,2,3,3,5,2,5,2
29,1,4,1,0,13,23,25,93,42,78,6,3,1,1,2,7,4,4,2,1,1,2
29,1,4,1,1,93,78,42,25,89,32,1,7,2,1,7,2,1,2,1,2,6,1
29,1,4,1,0,9,69,95,93,42,78,6,1,3,1,2,7,1,3,3,1,1,2
29,1,4,1,0,82,23,69,93,42,78,3,3,1,1,2,7,5,4,3,1,1,2
29,1,4,1,1,93,42,78,88,13,31,1,2,7,3,6,6,1,1,2,0,4,4
29,1,4,1,1,90,89,13,15,36,78,3,7,6,1,6,7,2,6,4,3,1,2
29,1,4,1,1,15,36,78,13,42,69,1,6,7,6,2,1,3,1,2,4,1,3
29,1,4,1,1,25,88,9,15,36,78,1,3,6,1,6,7,2,0,1,3,1,2
29,1,4,1,1,15,36,78,13,9,82,1,6,7,6,6,3,3,1,2,4,1,5
29,1,4,1,1,15,78,36,95,9,25,1,7,6,3,6,1,3,2,1,3,1,2
29,1,4,1,1,15,36,78,69,82,24,1,6,7,1,3,1,3,1,2,3,5,2
29,1,4,1,0,15,98,78,25,9,23,1,2,7,1,6,3,3,3,2,2,1,4
29,1,4,1,0,64,82,29,15,98,78,6,3,0,1,2,7,2,5,5,3,3,2
29,1,4,1,0,9,13,90,15,98,78,6,6,3,1,2,7,1,4,2,3,3,2
29,1,4,1,1,32,78,15,72,82,13,2,7,1,3,3,6,1,2,3,4,5,4
29,1,4,1,1,16,23,78,94,9,82,5,3,7,3,6,3,3,4,2,2,1,5
29,1,4,1,0,82,9,36,16,23,78,3,6,6,5,3,7,5,1,1,3,4,2
29,1,4,1,1,16,23,78,13,82,25,5,3,7,6,3,1,3,4,2,4,5,2
29,1,4,1,0,55,89,82,16,23,78,1,7,3,5,3,7,2,6,5,3,4,2
29,1,4,1,0,25,37,13,23,78,16,1,2,6,3,7,5,2,1,4,4,2,3
29,1,4,1,1,16,23,78,89,2,9,5,3,7,7,2,6,3,4,2,6,2,1
29,1,4,1,0,89,82,90,16,23,78,7,3,3,5,3,7,6,5,2,3,4,2
29,1,4,1,1,16,23,78,52,60,9,5,3,7,1,4,6,3,4,2,2,1,1
29,1,4,1,0,94,9,13,16,23,78,3,6,6,5,3,7,2,1,4,3,4,2
29,1,4,1,1,16,23,78,9,69,25,5,3,7,6,1,1,3,4,2,1,3,2
32,1,15,1,1,74,19,46,88,69,2,2,3,6,3,1,2,3,2,5,0,3,2
32,1,15,1,0,36,9,82,46,74,19,6,6,3,6,2,3,1,1,5,5,3,2
32,1,15,1,1,46,74,19,9,10,13,6,2,3,6,2,6,5,3,2,1,1,4
32,1,15,1,0,36,85,60,46,19,74,6,1,4,6,3,2,1,1,1,5,2,3
32,1,15,1,0,82,9,93,46,19,74,3,6,1,6,3,2,5,1,1,5,2,3
32,1,15,1,1,74,19,46,87,13,32,2,3,6,1,6,2,3,2,5,1,4,1
32,1,15,1,1,46,19,74,13,29,9,6,3,2,6,0,6,5,2,3,4,5,1
32,1,15,1,0,94,9,69,46,19,74,3,6,1,6,3,2,2,1,3,5,2,3
32,1,15,1,1,74,46,19,94,9,82,2,6,3,3,6,3,3,5,2,2,1,5
32,1,15,1,0,9,12,69,74,46,19,6,4,1,2,6,3,1,4,3,3,5,2
32,1,15,1,1,74,46,19,69,9,90,2,6,3,1,6,3,3,5,2,3,1,2
32,1,15,1,1,74,46,19,82,13,9,2,6,3,3,6,6,3,5,2,5,4,1
32,1,15,1,1,74,46,19,72,87,58,2,6,3,3,1,2,3,5,2,4,1,3
32,1,15,1,1,46,74,19,23,82,9,6,2,3,3,3,6,5,3,2,4,5,1
32,1,15,1,0,82,61,55,74,46,19,3,4,1,2,6,3,5,1,2,3,5,2
32,1,15,1,0,13,68,82,74,46,19,6,3,3,2,6,3,4,3,5,3,5,2
32,1,15,1,1,74,46,19,82,9,89,2,6,3,3,6,7,3,5,2,5,1,6
22,6,1,4,1,54,9,89,50,87,59,0,6,7,0,1,3,1,1,6,3,1,3
22,6,1,4,0,17,9,89,87,59,50,3,6,7,1,3,0,5,1,6,1,3,3
22,6,1,4,0,9,5,13,50,59,87,6,0,6,0,3,1,1,4,4,3,3,1
22,6,1,4,0,32,69,50,59,45,87,2,1,0,3,6,1,1,3,3,3,1,1
22,6,1,4,0,9,94,89,97,84,59,6,3,7,7,5,3,1,2,6,1,3,3
22,6,1,4,0,9,72,89,97,59,84,6,3,7,7,3,5,1,4,6,1,3,3
19,1,4,1,1,67,74,69,9,37,89,7,2,1,6,2,7,3,3,3,1,1,6
19,1,4,1,0,32,9,23,74,67,69,2,6,3,2,7,1,1,1,4,3,3,3
19,1,4,1,1,6,9,90,74,67,69,4,6,3,2,7,1,1,1,2,3,3,3
19,1,4,1,1,74,67,69,6,13,67,2,7,1,4,6,7,3,3,3,1,4,3
19,1,4,1,1,74,67,69,68,36,16,2,7,1,3,6,5,3,3,3,3,1,3
19,1,4,1,1,74,67,69,65,9,89,2,7,1,1,6,7,3,3,3,3,1,6
19,1,4,1,1,74,67,69,9,89,55,2,7,1,6,7,1,3,3,3,1,6,2
19,1,4,1,0,74,67,69,88,78,9,2,7,1,3,7,6,3,3,3,0,2,1
19,1,4,1,0,24,52,89,74,67,69,1,1,7,2,7,1,2,2,6,3,3,3
19,1,4,1,0,13,9,82,67,69,74,6,6,3,7,1,2,4,1,5,3,3,3
19,1,4,1,1,74,67,69,60,9,13,2,7,1,4,6,6,3,3,3,1,1,4
19,1,4,1,0,9,89,19,67,74,69,6,7,3,7,2,1,1,6,2,3,3,3
19,1,4,1,1,74,67,69,25,82,34,2,7,1,1,3,1,3,3,3,2,5,3
19,1,4,1,0,74,67,69,69,36,9,2,7,1,1,6,6,3,3,3,3,1,1
19,1,4,1,1,74,69,67,23,6,25,2,1,7,3,4,1,3,3,3,4,1,2
19,1,4,1,1,74,67,69,9,29,23,2,7,1,6,0,3,3,3,3,1,5,4
19,1,4,1,1,74,67,69,37,69,82,2,7,1,2,1,3,3,3,3,1,3,5
19,1,4,1,0,10,82,89,74,67,69,2,3,7,2,7,1,1,5,6,3,3,3
19,1,4,1,0,74,69,67,9,10,82,2,1,7,6,2,3,3,3,3,1,1,5
19,1,4,1,0,95,13,7,51,67,69,3,6,4,7,7,1,3,4,1,6,3,3
19,1,4,1,0,89,13,23,67,51,69,7,6,3,7,7,1,6,4,4,3,6,3
19,1,4,1,1,51,69,67,53,89,9,7,1,7,5,7,6,6,3,3,2,6,1
19,1,4,1,1,51,67,74,72,13,73,7,7,2,3,6,7,6,3,3,4,4,3
19,1,4,1,1,51,67,74,23,36,82,7,7,2,3,6,3,6,3,3,4,1,5
19,1,4,1,1,68,9,80,51,67,74,3,6,5,7,7,2,3,1,4,6,3,3
3,0,13,0,1,55,70,17,3,69,38,1,2,3,4,1,2,2,3,5,1,3,3
3,0,13,0,1,51,78,69,70,17,55,7,7,1,2,3,1,6,2,3,3,5,2
3,0,13,0,1,55,70,17,79,82,61,1,2,3,4,3,4,2,3,5,1,5,1
3,0,13,0,0,16,3,25,55,17,70,5,4,1,1,3,2,3,1,2,2,5,3
3,0,13,0,0,23,55,77,70,55,17,3,1,0,2,1,3,4,2,5,3,2,5
3,0,13,0,1,61,82,55,55,70,17,4,3,1,1,2,3,1,5,2,2,3,5
3,0,13,0,1,55,70,17,25,80,69,1,2,3,1,5,1,2,3,5,2,4,3
3,0,13,0,1,55,17,70,16,55,69,1,3,2,5,1,1,2,5,3,3,2,3
3,0,13,0,0,82,61,55,61,55,70,3,4,1,4,1,2,5,1,2,1,2,3
3,0,13,0,0,61,34,71,70,61,55,4,1,4,2,4,1,1,3,1,3,1,2
3,0,13,0,0,51,23,79,55,61,70,7,3,4,1,4,2,6,4,1,2,1,3
3,0,13,0,1,55,61,70,69,62,67,1,4,2,1,5,7,2,1,3,3,3,3
3,0,13,0,1,55,61,70,6,69,82,1,4,2,4,1,3,2,1,3,1,3,5
3,0,13,0,1,61,70,17,10,82,55,4,2,3,2,3,1,1,3,5,1,5,2
3,0,13,0,0,16,89,44,61,70,17,5,7,5,4,2,3,3,6,5,1,3,5
3,0,13,0,1,70,17,61,44,89,16,2,3,4,5,7,5,3,5,1,5,6,3
3,0,13,0,0,55,25,79,61,70,17,1,1,4,4,2,3,2,2,1,1,3,5
3,0,13,0,0,97,90,23,61,17,70,7,3,3,4,3,2,1,2,4,1,5,3
3,0,13,0,0,32,61,79,61,70,17,2,4,4,4,2,3,1,1,1,1,3,5
3,0,13,0,0,44,71,92,17,70,61,5,4,2,3,2,4,5,1,3,5,3,1
3,0,13,0,0,3,80,6,17,55,62,4,5,4,3,1,5,1,4,1,5,2,3
3,0,13,0,0,48,6,61,55,62,17,4,4,4,1,5,3,3,1,1,2,3,5
3,0,13,0,0,17,12,62,6,16,44,3,4,5,4,5,5,5,4,3,1,3,5
3,0,13,0,1,12,17,62,7,44,79,4,3,5,4,5,4,4,5,3,1,5,1
3,0,13,0,0,17,62,71,89,25,79,3,5,4,7,1,4,5,3,1,6,2,1
3,0,13,0,1,7,50,16,23,91,38,4,0,5,3,0,2,1,3,3,4,3,3
3,0,13,0,1,7,50,16,65,23,55,4,0,5,1,3,1,1,3,3,3,4,2
3,0,13,0,0,16,90,3,7,50,16,5,3,4,4,0,5,3,2,1,1,3,3
3,0,13,0,1,7,16,50,61,79,10,4,5,0,4,4,2,1,3,3,1,1,1
3,0,13,0,0,6,23,79,50,16,7,4,3,4,0,5,4,1,4,1,3,3,1
3,0,13,0,0,12,75,40,7,50,16,4,5,7,4,0,5,4,1,3,1,3,3
3,0,13,0,1,7,50,16,23,61,7,4,0,5,3,4,4,1,3,3,4,1,1
3,0,13,0,1,50,16,7,44,50,55,0,5,4,5,0,1,3,3,1,5,3,2
3,0,13,0,0,79,16,78,7,50,16,4,5,7,4,0,5,1,3,2,1,3,3
3,0,13,0,0,79,25,61,7,91,16,4,1,4,4,0,5,1,2,1,1,3,3
3,0,13,0,1,0,91,16,82,79,6,3,0,5,3,4,4,5,3,3,5,1,1
3,0,13,0,1,91,11,7,42,69,55,0,4,4,2,1,1,3,1,1,1,3,2
3,0,13,0,1,71,0,79,81,91,7,4,3,4,3,0,4,1,5,1,3,3,1
3,0,13,0,1,81,91,7,84,71,16,3,0,4,5,4,5,3,3,1,3,1,3
3,0,13,0,0,79,69,9,56,91,7,4,1,6,1,0,4,1,3,1,3,3,1
3,0,13,0,0,79,34,92,0,91,7,4,1,2,3,0,4,1,3,3,5,3,1
3,0,13,0,0,29,16,41,0,91,7,0,5,5,3,0,4,5,3,3,5,3,1
3,0,13,0,1,0,91,7,10,79,23,3,0,4,2,4,3,5,3,1,1,1,4
3,0,13,0,0,41,79,55,0,91,71,5,4,1,3,0,4,3,1,2,5,3,1
22,6,1,4,1,85,51,5,29,13,9,1,7,0,0,6,6,1,6,4,5,4,1
22,6,1,4,1,85,51,5,89,55,9,1,7,0,7,1,6,1,6,4,6,2,1
22,6,1,4,0,56,89,32,85,51,5,1,7,2,1,7,0,3,6,1,1,6,4
22,6,1,4,1,51,24,5,66,9,72,7,1,0,1,6,3,6,2,4,3,1,4
22,6,1,4,0,9,5,25,24,51,5,6,0,1,1,7,0,1,4,2,2,6,4
22,6,1,4,1,24,51,5,9,5,50,1,7,0,6,0,0,2,6,4,1,4,3
22,6,1,4,1,87,51,5,52,87,51,1,7,0,1,1,7,1,6,4,2,1,6
22,6,1,4,1,87,5,51,2,72,45,1,0,7,2,3,6,1,4,6,2,4,1
22,6,1,4,1,52,51,5,30,50,9,1,7,0,1,0,6,2,6,4,1,3,1
22,6,1,4,0,13,51,65,52,51,5,6,7,1,1,7,0,4,6,3,2,6,4
22,6,1,4,1,51,5,52,19,89,13,7,0,1,3,7,6,6,4,2,2,6,4
22,6,1,4,0,9,54,53,52,51,5,6,0,5,1,7,0,1,1,2,2,6,4
22,6,1,4,1,85,5,51,9,69,50,1,0,7,6,1,0,1,4,6,1,3,3
22,6,1,4,0,66,95,6,69,9,89,1,3,4,1,6,7,3,3,1,3,1,6
22,6,1,4,1,6,95,5,89,82,46,4,3,0,7,3,6,1,3,4,6,5,5
22,6,1,4,1,95,6,5,89,9,52,3,4,0,7,6,1,3,1,4,6,1,2
22,6,1,4,0,45,15,93,95,6,5,6,1,1,3,4,0,1,3,1,3,1,4
22,6,1,4,0,13,94,24,5,6,95,6,3,1,0,4,3,4,2,2,4,1,3
22,6,1,4,1,95,6,5,55,90,88,3,4,0,1,3,3,3,1,4,2,2,0
22,6,1,4,0,89,17,9,95,6,94,7,3,6,3,4,3,6,5,1,3,1,2
22,6,1,4,1,6,95,94,9,19,36,4,3,3,6,3,6,1,3,2,1,2,1
22,6,1,4,1,94,6,95,89,39,81,3,4,3,7,7,3,2,1,3,6,3,3
22,6,1,4,0,23,56,29,94,95,6,3,1,0,3,3,4,4,3,5,2,3,1
22,6,1,4,1,94,95,6,5,25,9,3,3,4,0,1,6,2,3,1,4,2,1
22,6,1,4,1,95,94,6,74,9,5,3,3,4,2,6,0,3,2,1,3,1,4
32,1,15,1,1,13,74,32,89,9,24,6,2,2,7,6,1,4,3,1,6,1,2
32,1,15,1,0,9,89,42,13,32,74,6,7,2,6,2,2,1,6,1,4,1,3
32,1,15,1,1,13,32,74,13,69,9,6,2,2,6,1,6,4,1,3,4,3,1
32,1,15,1,1,13,74,32,26,91,54,6,2,2,6,0,0,4,3,1,5,3,1
32,1,15,1,1,32,13,89,13,32,74,2,6,7,6,2,2,1,4,6,4,1,3
32,1,15,1,1,89,9,13,13,32,74,7,6,6,6,2,2,6,1,4,4,1,3
32,1,15,1,1,82,31,9,13,32,74,3,6,6,6,2,2,5,4,1,4,1,3
32,1,15,1,0,77,94,88,23,9,13,0,3,3,3,6,6,5,2,0,4,1,4
32,1,15,1,0,15,9,89,77,94,88,1,6,7,0,3,3,3,1,6,5,2,0
32,1,15,1,0,69,15,19,49,94,88,1,1,3,2,3,3,3,3,2,5,2,0
4,7,2,5,0,25,89,10,69,90,12,1,7,2,1,3,4,2,6,1,3,2,4
4,7,2,5,0,55,91,10,69,17,12,1,0,2,1,3,4,2,3,1,3,5,4
4,7,2,5,0,93,60,76,69,17,12,1,4,3,1,3,4,1,1,1,3,5,4
4,7,2,5,1,69,17,12,25,49,91,1,3,4,1,2,0,3,5,4,2,5,3
32,1,15,1,1,9,36,69,82,84,88,6,6,1,3,5,3,1,1,3,5,3,0
32,1,15,1,1,84,88,82,13,82,89,5,3,3,6,3,7,3,0,5,4,5,6
22,6,1,4,0,51,24,98,9,89,8,7,1,2,6,7,5,6,2,3,1,6,1
22,6,1,4,0,51,98,45,55,87,50,7,2,6,1,1,0,6,3,1,2,1,3
32,1,15,1,0,72,6,82,74,82,88,3,4,3,2,3,3,4,1,5,3,5,0
4,7,2,5,0,79,90,71,81,44,12,4,3,4,3,5,4,1,2,1,3,5,4
4,7,2,5,1,79,81,12,44,56,55,4,3,4,5,1,1,1,3,4,5,3,2
4,7,2,5,0,41,27,10,79,81,12,5,5,2,4,3,4,3,3,1,1,3,4
4,7,2,5,1,23,25,36,81,56,12,3,1,6,3,1,4,4,2,1,3,3,4
32,1,15,1,1,25,13,32,69,82,25,1,6,2,1,3,1,2,4,1,3,5,2
32,1,15,1,1,19,40,82,90,30,36,3,7,3,3,1,6,2,3,5,2,1,1
32,1,15,1,1,74,83,82,82,81,9,2,6,3,3,3,6,3,4,5,5,3,1
32,1,15,1,1,82,81,23,28,87,19,3,3,3,6,1,3,5,3,4,2,1,2
32,1,15,1,1,46,94,28,9,74,13,6,3,6,6,2,6,5,2,2,1,3,4
32,1,15,1,0,4,82,9,90,42,13,6,3,6,3,2,6,1,5,1,2,1,4
32,1,15,1,1,9,82,95,29,25,4,6,3,3,0,1,6,1,5,3,5,2,1
32,1,15,1,1,82,95,4,82,94,24,3,3,6,3,3,1,5,3,1,5,2,2
32,1,15,1,0,69,95,8,88,81,32,1,3,5,3,3,2,3,3,1,0,3,1
32,1,15,1,1,74,13,89,9,8,36,2,6,7,6,5,6,3,4,6,1,1,1
32,1,15,1,1,8,87,32,48,15,13,5,1,2,4,1,6,1,1,1,3,3,4
32,1,15,1,0,9,82,8,46,82,13,6,3,5,6,3,6,1,5,1,5,5,4
32,1,15,1,1,82,9,8,23,52,81,3,6,5,3,1,3,5,1,1,4,2,3
32,1,15,1,0,89,42,46,46,69,8,7,2,6,6,1,5,6,1,5,5,3,1
4,7,2,5,1,44,90,16,9,14,73,5,3,5,6,6,7,5,2,3,1,3,3
4,7,2,5,0,89,69,40,25,44,32,7,1,7,1,5,2,6,3,3,2,5,1
32,1,15,1,0,23,4,49,9,82,89,3,6,2,6,3,7,4,1,5,1,5,6
32,1,15,1,0,13,89,51,23,4,9,6,7,7,3,6,6,4,6,6,4,1,1
32,1,15,1,1,23,90,4,12,9,15,3,3,6,4,6,1,4,2,1,4,1,3
22,6,1,4,1,45,8,32,81,24,66,6,5,2,3,1,1,1,1,1,3,2,3
22,6,1,4,0,87,52,66,9,66,89,1,1,1,6,1,7,1,2,3,1,3,6
32,1,15,1,1,32,92,97,9,69,13,2,2,7,6,1,6,1,3,1,1,3,4
32,1,15,1,1,32,74,97,9,82,89,2,2,7,6,3,7,1,3,1,1,5,6
32,1,15,1,0,19,82,9,74,97,32,3,3,6,2,7,2,2,5,1,3,1,1
32,1,15,1,0,82,9,13,32,97,74,3,6,6,2,7,2,5,1,4,1,1,3
32,1,15,1,0,31,82,9,32,15,74,6,3,6,2,1,2,4,5,1,1,3,3
32,1,15,1,1,32,74,15,82,9,42,2,2,1,3,6,2,1,3,3,5,1,1
32,1,15,1,1,32,74,15,82,13,72,2,2,1,3,6,3,1,3,3,5,4,4
32,1,15,1,1,32,74,15,82,13,9,2,2,1,3,6,6,1,3,3,5,4,1
32,1,15,1,1,32,74,15,82,9,69,2,2,1,3,6,1,1,3,3,5,1,3
32,1,15,1,1,74,32,15,13,83,9,2,2,1,6,6,6,3,1,3,4,4,1
32,1,15,1,0,13,69,9,32,74,15,6,1,6,2,2,1,4,3,1,1,3,3
32,1,15,1,0,13,42,9,32,74,15,6,2,6,2,2,1,4,1,1,1,3,3
32,1,15,1,0,80,9,13,74,15,32,5,6,6,2,1,2,4,1,4,3,3,1
32,1,15,1,0,89,32,9,32,74,15,7,2,6,2,2,1,6,1,1,1,3,3
32,1,15,1,0,25,82,13,74,15,32,1,3,6,2,1,2,2,5,4,3,3,1
32,1,15,1,0,84,90,89,74,32,15,5,3,7,2,2,1,3,2,6,3,1,3
32,1,15,1,1,74,15,32,9,17,13,2,1,2,6,3,6,3,3,1,1,5,4
32,1,15,1,0,13,95,97,32,15,74,6,3,7,2,1,2,4,3,1,1,3,3
32,1,15,1,0,9,69,13,89,94,82,6,1,6,7,3,3,1,3,4,6,2,5
32,1,15,1,1,89,94,82,46,9,82,7,3,3,6,6,3,6,2,5,5,1,5
32,1,15,1,0,82,89,13,89,94,82,3,7,6,7,3,3,5,6,4,6,2,5
32,1,15,1,1,82,94,89,23,82,89,3,3,7,3,3,7,5,2,6,4,5,6
32,1,15,1,1,89,94,82,82,13,9,7,3,3,3,6,6,6,2,5,5,4,1
32,1,15,1,0,13,72,82,89,82,94,6,3,3,7,3,3,4,4,5,6,5,2
32,1,15,1,1,94,89,82,69,24,13,3,7,3,1,1,6,2,6,5,3,2,4
32,1,15,1,0,82,13,9,89,82,94,3,6,6,7,3,3,5,4,1,6,5,2
32,1,15,1,0,72,9,13,89,82,94,3,6,6,7,3,3,4,1,4,6,5,2
32,1,15,1,1,89,94,82,82,13,32,7,3,3,3,6,2,6,2,5,5,4,1
32,1,15,1,1,89,82,94,9,93,82,7,3,3,6,1,3,6,5,2,1,1,5
32,1,15,1,1,89,94,69,13,69,9,7,3,1,6,1,6,6,2,3,4,3,1
32,1,15,1,1,9,13,89,10,4,95,6,6,7,2,6,3,1,4,6,1,1,3
4,7,2,5,0,16,61,79,61,55,17,5,4,4,4,1,3,3,1,1,1,2,5
4,7,2,5,0,16,73,79,12,92,25,5,7,4,4,2,1,3,3,1,4,3,2
4,7,2,5,0,14,67,74,16,73,79,6,7,2,5,7,4,3,3,3,3,3,1
32,1,15,1,0,82,6,95,32,86,68,3,4,3,2,2,3,5,1,3,1,2,3
32,1,15,1,1,13,59,27,82,95,6,6,3,5,3,3,4,4,3,3,5,3,1
32,1,15,1,1,82,6,95,13,89,82,3,4,3,6,7,3,5,1,3,4,6,5
32,1,15,1,0,9,94,69,82,6,95,6,3,1,3,4,3,1,2,3,5,1,3
22,6,1,4,0,52,66,89,50,52,81,1,1,7,0,1,3,2,3,6,3,2,3
22,6,1,4,0,89,9,29,81,50,52,7,6,0,3,0,1,6,1,5,3,3,2
22,6,1,4,1,50,52,81,29,66,9,0,1,3,0,1,6,3,2,3,5,3,1
32,1,15,1,0,69,41,85,89,13,9,1,5,1,7,6,6,3,3,1,6,4,1
32,1,15,1,1,69,41,85,13,88,19,1,5,1,6,3,3,3,3,1,4,0,2
32,1,15,1,0,24,13,9,36,31,69,1,6,6,6,6,1,2,4,1,1,4,3
32,1,15,1,1,83,36,31,46,36,82,6,6,6,6,6,3,4,1,4,5,1,5
32,1,15,1,0,9,69,23,36,83,31,6,1,3,6,6,6,1,3,4,1,4,4
32,1,15,1,0,36,31,83,87,90,82,6,6,6,1,3,3,1,4,4,1,2,5
32,1,15,1,1,36,83,31,94,82,55,6,6,6,3,3,1,1,4,4,2,5,2
32,1,15,1,1,83,36,31,82,69,27,6,6,6,3,1,5,4,1,4,5,3,3
32,1,15,1,1,36,31,83,9,82,13,6,6,6,6,3,6,1,4,4,1,5,4
32,1,15,1,1,36,31,83,9,60,29,6,6,6,6,4,0,1,4,4,1,1,5
32,1,15,1,0,36,63,31,58,88,72,6,7,6,2,3,3,1,1,4,3,0,4
32,1,15,1,0,82,42,95,36,63,31,3,2,3,6,7,6,5,1,3,1,1,4
32,1,15,1,0,13,9,82,63,36,31,6,6,3,7,6,6,4,1,5,1,1,4
32,1,15,1,1,36,31,63,82,23,13,6,6,7,3,3,6,1,4,1,5,4,4
32,1,15,1,0,13,24,82,69,63,31,6,1,3,1,7,6,4,2,5,3,1,4
32,1,15,1,0,23,9,32,69,63,31,3,6,2,1,7,6,4,1,1,3,1,4
32,1,15,1,0,10,23,64,69,63,31,2,3,6,1,7,6,1,4,2,3,1,4
32,1,15,1,1,36,63,31,82,60,9,6,7,6,3,4,6,1,1,4,5,1,1
32,1,15,1,0,32,25,82,36,63,31,2,1,3,6,7,6,1,2,5,1,1,4
32,1,15,1,1,36,63,31,13,15,17,6,7,6,6,1,3,1,1,4,4,3,5
32,1,15,1,0,13,82,9,36,63,31,6,3,6,6,7,6,4,5,1,1,1,4
32,1,15,1,1,36,31,63,23,9,82,6,6,7,3,6,3,1,4,1,4,1,5
32,1,15,1,1,36,63,31,13,19,6,6,7,6,6,3,4,1,1,4,4,2,1
32,1,15,1,0,1,47,82,91,13,6,7,7,3,0,6,4,3,3,5,3,4,1
4,7,2,5,0,27,53,10,81,44,12,5,5,2,3,5,4,3,2,1,3,5,4
28,2,9,1,1,34,6,65,30,69,82,1,4,1,1,1,3,3,1,3,1,3,5
28,2,9,1,0,34,55,32,55,67,82,1,1,2,1,7,3,3,2,1,2,3,5
28,2,9,1,1,77,32,7,90,25,23,0,2,4,3,1,3,5,1,1,2,2,4
28,2,9,1,1,55,7,34,26,61,44,1,4,1,6,4,5,2,1,3,5,1,5
28,2,9,1,1,55,32,7,96,89,69,1,2,4,0,7,1,2,1,1,5,6,3
28,2,9,1,1,59,55,32,23,62,89,3,1,2,3,5,7,3,2,1,4,3,6
28,2,9,1,0,23,43,61,34,55,59,3,0,4,1,1,3,4,1,1,3,2,3
28,2,9,1,1,34,55,59,9,82,69,1,1,3,6,3,1,3,2,3,1,5,3
4,7,2,5,1,25,16,48,61,30,77,1,5,4,4,1,0,2,3,3,1,1,5
4,7,2,5,0,30,38,43,89,32,90,1,2,0,7,2,3,1,3,1,6,1,2
4,7,2,5,0,98,12,53,79,16,70,2,4,5,4,5,2,3,4,2,1,3,3
4,7,2,5,1,98,53,12,44,86,79,2,5,4,5,2,4,3,2,4,5,2,1
32,1,15,1,0,98,78,31,69,22,9,2,7,6,1,3,6,3,2,4,3,1,1
32,1,15,1,1,98,78,15,9,13,82,2,7,1,6,6,3,3,2,3,1,4,5
32,1,15,1,1,89,82,9,98,78,15,7,3,6,2,7,1,6,5,1,3,2,3
32,1,15,1,0,9,13,89,98,15,78,6,6,7,2,1,7,1,4,6,3,3,2
32,1,15,1,0,29,9,19,98,78,15,0,6,3,2,7,1,5,1,2,3,2,3
32,1,15,1,0,13,89,25,78,98,15,6,7,1,7,2,1,4,6,2,2,3,3
32,1,15,1,0,90,82,13,11,82,44,3,3,6,4,3,5,2,5,4,1,5,5
3,0,13,0,1,44,11,90,25,79,11,5,4,3,1,4,4,5,1,2,2,1,1
3,0,13,0,0,96,78,61,11,90,82,0,7,4,4,3,3,5,2,1,1,2,5
3,0,13,0,0,69,7,23,90,11,55,1,4,3,3,4,1,3,1,4,2,1,2
32,1,15,1,1,98,78,32,9,82,88,2,7,2,6,3,3,3,2,1,1,5,0
32,1,15,1,0,13,9,36,98,74,36,6,6,6,2,2,6,4,1,1,3,3,1
32,1,15,1,0,90,89,9,98,74,36,3,7,6,2,2,6,2,6,1,3,3,1
32,1,15,1,0,9,36,24,98,36,74,6,6,1,2,6,2,1,1,2,3,1,3
32,1,15,1,0,94,82,89,98,74,36,3,3,7,2,2,6,2,5,6,3,3,1
32,1,15,1,0,25,13,9,36,98,74,1,6,6,6,2,2,2,4,1,1,3,3
32,1,15,1,1,74,36,98,9,82,13,2,6,2,6,3,6,3,1,3,1,5,4
32,1,15,1,1,74,36,98,6,9,89,2,6,2,4,6,7,3,1,3,1,1,6
32,1,15,1,0,9,88,13,98,74,36,6,3,6,2,2,6,1,0,4,3,3,1
32,1,15,1,1,98,74,36,34,9,36,2,2,6,1,6,6,3,3,1,3,1,1
3,0,13,0,1,78,69,67,79,16,12,7,1,7,4,5,4,2,3,3,1,3,4
3,0,13,0,0,69,61,56,12,79,16,1,4,1,4,4,5,3,1,3,4,1,3
3,0,13,0,0,79,12,16,43,79,12,4,4,5,0,4,4,1,4,3,1,1,4
3,0,13,0,1,61,79,12,96,25,23,4,4,4,0,1,3,1,1,4,5,2,4
4,7,2,5,0,41,79,30,17,89,71,5,4,1,3,7,4,3,1,1,5,6,1
4,7,2,5,0,43,78,61,79,30,41,0,7,4,4,1,5,1,2,1,1,1,3
4,7,2,5,0,93,69,56,41,30,79,1,1,1,5,1,4,1,3,3,3,1,1
4,7,2,5,0,89,79,69,41,44,30,7,4,1,5,5,1,6,1,3,3,5,1
4,7,2,5,1,41,44,30,79,25,43,5,5,1,4,1,0,3,5,1,1,2,1
4,7,2,5,1,41,44,30,79,55,23,5,5,1,4,1,3,3,5,1,1,2,4
4,7,2,5,0,82,89,34,1,44,30,3,7,1,7,5,1,5,6,3,3,5,1
32,1,15,1,1,6,32,15,25,13,82,4,2,1,1,6,3,1,1,3,2,4,5
32,1,15,1,1,13,89,90,19,72,62,6,7,3,3,3,5,4,6,2,2,4,3
32,1,15,1,0,88,58,19,93,6,25,3,2,3,1,4,1,0,3,2,1,1,2
32,1,15,1,1,19,88,58,89,13,82,3,3,2,7,6,3,2,0,3,6,4,5
32,1,15,1,0,9,82,30,19,88,58,6,3,1,3,3,2,1,5,1,2,0,3
32,1,15,1,0,82,9,13,19,88,58,3,6,6,3,3,2,5,1,4,2,0,3
32,1,15,1,0,82,13,89,19,88,58,3,6,7,3,3,2,5,4,6,2,0,3
32,1,15,1,0,42,24,9,19,88,58,2,1,6,3,3,2,1,2,1,2,0,3
32,1,15,1,1,19,88,58,9,82,13,3,3,2,6,3,6,2,0,3,1,5,4
32,1,15,1,1,19,88,58,9,82,13,3,3,2,6,3,6,2,0,3,1,5,4
32,1,15,1,1,13,26,82,31,19,58,6,6,3,6,3,2,4,5,5,4,2,3
23,5,8,3,1,29,72,9,89,9,25,0,3,6,7,6,1,5,4,1,6,1,2
23,5,8,3,1,29,72,9,13,89,9,0,3,6,6,7,6,5,4,1,4,6,1
23,5,8,3,1,72,9,29,13,24,25,3,6,0,6,1,1,4,1,5,4,2,2
23,5,8,3,0,81,51,13,29,72,9,3,7,6,0,3,6,3,6,4,5,4,1
23,5,8,3,1,9,72,29,89,72,13,6,3,0,7,3,6,1,4,5,6,4,4
23,5,8,3,1,72,9,29,9,23,13,3,6,0,6,3,6,4,1,5,1,4,4
23,5,8,3,1,72,9,29,9,12,89,3,6,0,6,4,7,4,1,5,1,4,6
23,5,8,3,0,29,90,9,9,72,13,0,3,6,6,3,6,5,2,1,1,4,4
23,5,8,3,1,29,90,9,89,23,29,0,3,6,7,3,0,5,2,1,6,4,5
23,5,8,3,1,29,9,90,13,9,90,0,6,3,6,6,3,5,1,2,4,1,2
23,5,8,3,0,65,72,90,29,9,90,1,3,3,0,6,3,3,4,2,5,1,2
23,5,8,3,0,26,89,9,29,90,9,6,7,6,0,3,6,5,6,1,5,2,1
4,7,2,5,1,55,78,23,12,7,43,1,7,3,4,4,0,2,2,4,4,1,1
32,1,15,1,0,94,88,6,82,13,9,3,3,4,3,6,6,2,0,1,5,4,1
32,1,15,1,0,13,9,69,94,6,88,6,6,1,3,4,3,4,1,3,2,1,0
32,1,15,1,0,13,9,82,25,23,6,6,6,3,1,3,4,4,1,5,2,4,1
32,1,15,1,1,25,23,6,89,68,9,1,3,4,7,3,6,2,4,1,6,3,1
32,1,15,1,0,13,9,36,25,23,6,6,6,6,1,3,4,4,1,1,2,4,1
32,1,15,1,0,58,13,9,25,23,6,2,6,6,1,3,4,3,4,1,2,4,1
32,1,15,1,0,89,24,13,23,25,6,7,1,6,3,1,4,6,2,4,4,2,1
32,1,15,1,1,25,23,6,25,13,9,1,3,4,1,6,6,2,4,1,2,4,1
32,1,15,1,0,9,24,13,25,23,6,6,1,6,1,3,4,1,2,4,2,4,1
32,1,15,1,0,13,82,89,25,23,6,6,3,7,1,3,4,4,5,6,2,4,1
32,1,15,1,0,13,89,9,25,23,6,6,7,6,1,3,4,4,6,1,2,4,1
32,1,15,1,1,25,69,89,45,82,89,1,1,7,6,3,7,2,3,6,1,5,6
32,1,15,1,0,45,82,89,82,6,9,6,3,7,3,4,6,1,5,6,5,1,1
32,1,15,1,1,45,82,89,23,89,72,6,3,7,3,7,3,1,5,6,4,6,4
32,1,15,1,1,89,82,45,9,23,89,7,3,6,6,3,7,6,5,1,1,4,6
32,1,15,1,0,13,89,25,45,82,89,6,7,1,6,3,7,4,6,2,1,5,6
32,1,15,1,1,45,89,82,4,25,29,6,7,3,6,1,0,1,6,5,1,2,5
32,1,15,1,0,60,89,82,45,82,89,4,7,3,6,3,7,1,6,5,1,5,6
32,1,15,1,0,6,82,9,45,82,89,4,3,6,6,3,7,1,5,1,1,5,6
32,1,15,1,0,45,89,82,25,82,89,6,7,3,1,3,7,1,6,5,2,5,6
32,1,15,1,1,45,89,82,82,88,89,6,7,3,3,3,7,1,6,5,5,0,6
32,1,15,1,1,25,99,82,82,45,89,1,7,3,3,6,7,2,3,5,5,1,6
32,1,15,1,0,45,6,89,25,9,82,6,4,7,1,6,3,1,1,6,2,1,5
32,1,15,1,0,13,82,69,6,45,89,6,3,1,4,6,7,4,5,3,1,1,6
32,1,15,1,1,45,6,89,25,89,23,6,4,7,1,7,3,1,1,6,2,6,4
4,7,2,5,1,6,55,25,44,76,12,4,1,1,5,3,4,1,2,2,5,1,4
4,7,2,5,1,44,12,76,96,19,79,5,4,3,0,3,4,5,4,1,5,2,1
22,6,1,4,0,69,89,25,82,97,5,1,7,1,3,7,0,3,6,2,5,1,4
22,6,1,4,1,82,97,5,27,90,9,3,7,0,5,3,6,5,1,4,3,2,1
22,6,1,4,0,87,24,89,82,5,97,1,1,7,3,0,7,1,2,6,5,4,1
22,6,1,4,1,82,5,97,27,80,15,3,0,7,5,5,1,5,4,1,3,4,3
22,6,1,4,0,89,52,24,82,97,5,7,1,1,3,7,0,6,2,2,5,1,4
22,6,1,4,1,97,5,82,13,90,20,7,0,3,6,3,3,1,4,5,4,2,3
22,6,1,4,1,82,97,5,89,5,77,3,7,0,7,0,0,5,1,4,6,4,5
22,6,1,4,0,54,9,89,82,97,5,0,6,7,3,7,0,1,1,6,5,1,4
22,6,1,4,0,96,32,8,82,97,5,0,2,5,3,7,0,5,1,1,5,1,4
22,6,1,4,0,13,89,37,82,5,97,6,7,2,3,0,7,4,6,1,5,4,1
22,6,1,4,0,69,9,24,5,82,97,1,6,1,0,3,7,3,1,2,4,5,1
22,6,1,4,1,97,82,5,1,48,56,7,3,0,7,4,1,1,5,4,3,3,3
22,6,1,4,0,9,34,27,5,97,82,6,1,5,0,7,3,1,3,3,4,1,5
22,6,1,4,1,82,97,5,8,66,89,3,7,0,5,1,7,5,1,4,1,3,6
22,6,1,4,1,82,97,5,27,30,69,3,7,0,5,1,1,5,1,4,3,1,3
3,0,13,0,1,7,1,44,88,69,78,4,7,5,3,1,7,1,3,5,0,3,2
3,0,13,0,0,12,69,78,55,6,69,4,1,7,1,4,1,4,3,2,2,1,3
3,0,13,0,1,12,69,78,12,90,69,4,1,7,4,3,1,4,3,2,4,2,3
3,0,13,0,1,69,78,12,3,69,33,1,7,4,4,1,3,3,2,4,1,3,3
3,0,13,0,0,69,96,16,12,69,78,1,0,5,4,1,7,3,5,3,4,3,2
3,0,13,0,0,16,17,89,12,69,78,5,3,7,4,1,7,3,5,6,4,3,2
3,0,13,0,0,25,96,11,44,69,78,1,0,4,5,1,7,2,5,1,5,3,2
3,0,13,0,0,69,61,55,69,44,78,1,4,1,1,5,7,3,1,2,3,5,2
3,0,13,0,0,89,78,69,44,69,78,7,7,1,5,1,7,6,2,3,5,3,2
3,0,13,0,1,69,78,40,55,82,69,1,7,7,1,3,1,3,2,3,2,5,3
3,0,13,0,0,78,69,27,78,69,40,7,1,5,7,1,7,2,3,3,2,3,3
3,0,13,0,1,78,69,40,25,99,84,7,1,7,1,7,5,2,3,3,2,3,3
3,0,13,0,1,40,69,78,34,38,25,7,1,7,1,2,1,3,3,2,3,3,2
3,0,13,0,0,44,40,89,78,69,40,5,7,7,7,1,7,5,3,6,2,3,3
3,0,13,0,1,78,69,40,3,92,69,7,1,7,4,2,1,2,3,3,1,3,3
3,0,13,0,0,41,34,69,76,40,23,5,1,1,3,7,3,3,3,3,1,3,4
3,0,13,0,0,82,25,23,69,34,41,3,1,3,1,1,5,5,2,4,3,3,3
3,0,13,0,1,34,69,41,36,19,71,1,1,5,6,3,4,3,3,3,1,2,1
3,0,13,0,1,82,55,12,16,99,69,3,1,4,5,7,1,5,2,4,3,3,3
3,0,13,0,1,16,69,99,71,79,55,5,1,7,4,4,1,3,3,3,1,1,2
3,0,13,0,0,79,30,3,16,88,99,4,1,4,5,3,7,1,1,1,3,0,3
32,1,15,1,1,88,69,25,89,32,69,3,1,1,7,2,1,0,3,2,6,1,3
32,1,15,1,1,88,69,25,31,68,9,3,1,1,6,3,6,0,3,2,4,3,1
32,1,15,1,1,25,88,69,89,34,9,1,3,1,7,1,6,2,0,3,6,3,1
32,1,15,1,1,82,92,13,88,69,25,3,2,6,3,1,1,5,3,4,0,3,2
32,1,15,1,0,13,89,9,23,42,22,6,7,6,3,2,3,4,6,1,4,1,1
32,1,15,1,0,9,89,87,23,22,42,6,7,1,3,3,2,1,6,1,4,1,1
32,1,15,1,0,24,69,88,23,22,42,1,1,3,3,3,2,2,3,0,4,1,1
32,1,15,1,0,9,95,24,23,22,42,6,3,1,3,3,2,1,3,2,4,1,1
32,1,15,1,0,23,13,36,22,23,42,3,6,6,3,3,2,4,4,1,1,4,1
32,1,15,1,0,9,90,88,23,42,22,6,3,3,3,2,3,1,2,0,4,1,1
32,1,15,1,0,89,13,25,23,42,22,7,6,1,3,2,3,6,4,2,4,1,1
32,1,15,1,1,23,42,22,88,46,82,3,2,3,3,6,3,4,1,1,0,5,5
32,1,15,1,1,23,22,42,89,82,24,3,3,2,7,3,1,4,1,1,6,5,2
32,1,15,1,1,23,22,42,13,82,94,3,3,2,6,3,3,4,1,1,4,5,2
32,1,15,1,0,9,90,13,23,42,22,6,3,6,3,2,3,1,2,4,4,1,1
32,1,15,1,1,42,22,23,9,37,86,2,3,3,6,2,2,1,1,4,1,1,2
32,1,15,1,1,23,22,42,69,90,9,3,3,2,1,3,6,4,1,1,3,2,1
32,1,15,1,1,42,22,23,9,82,42,2,3,3,6,3,2,1,1,4,1,5,1
32,1,15,1,0,9,13,15,23,42,22,6,6,1,3,2,3,1,4,3,4,1,1
32,1,15,1,1,23,42,22,13,82,9,3,2,3,6,3,6,4,1,1,4,5,1
32,1,15,1,0,86,82,36,23,42,22,2,3,6,3,2,3,2,5,1,4,1,1
32,1,15,1,1,42,22,23,42,9,23,2,3,3,2,6,3,1,1,4,1,1,4
32,1,15,1,0,69,94,13,42,23,22,1,3,6,2,3,3,3,2,4,1,4,1
32,1,15,1,1,22,42,23,31,9,17,3,2,3,6,6,3,1,1,4,4,1,5
32,1,15,1,1,23,22,42,72,9,82,3,3,2,3,6,3,4,1,1,4,1,5
32,1,15,1,0,89,82,9,23,42,22,7,3,6,3,2,3,6,5,1,4,1,1
32,1,15,1,0,13,9,82,23,22,42,6,6,3,3,3,2,4,1,5,4,1,1
32,1,15,1,1,23,42,22,9,13,25,3,2,3,6,6,1,4,1,1,1,4,2
32,1,15,1,0,89,69,13,22,23,42,7,1,6,3,3,2,6,3,4,1,4,1
32,1,15,1,0,13,29,9,21,84,74,6,0,6,3,5,2,4,5,1,3,3,3
32,1,15,1,0,82,29,27,21,74,84,3,0,5,3,2,5,5,5,3,3,3,3
32,1,15,1,1,21,84,74,13,9,82,3,5,2,6,6,3,3,3,3,4,1,5
32,1,15,1,0,13,23,89,84,6,46,6,3,7,5,4,6,4,4,6,3,1,5
32,1,15,1,0,9,90,69,6,46,84,6,3,1,4,6,5,1,2,3,1,5,3
32,1,15,1,0,69,9,13,84,46,6,1,6,6,5,6,4,3,1,4,3,5,1
32,1,15,1,0,9,31,82,6,46,84,6,6,3,4,6,5,1,4,5,1,5,3
32,1,15,1,1,84,6,46,10,13,9,5,4,6,2,6,6,3,1,5,1,4,1
32,1,15,1,1,6,46,84,13,58,9,4,6,5,6,2,6,1,5,3,4,3,1
32,1,15,1,0,82,46,69,6,84,46,3,6,1,4,5,6,5,5,3,1,3,5
32,1,15,1,1,84,6,46,94,88,14,5,4,6,3,3,6,3,1,5,2,0,3
32,1,15,1,0,25,89,82,6,84,46,1,7,3,4,5,6,2,6,5,1,3,5
32,1,15,1,1,84,46,6,25,9,82,5,6,4,1,6,3,3,5,1,2,1,5
32,1,15,1,1,84,6,46,9,94,13,5,4,6,6,3,6,3,1,5,1,2,4
32,1,15,1,0,34,82,90,46,84,6,1,3,3,6,5,4,3,5,2,5,3,1
32,1,15,1,1,84,6,46,46,49,9,5,4,6,6,2,6,3,1,5,5,5,1
32,1,15,1,1,84,6,46,94,25,13,5,4,6,3,1,6,3,1,5,2,2,4
32,1,15,1,0,9,90,13,84,6,46,6,3,6,5,4,6,1,2,4,3,1,5
32,1,15,1,1,84,6,46,9,94,89,5,4,6,6,3,7,3,1,5,1,2,6
32,1,15,1,0,69,23,13,84,6,46,1,3,6,5,4,6,3,4,4,3,1,5
32,1,15,1,1,84,46,6,36,69,82,5,6,4,6,1,3,3,5,1,1,3,5
32,1,15,1,0,9,13,93,84,6,46,6,6,1,5,4,6,1,4,1,3,1,5
32,1,15,1,1,84,6,46,46,34,9,5,4,6,6,1,6,3,1,5,5,3,1
32,1,15,1,1,6,46,84,25,89,69,4,6,5,1,7,1,1,5,3,2,6,3
32,1,15,1,1,84,6,46,9,42,82,5,4,6,6,2,3,3,1,5,1,1,5
3,0,13,0,1,73,47,55,61,79,93,7,7,1,4,4,1,3,3,2,1,1,1
3,0,13,0,1,73,47,55,77,44,23,7,7,1,0,5,3,3,3,2,5,5,4
3,0,13,0,0,7,48,69,73,47,55,4,4,1,7,7,1,1,3,3,3,3,2
3,0,13,0,0,78,55,89,73,47,55,7,1,7,7,7,1,2,2,6,3,3,2
3,0,13,0,1,73,47,55,78,12,0,7,7,1,7,4,3,3,3,2,2,4,5
3,0,13,0,0,69,35,12,47,55,73,1,7,4,7,1,7,3,3,4,3,2,3
3,0,13,0,1,73,47,55,69,78,61,7,7,1,1,7,4,3,3,2,3,2,1
3,0,13,0,1,12,79,71,73,55,11,4,4,4,7,1,4,4,1,1,3,2,1
3,0,13,0,0,16,79,61,73,11,55,5,4,4,7,4,1,3,1,1,3,1,2
3,0,13,0,1,12,55,79,11,73,25,4,1,4,4,7,1,4,2,1,1,3,2
3,0,13,0,1,55,43,25,79,23,44,1,0,1,4,3,5,2,1,2,1,4,5
3,0,13,0,1,43,25,55,94,82,69,0,1,1,3,3,1,1,2,2,2,5,3
3,0,13,0,1,25,55,41,55,25,43,1,1,5,1,1,0,2,2,3,2,2,1
3,0,13,0,1,55,25,43,61,82,12,1,1,0,4,3,4,2,2,1,1,5,4
3,0,13,0,1,55,25,43,34,10,71,1,1,0,1,2,4,2,2,1,3,1,1
3,0,13,0,1,55,43,25,79,16,11,1,0,1,4,5,4,2,1,2,1,3,1
3,0,13,0,0,61,0,71,25,43,55,4,3,4,1,0,1,1,5,1,2,1,2
3,0,13,0,1,43,12,55,16,61,89,0,4,1,5,4,7,1,4,2,3,1,6
3,0,13,0,1,12,43,55,78,89,69,4,0,1,7,7,1,4,1,2,2,6,3
3,0,13,0,0,79,82,69,12,43,55,4,3,1,4,0,1,1,5,3,4,1,2
3,0,13,0,1,55,43,12,34,79,61,1,0,4,1,4,4,2,1,4,3,1,1
3,0,13,0,0,7,92,16,55,43,12,4,2,5,1,0,4,1,3,3,2,1,4
3,0,13,0,1,55,43,12,61,79,80,1,0,4,4,4,5,2,1,4,1,1,4
3,0,13,0,0,43,55,12,96,55,12,0,1,4,0,1,4,1,2,4,5,2,4
3,0,13,0,1,43,12,55,55,80,25,0,4,1,1,5,1,1,4,2,2,4,2
22,6,1,4,0,86,9,46,82,97,5,2,6,6,3,7,0,2,1,5,5,1,4
22,6,1,4,1,82,5,97,9,25,96,3,0,7,6,1,0,5,4,1,1,2,5
22,6,1,4,0,19,50,9,82,97,5,3,0,6,3,7,0,2,3,1,5,1,4
22,6,1,4,1,9,50,69,93,97,5,6,0,1,1,7,0,1,3,3,1,1,4
32,1,15,1,1,32,89,13,95,24,89,2,7,6,3,1,7,1,6,4,3,2,6
32,1,15,1,0,23,89,9,32,89,13,3,7,6,2,7,6,4,6,1,1,6,4
32,1,15,1,0,23,9,9,13,89,32,3,6,6,6,7,2,4,1,1,4,6,1
32,1,15,1,1,32,13,89,89,82,73,2,6,7,7,3,7,1,4,6,6,5,3
32,1,15,1,1,89,32,13,23,9,82,7,2,6,3,6,3,6,1,4,4,1,5
32,1,15,1,1,25,89,23,32,13,89,1,7,3,2,6,7,2,6,4,1,4,6
32,1,15,1,0,89,13,25,89,13,32,7,6,1,7,6,2,6,4,2,6,4,1
32,1,15,1,1,32,13,89,82,13,89,2,6,7,3,6,7,1,4,6,5,4,6
32,1,15,1,1,89,32,13,13,80,13,7,2,6,6,5,6,6,1,4,4,4,4
32,1,15,1,1,25,89,82,89,32,13,1,7,3,7,2,6,2,6,5,6,1,4
32,1,15,1,1,82,25,99,32,13,89,3,1,7,2,6,7,5,2,3,1,4,6
32,1,15,1,0,9,82,13,32,89,13,6,3,6,2,7,6,1,5,4,1,6,4
32,1,15,1,0,82,89,60,89,32,13,3,7,4,7,2,6,5,6,1,6,1,4
32,1,15,1,0,13,88,89,89,13,32,6,3,7,7,6,2,4,0,6,6,4,1
32,1,15,1,1,89,13,32,9,90,13,7,6,2,6,3,6,6,4,1,1,2,4
32,1,15,1,0,32,89,13,23,82,90,2,7,6,3,3,3,1,6,4,4,5,2
32,1,15,1,0,13,32,82,89,32,13,6,2,3,7,2,6,4,1,5,6,1,4
32,1,15,1,1,32,13,89,82,9,89,2,6,7,3,6,7,1,4,6,5,1,6
32,1,15,1,0,9,9,9,89,13,32,6,6,6,7,6,2,1,1,1,6,4,1
28,2,9,1,0,23,96,80,25,89,62,3,0,5,1,7,5,4,5,4,2,6,3
28,2,9,1,0,90,89,16,25,89,62,3,7,5,1,7,5,2,6,3,2,6,3
28,2,9,1,0,12,49,25,23,62,89,4,2,1,3,5,7,4,5,2,4,3,6
28,2,9,1,1,89,23,62,55,90,69,7,3,5,1,3,1,6,4,3,2,2,3
28,2,9,1,1,25,89,62,23,69,89,1,7,5,3,1,7,2,6,3,4,3,6
28,2,9,1,0,55,80,25,62,89,78,1,5,1,5,7,7,2,4,2,3,6,2
28,2,9,1,1,25,89,78,15,31,9,1,7,7,1,6,6,2,6,2,3,4,1
28,2,9,1,0,82,23,88,25,62,9,3,3,3,1,5,6,5,4,0,2,3,1
28,2,9,1,1,78,25,62,34,9,72,7,1,5,1,6,3,2,2,3,3,1,4
28,2,9,1,1,62,89,23,25,15,13,5,7,3,1,1,6,3,6,4,2,3,4
28,2,9,1,0,82,25,55,23,62,89,3,1,1,3,5,7,5,2,2,4,3,6
28,2,9,1,1,89,78,23,89,82,69,7,7,3,7,3,1,6,2,4,6,5,3
28,2,9,1,0,9,37,94,89,78,62,6,2,3,7,7,5,1,1,2,6,2,3
28,2,9,1,0,6,55,32,62,78,23,4,1,2,5,7,3,1,2,1,3,2,4
28,2,9,1,0,13,53,26,10,62,23,6,5,6,2,5,3,4,2,5,1,3,4
28,2,9,1,1,10,89,23,90,10,9,2,7,3,3,2,6,1,6,4,2,1,1
28,2,9,1,0,61,69,26,10,62,89,4,1,6,2,5,7,1,3,5,1,3,6
28,2,9,1,1,10,62,23,61,69,34,2,5,3,4,1,1,1,3,4,1,3,3
28,2,9,1,1,10,23,62,56,25,69,2,3,5,1,1,1,1,4,3,3,2,3
28,2,9,1,1,23,10,9,40,80,61,3,2,6,7,5,4,4,1,1,3,4,1
28,2,9,1,0,69,16,89,10,89,62,1,5,7,2,7,5,3,3,6,1,6,3
28,2,9,1,1,9,7,89,89,90,21,6,4,7,7,3,3,1,1,6,6,2,3
28,2,9,1,0,23,61,28,7,89,23,3,4,6,4,7,3,4,1,2,1,6,4
28,2,9,1,1,7,62,23,23,74,89,4,5,3,3,2,7,1,3,4,4,3,6
28,2,9,1,1,7,89,23,60,16,84,4,7,3,4,5,5,1,6,4,1,3,3
32,1,15,1,1,23,36,9,72,59,24,3,6,6,3,3,1,4,1,1,4,3,2
32,1,15,1,0,82,95,13,72,34,59,3,3,6,3,1,3,5,3,4,4,3,3
32,1,15,1,0,82,9,62,89,59,72,3,6,5,7,3,3,5,1,3,6,3,4
32,1,15,1,1,72,89,59,13,9,25,3,7,3,6,6,1,4,6,3,4,1,2
32,1,15,1,0,12,9,23,72,59,89,4,6,3,3,3,7,4,1,4,4,3,6
32,1,15,1,0,9,13,89,89,59,72,6,6,7,7,3,3,1,4,6,6,3,4
32,1,15,1,1,72,89,59,82,69,9,3,7,3,3,1,6,4,6,3,5,3,1
32,1,15,1,0,96,24,65,15,24,59,0,1,1,1,1,3,5,2,3,3,2,3
32,1,15,1,1,24,15,59,65,40,9,1,1,3,1,7,6,2,3,3,3,3,1
32,1,15,1,1,15,13,90,24,15,90,1,6,3,1,1,3,3,4,2,2,3,2
32,1,15,1,0,69,82,23,24,15,90,1,3,3,1,1,3,3,5,4,2,3,2
32,1,15,1,1,24,15,90,95,23,13,1,1,3,3,3,6,2,3,2,3,4,4
32,1,15,1,1,15,90,24,15,82,9,1,3,1,1,3,6,3,2,2,3,5,1
32,1,15,1,0,69,9,82,15,24,90,1,6,3,1,1,3,3,1,5,3,2,2
32,1,15,1,1,88,15,90,86,32,9,3,1,3,2,2,6,0,3,2,2,1,1
32,1,15,1,0,82,13,9,88,15,90,3,6,6,3,1,3,5,4,1,0,3,2
32,1,15,1,0,27,13,9,15,88,90,5,6,6,1,3,3,3,4,1,3,0,2
32,1,15,1,0,90,82,30,15,88,90,3,3,1,1,3,3,2,5,1,3,0,2
32,1,15,1,0,9,69,93,15,90,88,6,1,1,1,3,3,1,3,1,3,2,0
23,5,8,3,0,9,89,23,18,13,17,6,7,3,2,6,3,1,6,4,3,4,5
23,5,8,3,1,18,17,13,26,13,12,2,3,6,6,6,4,3,5,4,5,4,4
23,5,8,3,1,18,17,13,32,20,66,2,3,6,2,3,1,3,5,4,1,3,3
23,5,8,3,1,18,13,17,61,9,89,2,6,3,4,6,7,3,4,5,1,1,6
23,5,8,3,1,18,13,17,49,72,24,2,6,3,2,3,1,3,4,5,5,4,2
23,5,8,3,1,18,17,13,30,13,65,2,3,6,1,6,1,3,5,4,1,4,3
23,5,8,3,0,13,23,9,18,17,13,6,3,6,2,3,6,4,4,1,3,5,4
23,5,8,3,0,82,13,9,13,18,17,3,6,6,6,2,3,5,4,1,4,3,5
23,5,8,3,0,9,13,25,13,17,18,6,6,1,6,3,2,1,4,2,4,5,3
23,5,8,3,0,13,66,55,18,17,13,6,1,1,2,3,6,4,3,2,3,5,4
23,5,8,3,1,18,13,17,89,9,96,2,6,3,7,6,0,3,4,5,6,1,5
23,5,8,3,0,20,89,32,18,17,13,3,7,2,2,3,6,3,6,1,3,5,4
23,5,8,3,0,13,10,9,18,13,17,6,2,6,2,6,3,4,1,1,3,4,5
23,5,8,3,1,18,13,17,10,66,65,2,6,3,2,1,1,3,4,5,1,3,3
23,5,8,3,1,17,13,18,29,32,72,3,6,2,0,2,3,5,4,3,5,1,4
32,1,15,1,0,90,82,36,93,63,13,3,3,6,1,7,6,2,5,1,1,1,4
32,1,15,1,1,72,74,13,13,9,72,3,2,6,6,6,3,4,3,4,4,1,4
32,1,15,1,1,13,74,72,9,82,74,6,2,3,6,3,2,4,3,4,1,5,3
32,1,15,1,1,13,74,72,82,9,36,6,2,3,3,6,6,4,3,4,5,1,1
32,1,15,1,1,13,74,72,9,69,72,6,2,3,6,1,3,4,3,4,1,3,4
32,1,15,1,0,82,9,13,13,74,72,3,6,6,6,2,3,5,1,4,4,3,4
32,1,15,1,1,83,13,90,13,72,74,6,6,3,6,3,2,4,4,2,4,4,3
32,1,15,1,0,82,84,24,13,74,72,3,5,1,6,2,3,5,3,2,4,3,4
32,1,15,1,0,36,69,89,72,74,13,6,1,7,3,2,6,1,3,6,4,3,4
32,1,15,1,0,13,9,89,13,72,74,6,6,7,6,3,2,4,1,6,4,4,3
32,1,15,1,1,99,72,57,13,9,82,7,3,3,6,6,3,3,4,1,4,1,5
32,1,15,1,0,13,82,29,42,57,72,6,3,0,2,3,3,4,5,5,1,1,4
32,1,15,1,0,13,69,9,42,57,72,6,1,6,2,3,3,4,3,1,1,1,4
32,1,15,1,1,42,57,72,94,82,13,2,3,3,3,3,6,1,1,4,2,5,4
32,1,15,1,0,13,9,69,72,57,42,6,6,1,3,3,2,4,1,3,4,1,1
32,1,15,1,0,15,10,13,42,72,57,1,2,6,2,3,3,3,1,4,1,4,1
32,1,15,1,0,82,9,13,27,82,88,3,6,6,5,3,3,5,1,4,3,5,0
32,1,15,1,0,10,27,88,13,82,9,2,5,3,6,3,6,1,3,0,4,5,1
32,1,15,1,1,82,52,90,25,82,13,3,1,3,1,3,6,5,2,2,2,5,4
32,1,15,1,0,13,32,82,82,90,52,6,2,3,3,3,1,4,1,5,5,2,2
32,1,15,1,1,82,90,52,82,9,31,3,3,1,3,6,6,5,2,2,5,1,4
32,1,15,1,0,17,27,9,82,90,52,3,5,6,3,3,1,5,3,1,5,2,2
32,1,15,1,0,82,9,69,94,74,90,3,6,1,3,2,3,5,1,3,2,3,2
32,1,15,1,1,74,90,94,17,89,13,2,3,3,3,7,6,3,2,2,5,6,4
4,7,2,5,0,91,3,56,13,69,55,0,4,1,6,1,1,3,1,3,4,3,2
4,7,2,5,0,30,89,9,91,56,3,1,7,6,0,1,4,1,6,1,3,3,1
4,7,2,5,0,53,40,9,56,3,91,5,7,6,1,4,0,2,3,1,3,1,3
4,7,2,5,1,1,61,67,91,38,71,7,4,7,0,2,4,3,1,3,3,3,1
4,7,2,5,1,71,38,91,12,17,79,4,2,0,4,3,4,1,3,3,4,5,1
4,7,2,5,0,13,34,77,71,91,38,6,1,0,4,0,2,4,3,5,1,3,3
4,7,2,5,0,91,38,71,29,12,61,0,2,4,0,4,4,3,3,1,5,4,1
4,7,2,5,0,71,91,38,10,53,26,4,0,2,2,5,6,1,3,3,1,2,5
4,7,2,5,1,38,91,81,79,63,96,2,0,3,4,7,0,3,3,3,1,1,5
4,7,2,5,1,3,25,43,38,91,81,4,1,0,2,0,3,1,2,1,3,3,3
4,7,2,5,1,38,91,81,76,82,44,2,0,3,3,3,5,3,3,3,1,5,5
4,7,2,5,1,91,38,81,3,78,1,0,2,3,4,7,7,3,3,3,1,2,3
4,7,2,5,0,70,25,68,38,91,81,2,1,3,2,0,3,3,2,3,3,3,3
4,7,2,5,0,89,38,95,38,91,81,7,2,3,2,0,3,6,3,3,3,3,3
4,7,2,5,0,58,16,90,38,91,81,2,5,3,2,0,3,3,3,2,3,3,3
4,7,2,5,0,30,15,25,81,91,38,1,1,1,3,0,2,1,3,2,3,3,3
4,7,2,5,1,38,81,91,16,27,79,2,3,0,5,5,4,3,3,3,3,3,1
4,7,2,5,0,29,22,34,38,91,81,0,3,1,2,0,3,5,1,3,3,3,3
4,7,2,5,0,90,25,32,38,81,91,3,1,2,2,3,0,2,2,1,3,3,3
4,7,2,5,1,38,81,91,92,30,69,2,3,0,2,1,1,3,3,3,3,1,3
4,7,2,5,0,23,48,0,38,91,81,3,4,3,2,0,3,4,3,5,3,3,3
4,7,2,5,0,32,60,69,81,91,38,2,4,1,3,0,2,1,1,3,3,3,3
4,7,2,5,1,38,91,81,71,77,23,2,0,3,4,0,3,3,3,3,1,5,4
4,7,2,5,0,12,69,43,38,91,81,4,1,0,2,0,3,4,3,1,3,3,3
4,7,2,5,0,55,79,6,38,91,81,1,4,4,2,0,3,2,1,1,3,3,3
3,0,13,0,0,55,17,61,17,25,44,1,3,4,3,1,5,2,5,1,5,2,5
3,0,13,0,1,84,55,89,12,17,55,5,1,7,4,3,1,3,2,6,4,5,2
4,7,2,5,0,61,1,51,92,89,69,4,7,7,2,7,1,1,3,6,3,6,3
22,6,1,4,0,81,9,89,94,98,9,3,6,7,3,2,6,3,1,6,2,3,1
22,6,1,4,1,94,98,9,52,66,94,3,2,6,1,1,3,2,3,1,2,3,2
32,1,15,1,1,56,88,82,13,82,19,1,3,3,6,3,3,3,0,5,4,5,2
32,1,15,1,0,13,69,9,13,19,82,6,1,6,6,3,3,4,3,1,4,2,5
3,0,13,0,1,0,55,25,55,17,61,3,1,1,1,3,4,5,2,2,2,5,1
3,0,13,0,0,79,71,69,17,61,55,4,4,1,3,4,1,1,1,3,5,1,2
32,1,15,1,0,13,32,74,19,87,13,6,2,2,3,1,6,4,1,3,2,1,4
32,1,15,1,0,16,23,9,74,32,13,5,3,6,2,2,6,3,4,1,3,1,4
32,1,15,1,0,88,84,60,13,74,32,3,5,4,6,2,2,0,3,1,4,3,1
32,1,15,1,0,9,82,98,74,32,13,6,3,2,2,2,6,1,5,3,3,1,4
32,1,15,1,0,69,82,9,13,74,32,1,3,6,6,2,2,3,5,1,4,3,1
32,1,15,1,1,42,13,89,74,13,32,2,6,7,2,6,2,1,4,6,3,4,1
32,1,15,1,1,13,74,32,9,13,82,6,2,2,6,6,3,4,3,1,1,4,5
32,1,15,1,1,74,13,32,82,89,13,2,6,2,3,7,6,3,4,1,5,6,4
32,1,15,1,1,13,74,32,46,89,80,6,2,2,6,7,5,4,3,1,5,6,4
32,1,15,1,1,74,13,32,9,13,89,2,6,2,6,6,7,3,4,1,1,4,6
32,1,15,1,1,74,13,32,9,82,72,2,6,2,6,3,3,3,4,1,1,5,4
32,1,15,1,1,74,32,13,46,15,32,2,2,6,6,1,2,3,1,4,5,3,1
32,1,15,1,0,89,84,13,32,13,74,7,5,6,2,6,2,6,3,4,1,4,3
32,1,15,1,0,9,60,32,74,13,32,6,4,2,2,6,2,1,1,1,3,4,1
32,1,15,1,1,13,74,32,89,82,19,6,2,2,7,3,3,4,3,1,6,5,2
32,1,15,1,0,9,23,94,32,13,74,6,3,3,2,6,2,1,4,2,1,4,3
32,1,15,1,1,74,13,32,82,9,13,2,6,2,3,6,6,3,4,1,5,1,4
22,6,1,4,0,50,97,84,40,13,89,0,7,5,7,6,7,3,1,3,3,4,6
22,6,1,4,0,96,9,82,97,50,84,0,6,3,7,0,5,5,1,5,1,3,3
22,6,1,4,1,50,97,84,89,9,50,0,7,5,7,6,0,3,1,3,6,1,3
22,6,1,4,0,9,69,87,97,50,84,6,1,1,7,0,5,1,3,1,1,3,3
22,6,1,4,1,50,97,84,9,27,15,0,7,5,6,5,1,3,1,3,1,3,3
22,6,1,4,1,85,69,87,97,84,50,1,1,1,7,5,0,1,3,1,1,3,3
22,6,1,4,0,89,52,30,97,84,50,7,1,1,7,5,0,6,2,1,1,3,3
22,6,1,4,0,54,13,9,97,50,84,0,6,6,7,0,5,1,4,1,1,3,3
32,1,15,1,0,60,15,9,63,24,46,4,1,6,7,1,6,1,3,1,1,2,5
32,1,15,1,1,63,46,24,36,32,82,7,6,1,6,2,3,1,5,2,1,1,5
4,7,2,5,1,38,70,68,61,33,53,2,2,3,4,3,5,3,3,3,1,3,2
4,7,2,5,1,7,16,82,92,55,70,4,5,3,2,1,2,1,3,5,3,2,3
4,7,2,5,0,53,26,10,92,55,70,5,6,2,2,1,2,2,5,1,3,2,3
4,7,2,5,0,48,12,82,92,55,70,4,4,3,2,1,2,3,4,5,3,2,3
4,7,2,5,0,92,55,70,55,69,66,2,1,2,1,1,1,3,2,3,2,3,3
4,7,2,5,1,92,55,70,82,0,23,2,1,2,3,3,3,3,2,3,5,5,4
4,7,2,5,1,92,70,55,32,8,25,2,2,1,2,5,1,3,3,2,1,1,2
4,7,2,5,0,70,55,92,55,90,79,2,1,2,1,3,4,3,2,3,2,2,1
4,7,2,5,1,92,55,70,13,79,23,2,1,2,6,4,3,3,2,3,4,1,4
4,7,2,5,1,44,64,69,89,25,55,5,6,1,7,1,1,5,2,3,6,2,2
4,7,2,5,1,89,55,25,3,79,16,7,1,1,4,4,5,6,2,2,1,1,3
4,7,2,5,0,25,17,88,25,89,55,1,3,3,1,7,1,2,5,0,2,6,2
4,7,2,5,1,25,89,55,78,93,81,1,7,1,7,1,3,2,6,2,2,1,3
4,7,2,5,1,25,44,89,25,89,38,1,5,7,1,7,2,2,5,6,2,6,3
4,7,2,5,0,30,89,79,25,89,38,1,7,4,1,7,2,1,6,1,2,6,3
4,7,2,5,0,55,44,82,89,25,38,1,5,3,7,1,2,2,5,5,6,2,3
4,7,2,5,0,60,25,19,89,38,25,4,1,3,7,2,1,1,2,2,6,3,2
4,7,2,5,0,93,13,27,25,89,38,1,6,5,1,7,2,1,4,3,2,6,3
4,7,2,5,0,26,89,53,25,89,38,6,7,5,1,7,2,5,6,2,2,6,3
4,7,2,5,0,55,69,66,17,70,61,1,1,1,3,2,4,2,3,3,5,3,1
3,0,13,0,1,7,79,16,81,3,16,4,4,5,3,4,5,1,1,3,3,1,3
3,0,13,0,1,81,3,16,82,69,55,3,4,5,3,1,1,3,1,3,5,3,2
32,1,15,1,0,72,74,94,9,2,89,3,2,3,6,2,7,4,3,2,1,2,6
0,1,7,1,1,54,93,10,19,23,31,0,1,2,3,3,6,1,1,1,2,4,4
0,1,7,1,1,51,46,48,51,92,23,7,6,4,7,2,3,6,5,3,6,3,4
32,1,15,1,1,9,13,89,82,52,32,6,6,7,3,1,2,1,4,6,5,2,1
32,1,15,1,1,82,52,32,23,72,32,3,1,2,3,3,2,5,2,1,4,4,1
32,1,15,1,0,82,52,32,82,9,13,3,1,2,3,6,6,5,2,1,5,1,4
32,1,15,1,1,82,52,32,9,82,89,3,1,2,6,3,7,5,2,1,1,5,6
32,1,15,1,0,13,82,9,82,52,32,6,3,6,3,1,2,4,5,1,5,2,1
32,1,15,1,0,58,31,93,82,52,32,2,6,1,3,1,2,3,4,1,5,2,1
32,1,15,1,1,82,52,32,82,89,13,3,1,2,3,7,6,5,2,1,5,6,4
32,1,15,1,1,52,32,82,89,60,69,1,2,3,7,4,1,2,1,5,6,1,3
32,1,15,1,0,13,9,32,82,52,32,6,6,2,3,1,2,4,1,1,5,2,1
32,1,15,1,1,52,32,82,36,32,9,1,2,3,6,2,6,2,1,5,1,1,1
32,1,15,1,1,82,52,32,42,69,13,3,1,2,2,1,6,5,2,1,1,3,4
1,1,15,1,1,47,30,53,1,53,38,7,1,5,7,5,2,3,1,2,3,2,3
13,7,1,5,0,46,14,27,23,55,82,6,6,5,3,1,3,5,3,3,4,2,5
13,7,1,5,1,46,14,27,16,29,15,6,6,5,5,0,1,5,3,3,3,5,3
4,7,2,5,1,61,12,44,69,9,34,4,4,5,1,6,1,1,4,5,3,1,3
4,7,2,5,0,19,71,56,61,44,12,3,4,1,4,5,4,2,1,3,1,5,4
4,7,2,5,1,79,7,63,61,44,78,4,4,7,4,5,7,1,1,1,1,5,2
4,7,2,5,0,18,38,55,61,44,78,2,2,1,4,5,7,3,3,2,1,5,2
4,7,2,5,1,61,78,44,25,32,86,4,7,5,1,2,2,1,2,5,2,1,2
4,7,2,5,1,61,78,44,82,48,60,4,7,5,3,4,4,1,2,5,5,3,1
4,7,2,5,0,25,61,17,61,78,44,1,4,3,4,7,5,2,1,5,1,2,5
4,7,2,5,0,55,23,91,61,44,78,1,3,0,4,5,7,2,4,3,1,5,2
22,6,1,4,0,98,85,9,9,89,35,2,1,6,6,7,7,3,1,1,1,6,3
22,6,1,4,0,9,96,66,98,9,85,6,0,1,2,6,1,1,5,3,3,1,1
22,6,1,4,0,27,9,94,98,9,85,5,6,3,2,6,1,3,1,2,3,1,1
22,6,1,4,0,13,30,69,98,85,9,6,1,1,2,1,6,4,1,3,3,1,1
22,6,1,4,0,9,89,49,98,9,85,6,7,2,2,6,1,1,6,5,3,1,1
22,6,1,4,1,98,9,85,94,13,56,2,6,1,3,6,1,3,1,1,2,4,3
22,6,1,4,0,69,81,29,98,9,85,1,3,0,2,6,1,3,3,5,3,1,1
22,6,1,4,0,9,94,89,9,98,85,6,3,7,6,2,1,1,2,6,1,3,1
22,6,1,4,1,17,9,89,85,98,92,3,6,7,1,2,2,5,1,6,1,3,3
32,1,15,1,1,9,6,9,13,86,74,6,4,6,6,2,2,1,1,1,4,2,3
32,1,15,1,1,89,9,25,86,13,74,7,6,1,2,6,2,6,1,2,2,4,3
32,1,15,1,1,13,86,74,13,9,94,6,2,2,6,6,3,4,2,3,4,1,2
32,1,15,1,0,13,86,98,1,84,13,6,2,2,7,5,6,4,2,3,3,3,4
32,1,15,1,0,30,9,36,13,32,86,1,6,6,6,2,2,1,1,1,4,1,2
32,1,15,1,0,82,89,13,13,86,32,3,7,6,6,2,2,5,6,4,4,2,1
32,1,15,1,1,13,86,32,9,82,29,6,2,2,6,3,0,4,2,1,1,5,5
3,0,13,0,0,55,73,16,43,78,79,1,7,5,0,7,4,2,3,3,1,2,1
3,0,13,0,0,12,16,89,55,16,73,4,5,7,1,5,7,4,3,6,2,3,3
3,0,13,0,1,16,55,73,12,96,43,5,1,7,4,0,0,3,2,3,4,5,1
3,0,13,0,0,25,33,63,55,16,73,1,3,7,1,5,7,2,3,1,2,3,3
3,0,13,0,0,19,9,10,73,55,89,3,6,2,7,1,7,2,1,1,3,2,6
3,0,13,0,0,73,38,55,43,89,55,7,2,1,0,7,1,3,3,2,1,6,2
3,0,13,0,1,82,34,79,55,73,38,3,1,4,1,7,2,5,3,1,2,3,3
3,0,13,0,0,44,79,56,38,73,55,5,4,1,2,7,1,5,1,3,3,3,2
3,0,13,0,0,30,79,25,38,55,73,1,4,1,2,1,7,1,1,2,3,2,3
3,0,13,0,0,79,34,55,55,38,73,4,1,1,1,2,7,1,3,2,2,3,3
3,0,13,0,1,73,38,78,3,69,32,7,2,7,4,1,2,3,3,2,1,3,1
3,0,13,0,1,77,12,38,55,0,61,0,4,2,1,3,4,5,4,3,2,5,1
3,0,13,0,1,12,77,38,16,79,61,4,0,2,5,4,4,4,5,3,3,1,1
3,0,13,0,0,38,77,12,44,79,84,2,0,4,5,4,5,3,5,4,5,1,3
3,0,13,0,1,77,12,38,23,12,79,0,4,2,3,4,4,5,4,3,4,4,1
3,0,13,0,0,25,55,44,12,38,77,1,1,5,4,2,0,2,2,5,4,3,5
3,0,13,0,0,55,79,44,38,12,77,1,4,5,2,4,0,2,1,5,3,4,5
3,0,13,0,1,17,7,61,38,12,77,3,4,4,2,4,0,5,1,1,3,4,5
32,1,15,1,0,82,89,13,82,68,90,3,7,6,3,3,3,5,6,4,5,3,2
32,1,15,1,1,82,68,90,72,89,82,3,3,3,3,7,3,5,3,2,4,6,5
32,1,15,1,1,82,68,90,82,13,9,3,3,3,3,6,6,5,3,2,5,4,1
32,1,15,1,1,68,82,90,32,82,89,3,3,3,2,3,7,3,5,2,1,5,6
32,1,15,1,1,82,68,90,36,80,89,3,3,3,6,5,7,5,3,2,1,4,6
32,1,15,1,1,82,68,90,82,13,9,3,3,3,3,6,6,5,3,2,5,4,1
32,1,15,1,1,82,68,90,32,13,9,3,3,3,2,6,6,5,3,2,1,4,1
32,1,15,1,0,88,69,9,82,68,88,3,1,6,3,3,3,0,3,1,5,3,0
32,1,15,1,1,82,68,88,36,82,74,3,3,3,6,3,2,5,3,0,1,5,3
32,1,15,1,1,82,68,88,13,42,1,3,3,3,6,2,7,5,3,0,4,1,3
32,1,15,1,1,68,82,88,9,46,31,3,3,3,6,6,6,3,5,0,1,5,4
32,1,15,1,0,9,89,13,82,68,88,6,7,6,3,3,3,1,6,4,5,3,0
32,1,15,1,0,82,89,9,82,68,88,3,7,6,3,3,3,5,6,1,5,3,0
32,1,15,1,0,68,82,88,32,62,13,3,3,3,2,5,6,3,5,0,1,3,4
32,1,15,1,1,82,88,68,13,19,82,3,3,3,6,3,3,5,0,3,4,2,5
32,1,15,1,1,82,88,68,42,9,82,3,3,3,2,6,3,5,0,3,1,1,5
32,1,15,1,1,88,82,68,94,82,69,3,3,3,3,3,1,0,5,3,2,5,3
32,1,15,1,1,82,88,68,25,9,88,3,3,3,1,6,3,5,0,3,2,1,0
32,1,15,1,1,68,88,82,42,9,37,3,3,3,2,6,2,3,0,5,1,1,1
32,1,15,1,1,82,68,88,89,13,82,3,3,3,7,6,3,5,3,0,6,4,5
32,1,15,1,1,82,68,88,74,13,9,3,3,3,2,6,6,5,3,0,3,4,1
32,1,15,1,0,82,13,25,82,68,88,3,6,1,3,3,3,5,4,2,5,3,0
32,1,15,1,1,82,68,88,9,82,90,3,3,3,6,3,3,5,3,0,1,5,2
32,1,15,1,0,72,88,89,82,68,88,3,3,7,3,3,3,4,0,6,5,3,0
32,1,15,1,0,17,2,31,68,88,82,3,2,6,3,3,3,5,2,4,3,0,5
32,1,15,1,0,37,27,89,24,26,13,2,5,7,1,6,6,1,3,6,2,5,4
32,1,15,1,1,89,10,9,37,25,82,7,2,6,2,1,3,6,1,1,1,2,5
32,1,15,1,0,52,23,95,89,9,10,1,3,3,7,6,2,2,4,3,6,1,1
32,1,15,1,0,13,6,85,89,9,10,6,4,1,7,6,2,4,1,1,6,1,1
32,1,15,1,0,81,9,6,89,9,10,3,6,4,7,6,2,3,1,1,6,1,1
32,1,15,1,0,25,23,31,89,9,10,1,3,6,7,6,2,2,4,4,6,1,1
32,1,15,1,1,10,9,89,46,82,9,2,6,7,6,3,6,1,1,6,5,5,1
32,1,15,1,0,82,32,9,89,9,10,3,2,6,7,6,2,5,1,1,6,1,1
32,1,15,1,1,89,9,10,69,9,82,7,6,2,1,6,3,6,1,1,3,1,5
32,1,15,1,1,89,9,10,9,32,36,7,6,2,6,2,6,6,1,1,1,1,1
32,1,15,1,0,9,10,29,9,10,89,6,2,0,6,2,7,1,1,5,1,1,6
32,1,15,1,0,10,9,82,9,82,89,2,6,3,6,3,7,1,1,5,1,5,6
32,1,15,1,1,13,10,9,25,13,9,6,2,6,1,6,6,4,1,1,2,4,1
32,1,15,1,1,9,31,10,13,9,10,6,6,2,6,6,2,1,4,1,4,1,1
32,1,15,1,1,13,9,10,9,29,13,6,6,2,6,0,6,4,1,1,1,5,4
32,1,15,1,1,10,9,13,89,59,82,2,6,6,7,3,3,1,1,4,6,3,5
32,1,15,1,1,10,9,13,9,90,82,2,6,6,6,3,3,1,1,4,1,2,5
32,1,15,1,1,89,82,9,10,9,13,7,3,6,2,6,6,6,5,1,1,1,4
32,1,15,1,0,93,19,82,9,10,13,1,3,3,6,2,6,1,2,5,1,1,4
32,1,15,1,0,9,27,19,10,9,89,6,5,3,2,6,7,1,3,2,1,1,6
32,1,15,1,1,2,23,46,82,89,9,2,3,6,3,7,6,2,4,5,5,6,1
32,1,15,1,1,36,82,9,13,98,9,6,3,6,6,2,6,1,5,1,4,3,1
32,1,15,1,0,31,69,6,13,98,9,6,1,4,6,2,6,4,3,1,4,3,1
32,1,15,1,0,13,90,51,13,98,9,6,3,7,6,2,6,4,2,6,4,3,1
2,3,0,1,1,6,25,81,64,25,9,4,1,3,6,1,6,1,2,3,2,2,1
2,3,0,1,0,6,37,69,25,6,81,4,2,1,1,4,3,1,1,3,2,1,3
2,3,0,1,0,96,34,23,81,6,59,0,1,3,3,4,3,5,3,4,3,1,3
2,3,0,1,0,62,41,13,81,6,59,5,5,6,3,4,3,3,3,4,3,1,3
2,3,0,1,1,6,81,59,23,9,82,4,3,3,3,6,3,1,3,3,4,1,5
2,3,0,1,1,6,59,81,56,95,9,4,3,3,1,3,6,1,3,3,3,3,1
2,3,0,1,0,34,9,69,6,59,81,1,6,1,4,3,3,3,1,3,1,3,3
2,3,0,1,1,59,6,81,90,9,23,3,4,3,3,6,3,3,1,3,2,1,4
2,3,0,1,1,59,81,6,74,89,9,3,3,4,2,7,6,3,3,1,3,6,1
2,3,0,1,0,32,9,65,6,59,46,2,6,1,4,3,6,1,1,3,1,3,5
2,3,0,1,1,46,59,6,22,69,96,6,3,4,3,1,0,5,3,1,1,3,5
2,3,0,1,0,86,9,25,6,59,46,2,6,1,4,3,6,2,1,2,1,3,5
2,3,0,1,0,9,96,15,59,6,46,6,0,1,3,4,6,1,5,3,3,1,5
2,3,0,1,1,46,59,6,9,96,42,6,3,4,6,0,2,5,3,1,1,5,1
2,3,0,1,1,59,85,6,46,93,23,3,1,4,6,1,3,3,1,1,5,1,4
2,3,0,1,0,9,19,80,59,6,85,6,3,5,3,4,1,1,2,4,3,1,1
2,3,0,1,1,6,59,85,18,82,25,4,3,1,2,3,1,1,3,1,3,5,2
2,3,0,1,1,85,6,59,37,9,49,1,4,3,2,6,2,1,1,3,1,1,5
2,3,0,1,1,6,59,85,92,25,93,4,3,1,2,1,1,1,3,1,3,2,1
2,3,0,1,1,6,59,85,90,65,60,4,3,1,3,1,4,1,3,1,2,3,1
2,3,0,1,1,6,59,85,2,9,69,4,3,1,2,6,1,1,3,1,2,1,3
2,3,0,1,1,6,59,85,34,15,64,4,3,1,1,1,6,1,3,1,3,3,2
2,3,0,1,0,69,41,23,6,32,85,1,5,3,4,2,1,3,3,4,1,1,1
2,3,0,1,1,69,9,13,6,32,85,1,6,6,4,2,1,3,1,4,1,1,1
2,3,0,1,1,6,32,85,9,34,32,4,2,1,6,1,2,1,1,1,1,3,1
4,7,2,5,1,12,60,1,83,92,82,4,4,7,6,2,3,4,1,3,4,3,5
4,7,2,5,1,83,92,44,44,25,82,6,2,5,5,1,3,4,3,5,5,2,5
4,7,2,5,0,25,82,90,92,83,66,1,3,3,2,6,1,2,5,2,3,4,3
4,7,2,5,0,69,70,55,78,83,92,1,2,1,7,6,2,3,3,2,2,4,3
4,7,2,5,1,83,92,36,89,61,56,6,2,6,7,4,1,4,3,1,6,1,3
4,7,2,5,0,65,25,56,83,92,41,1,1,1,6,2,5,3,2,3,4,3,3
4,7,2,5,0,22,89,17,83,92,43,3,7,3,6,2,0,1,6,5,4,3,1
4,7,2,5,0,38,61,53,83,92,25,2,4,5,6,2,1,3,1,2,4,3,2
4,7,2,5,1,83,92,9,55,70,25,6,2,6,1,2,1,4,3,1,2,3,2
4,7,2,5,0,12,97,30,83,92,12,4,7,1,6,2,4,4,1,1,4,3,4
4,7,2,5,0,7,79,23,83,92,19,4,4,3,6,2,3,1,1,4,4,3,2
4,7,2,5,1,83,92,69,41,93,63,6,2,1,5,1,7,4,3,3,3,1,1
4,7,2,5,0,57,88,48,83,92,79,3,3,4,6,2,4,1,0,3,4,3,1
27,4,8,2,1,69,34,78,32,25,2,1,1,7,2,1,2,3,3,2,1,2,2
27,4,8,2,1,69,78,34,55,32,35,1,7,1,1,2,7,3,2,3,2,1,3
27,4,8,2,1,71,40,13,34,69,78,4,7,6,1,1,7,1,3,4,3,3,2
27,4,8,2,1,69,78,34,55,9,89,1,7,1,1,6,7,3,2,3,2,1,6
27,4,8,2,0,16,25,90,34,69,78,5,1,3,1,1,7,3,2,2,3,3,2
27,4,8,2,1,34,69,78,16,10,20,1,1,7,5,2,3,3,3,2,3,1,3
27,4,8,2,0,73,69,12,69,34,78,7,1,4,1,1,7,3,3,4,3,3,2
27,4,8,2,1,69,34,78,65,9,82,1,1,7,1,6,3,3,3,2,3,1,5
27,4,8,2,1,69,34,78,6,71,13,1,1,7,4,4,6,3,3,2,1,1,4
27,4,8,2,0,3,25,55,69,34,78,4,1,1,1,1,7,1,2,2,3,3,2
27,4,8,2,0,56,49,25,34,69,78,1,2,1,1,1,7,3,5,2,3,3,2
27,4,8,2,1,79,55,25,62,78,69,4,1,1,5,7,1,1,2,2,3,2,3
32,1,15,1,1,74,88,13,29,82,9,2,3,6,0,3,6,3,0,4,5,5,1
32,1,15,1,0,9,89,24,74,88,13,6,7,1,2,3,6,1,6,2,3,0,4
32,1,15,1,1,13,74,88,9,80,69,6,2,3,6,5,1,4,3,0,1,4,3
32,1,15,1,0,89,9,69,74,88,13,7,6,1,2,3,6,6,1,3,3,0,4
32,1,15,1,0,9,42,82,74,88,13,6,2,3,2,3,6,1,1,5,3,0,4
32,1,15,1,1,42,13,82,9,13,74,2,6,3,6,6,2,1,4,5,1,4,3
32,1,15,1,1,74,9,13,13,19,9,2,6,6,6,3,6,3,1,4,4,2,1
32,1,15,1,0,89,9,82,74,13,9,7,6,3,2,6,6,6,1,5,3,4,1
32,1,15,1,0,9,46,19,74,9,13,6,6,3,2,6,6,1,5,2,3,1,4
32,1,15,1,1,74,9,13,82,13,9,2,6,6,3,6,6,3,1,4,5,4,1
32,1,15,1,1,74,13,9,69,89,82,2,6,6,1,7,3,3,4,1,3,6,5
32,1,15,1,1,9,82,15,74,9,13,6,3,1,2,6,6,1,5,3,3,1,4
32,1,15,1,0,13,82,32,74,9,13,6,3,2,2,6,6,4,5,1,3,1,4
32,1,15,1,1,74,9,13,82,72,93,2,6,6,3,3,1,3,1,4,5,4,1
32,1,15,1,1,74,9,13,36,82,32,2,6,6,6,3,2,3,1,4,1,5,1
32,1,15,1,0,13,89,9,74,9,13,6,7,6,2,6,6,4,6,1,3,1,4
32,1,15,1,0,89,82,9,74,9,13,7,3,6,2,6,6,6,5,1,3,1,4
32,1,15,1,1,74,9,13,13,89,29,2,6,6,6,7,0,3,1,4,4,6,5
32,1,15,1,0,82,13,32,74,9,13,3,6,2,2,6,6,5,4,1,3,1,4
32,1,15,1,1,74,9,13,89,13,9,2,6,6,7,6,6,3,1,4,6,4,1
32,1,15,1,1,9,13,74,13,60,89,6,6,2,6,4,7,1,4,3,4,1,6
32,1,15,1,0,31,9,23,74,9,13,6,6,3,2,6,6,4,1,4,3,1,4
32,1,15,1,1,74,9,13,13,9,60,2,6,6,6,6,4,3,1,4,4,1,1
32,1,15,1,1,74,9,13,13,82,9,2,6,6,6,3,6,3,1,4,4,5,1
32,1,15,1,0,9,98,13,9,74,13,6,2,6,6,2,6,1,3,4,1,3,4
22,6,1,4,0,89,25,66,52,89,9,7,1,1,1,7,6,6,2,3,2,6,1
22,6,1,4,0,69,9,96,66,50,96,1,6,0,1,0,0,3,1,5,3,3,5
22,6,1,4,1,66,36,49,52,9,8,1,6,2,1,6,5,3,1,5,2,1,1
22,6,1,4,0,50,66,96,66,30,13,0,1,0,1,1,6,3,3,5,3,1,4
22,6,1,4,0,9,66,12,9,13,50,6,1,4,6,6,0,1,3,4,1,4,3
22,6,1,4,0,15,9,66,66,52,89,1,6,1,1,1,7,3,1,3,3,2,6
32,1,15,1,0,96,23,69,82,55,90,0,3,1,3,1,3,5,4,3,5,2,2
32,1,15,1,1,90,82,55,9,90,72,3,3,1,6,3,3,2,5,2,1,2,4
32,1,15,1,1,13,60,82,82,90,55,6,4,3,3,3,1,4,1,5,5,2,2
32,1,15,1,0,9,89,13,90,82,55,6,7,6,3,3,1,1,6,4,2,5,2
32,1,15,1,0,89,9,82,90,55,82,7,6,3,3,1,3,6,1,5,2,2,5
32,1,15,1,0,9,82,69,90,82,55,6,3,1,3,3,1,1,5,3,2,5,2
32,1,15,1,0,82,68,9,90,82,55,3,3,6,3,3,1,5,3,1,2,5,2
32,1,15,1,0,82,13,89,90,82,55,3,6,7,3,3,1,5,4,6,2,5,2
32,1,15,1,1,90,82,55,13,9,89,3,3,1,6,6,7,2,5,2,4,1,6
32,1,15,1,0,82,23,9,90,82,55,3,3,6,3,3,1,5,4,1,2,5,2
32,1,15,1,0,9,6,13,90,82,55,6,4,6,3,3,1,1,1,4,2,5,2
32,1,15,1,0,36,19,89,82,90,55,6,3,7,3,3,1,1,2,6,5,2,2
32,1,15,1,0,81,9,82,90,82,55,3,6,3,3,3,1,3,1,5,2,5,2
32,1,15,1,0,89,36,82,82,90,55,7,6,3,3,3,1,6,1,5,5,2,2
32,1,15,1,0,89,13,29,90,82,55,7,6,0,3,3,1,6,4,5,2,5,2
32,1,15,1,0,89,9,13,90,82,55,7,6,6,3,3,1,6,1,4,2,5,2
32,1,15,1,1,90,82,55,24,9,74,3,3,1,1,6,2,2,5,2,2,1,3
32,1,15,1,1,90,82,55,74,13,95,3,3,1,2,6,3,2,5,2,3,4,3
32,1,15,1,1,90,82,55,89,9,13,3,3,1,7,6,6,2,5,2,6,1,4
32,1,15,1,1,29,82,10,23,68,9,0,3,2,3,3,6,5,5,1,4,3,1
32,1,15,1,1,32,82,29,9,13,49,2,3,0,6,6,2,1,5,5,1,4,5
32,1,15,1,1,19,88,84,23,29,13,3,3,5,3,0,6,2,0,3,4,5,4
32,1,15,1,0,97,13,94,19,88,84,7,6,3,3,3,5,1,4,2,2,0,3
32,1,15,1,1,19,18,32,9,82,27,3,2,2,6,3,5,2,3,1,1,5,3
32,1,15,1,1,19,18,32,89,9,82,3,2,2,7,6,3,2,3,1,6,1,5
32,1,15,1,1,9,89,82,19,18,13,6,7,3,3,2,6,1,6,5,2,3,4
32,1,15,1,0,64,9,13,19,18,13,6,6,6,3,2,6,2,1,4,2,3,4
32,1,15,1,0,97,89,15,72,18,19,7,7,1,3,2,3,1,6,3,4,3,2
32,1,15,1,0,25,82,96,19,72,18,1,3,0,3,3,2,2,5,5,2,4,3
32,1,15,1,1,19,84,13,13,27,9,3,5,6,6,5,6,2,3,4,4,3,1
32,1,15,1,1,13,25,9,19,84,13,6,1,6,3,5,6,4,2,1,2,3,4
32,1,15,1,1,84,19,13,13,89,9,5,3,6,6,7,6,3,2,4,4,6,1
32,1,15,1,1,86,74,13,34,9,69,2,2,6,1,6,1,2,3,4,3,1,3
32,1,15,1,1,86,74,13,14,60,42,2,2,6,6,4,2,2,3,4,3,1,1
32,1,15,1,0,82,72,13,86,13,74,3,3,6,2,6,2,5,4,4,2,4,3
32,1,15,1,1,86,13,74,29,13,9,2,6,2,0,6,6,2,4,3,5,4,1
32,1,15,1,1,86,13,74,68,69,9,2,6,2,3,1,6,2,4,3,3,3,1
32,1,15,1,1,86,13,74,90,9,13,2,6,2,3,6,6,2,4,3,2,1,4
32,1,15,1,0,89,13,9,74,13,40,7,6,6,2,6,7,6,4,1,3,4,3
32,1,15,1,1,40,13,74,9,90,42,7,6,2,6,3,2,3,4,3,1,2,1
32,1,15,1,1,58,64,13,89,90,82,2,6,6,7,3,3,3,2,4,6,2,5
32,1,15,1,1,68,13,64,96,82,25,3,6,6,0,3,1,3,4,2,5,5,2
32,1,15,1,1,94,36,13,64,13,68,3,6,6,6,6,3,2,1,4,2,4,3
32,1,15,1,1,68,13,64,13,46,69,3,6,6,6,6,1,3,4,2,4,5,3
32,1,15,1,0,89,82,34,13,68,64,7,3,1,6,3,6,6,5,3,4,3,2
32,1,15,1,0,23,82,25,68,64,13,3,3,1,3,6,6,4,5,2,3,2,4
32,1,15,1,1,13,68,64,88,19,9,6,3,6,3,3,6,4,3,2,0,2,1
32,1,15,1,0,55,82,13,13,64,68,1,3,6,6,6,3,2,5,4,4,2,3
32,1,15,1,1,13,68,64,27,34,89,6,3,6,5,1,7,4,3,2,3,3,6
32,1,15,1,0,32,82,13,13,68,64,2,3,6,6,3,6,1,5,4,4,3,2
32,1,15,1,0,82,13,32,13,64,68,3,6,2,6,6,3,5,4,1,4,2,3
32,1,15,1,0,80,13,10,13,68,64,5,6,2,6,3,6,4,4,1,4,3,2
32,1,15,1,1,64,13,68,24,25,82,6,6,3,1,1,3,2,4,3,2,2,5
32,1,15,1,1,68,64,13,69,13,82,3,6,6,1,6,3,3,2,4,3,4,5
32,1,15,1,1,13,68,64,82,53,13,6,3,6,3,5,6,4,3,2,5,2,4
32,1,15,1,1,15,13,52,56,48,13,1,6,1,1,4,6,3,4,2,3,3,4
32,1,15,1,1,13,48,56,88,82,90,6,4,1,3,3,3,4,3,3,0,5,2
22,6,1,4,0,81,67,54,89,66,9,3,7,0,7,1,6,3,3,1,6,3,1
22,6,1,4,0,52,58,9,81,67,54,1,2,6,3,7,0,2,3,1,3,3,1
22,6,1,4,1,27,9,2,81,52,54,5,6,2,3,1,0,3,1,2,3,2,1
22,6,1,4,0,34,53,80,81,54,52,1,5,5,3,0,1,3,2,4,3,1,2
22,6,1,4,0,9,66,96,81,52,54,6,1,0,3,1,0,1,3,5,3,2,1
22,6,1,4,0,9,97,5,81,52,54,6,7,0,3,1,0,1,1,4,3,2,1
22,6,1,4,1,81,52,54,9,13,51,3,1,0,6,6,7,3,2,1,1,4,6
22,6,1,4,1,81,52,54,99,85,29,3,1,0,7,1,0,3,2,1,3,1,5
22,6,1,4,0,81,52,54,66,9,94,3,1,0,1,6,3,3,2,1,3,1,2
22,6,1,4,1,81,52,54,82,9,53,3,1,0,3,6,5,3,2,1,5,1,2
22,6,1,4,1,52,54,81,66,50,89,1,0,3,1,0,7,2,1,3,3,3,6
22,6,1,4,1,81,52,54,20,25,56,3,1,0,3,1,1,3,2,1,3,2,3
32,1,15,1,1,9,69,27,92,94,93,6,1,5,2,3,1,1,3,3,3,2,1
32,1,15,1,0,67,13,9,94,93,92,7,6,6,3,1,2,3,4,1,2,1,3
22,6,1,4,0,98,66,56,52,89,13,2,1,1,1,7,6,3,3,3,2,6,4
4,7,2,5,1,90,53,89,50,11,44,3,5,7,0,4,5,2,2,6,3,1,5
4,7,2,5,0,90,82,60,50,11,44,3,3,4,0,4,5,2,5,1,3,1,5
4,7,2,5,0,50,44,11,61,6,55,0,5,4,4,4,1,3,5,1,1,1,2
4,7,2,5,1,11,50,44,79,9,12,4,0,5,4,6,4,1,3,5,1,1,4
4,7,2,5,1,50,11,44,79,61,44,0,4,5,4,4,5,3,1,5,1,1,5
4,7,2,5,0,15,81,79,50,11,44,1,3,4,0,4,5,3,3,1,3,1,5
32,1,15,1,0,10,82,9,60,4,95,2,3,6,4,6,3,1,5,1,1,1,3
32,1,15,1,1,25,82,9,23,36,13,1,3,6,3,6,6,2,5,1,4,1,4
32,1,15,1,1,9,82,25,6,9,23,6,3,1,4,6,3,1,5,2,1,1,4
32,1,15,1,0,9,25,82,89,13,32,6,1,3,7,6,2,1,2,5,6,4,1
32,1,15,1,1,9,25,82,69,36,32,6,1,3,1,6,2,1,2,5,3,1,1
4,7,2,5,1,25,71,90,96,55,25,1,4,3,0,1,1,2,1,2,5,2,2
4,7,2,5,0,76,71,23,5,29,32,3,4,3,0,0,2,1,1,4,4,5,1
4,7,2,5,0,71,99,23,36,24,12,4,7,3,6,1,4,1,3,4,1,2,4
32,1,15,1,0,32,13,65,31,49,86,2,6,1,6,2,2,1,4,3,4,5,2
32,1,15,1,0,25,32,89,6,86,4,1,2,7,4,2,6,2,1,6,1,2,1
32,1,15,1,1,6,86,4,93,27,36,4,2,6,1,5,6,1,2,1,1,3,1
32,1,15,1,1,24,89,13,4,6,86,1,7,6,6,4,2,2,6,4,1,1,2
32,1,15,1,1,4,6,86,9,82,29,6,4,2,6,3,0,1,1,2,1,5,5
32,1,15,1,0,60,86,4,52,9,10,4,2,6,1,6,2,1,2,1,2,1,1
32,1,15,1,1,4,86,49,25,15,82,6,2,2,1,1,3,1,2,5,2,3,5
32,1,15,1,0,89,53,90,49,86,4,7,5,3,2,2,6,6,2,2,5,2,1
32,1,15,1,1,4,86,49,77,13,98,6,2,2,0,6,2,1,2,5,5,4,3
32,1,15,1,1,4,49,86,82,10,9,6,2,2,3,2,6,1,5,2,5,1,1
32,1,15,1,1,4,86,49,13,9,62,6,2,2,6,6,5,1,2,5,4,1,3
32,1,15,1,0,9,83,81,49,86,4,6,6,3,2,2,6,1,4,3,5,2,1
32,1,15,1,0,69,31,13,4,49,86,1,6,6,6,2,2,3,4,4,1,5,2
32,1,15,1,1,4,86,49,82,13,69,6,2,2,3,6,1,1,2,5,5,4,3
32,1,15,1,1,4,49,86,89,13,82,6,2,2,7,6,3,1,5,2,6,4,5
32,1,15,1,1,4,49,86,9,69,88,6,2,2,6,1,3,1,5,2,1,3,0
32,1,15,1,0,49,25,15,4,49,86,2,1,1,6,2,2,5,2,3,1,5,2
32,1,15,1,0,69,13,82,4,86,49,1,6,3,6,2,2,3,4,5,1,2,5
32,1,15,1,0,86,94,9,4,49,86,2,3,6,6,2,2,2,2,1,1,5,2
32,1,15,1,0,49,86,4,9,55,15,2,2,6,6,1,1,5,2,1,1,2,3
32,1,15,1,0,14,13,93,4,49,86,6,6,1,6,2,2,3,4,1,1,5,2
32,1,15,1,0,88,9,82,4,49,86,3,6,3,6,2,2,0,1,5,1,5,2
32,1,15,1,0,60,46,82,86,49,4,4,6,3,2,2,6,1,5,5,2,5,1
32,1,15,1,0,9,88,25,4,86,49,6,3,1,6,2,2,1,0,2,1,2,5
32,1,15,1,0,86,27,82,4,49,86,2,5,3,6,2,2,2,3,5,1,5,2
34,9,16,5,0,42,25,9,55,78,0,2,1,6,1,7,3,1,2,1,2,2,5
32,1,15,1,1,29,32,87,15,74,88,0,2,1,1,2,3,5,1,1,3,3,0
32,1,15,1,0,82,9,70,49,29,32,3,6,2,2,0,2,5,1,3,5,5,1
32,1,15,1,1,29,24,32,89,25,9,0,1,2,7,1,6,5,2,1,6,2,1
32,1,15,1,0,9,89,30,32,29,24,6,7,1,2,0,1,1,6,1,1,5,2
32,1,15,1,1,32,29,24,9,80,89,2,0,1,6,5,7,1,5,2,1,4,6
27,4,8,2,0,78,79,25,97,90,25,7,4,1,7,3,1,2,1,2,1,2,2
27,4,8,2,0,79,78,25,25,10,55,4,7,1,1,2,1,1,2,2,2,1,2
27,4,8,2,0,69,12,25,78,25,79,1,4,1,7,1,4,3,4,2,2,2,1
27,4,8,2,0,79,25,78,12,25,10,4,1,7,4,1,2,1,2,2,4,2,1
27,4,8,2,0,49,65,69,78,79,25,2,1,1,7,4,1,5,3,3,2,1,2
27,4,8,2,1,78,79,25,10,23,25,7,4,1,2,3,1,2,1,2,1,4,2
27,4,8,2,0,78,90,89,78,25,79,7,3,7,7,1,4,2,2,6,2,2,1
27,4,8,2,0,25,90,69,79,78,25,1,3,1,4,7,1,2,2,3,1,2,2
27,4,8,2,1,78,79,25,16,25,34,7,4,1,5,1,1,2,1,2,3,2,3
27,4,8,2,0,69,96,95,78,79,25,1,0,3,7,4,1,3,5,3,2,1,2
27,4,8,2,1,78,79,25,69,55,33,7,4,1,1,1,3,2,1,2,3,2,3
27,4,8,2,1,78,25,79,69,25,12,7,1,4,1,1,4,2,2,1,3,2,4
27,4,8,2,0,55,77,25,78,25,79,1,0,1,7,1,4,2,5,2,2,2,1
27,4,8,2,1,25,79,78,25,32,77,1,4,7,1,2,0,2,1,2,2,1,5
27,4,8,2,1,79,25,78,89,25,10,4,1,7,7,1,2,1,2,2,6,2,1
27,4,8,2,1,25,79,78,34,89,66,1,4,7,1,7,1,2,1,2,3,6,3
27,4,8,2,0,69,25,40,78,79,25,1,1,7,7,4,1,3,2,3,2,1,2
27,4,8,2,0,10,25,69,78,25,79,2,1,1,7,1,4,1,2,3,2,2,1
27,4,8,2,0,6,62,74,78,89,79,4,5,2,7,7,4,1,3,3,2,6,1
27,4,8,2,1,78,89,79,25,96,10,7,7,4,1,0,2,2,6,1,2,5,1
27,4,8,2,0,32,69,34,89,79,78,2,1,1,7,4,7,1,3,3,6,1,2
27,4,8,2,0,89,10,82,79,89,78,7,2,3,4,7,7,6,1,5,1,6,2
27,4,8,2,1,78,89,79,52,23,49,7,7,4,1,3,2,2,6,1,2,4,5
27,4,8,2,0,96,93,25,78,79,55,0,1,1,7,4,1,5,1,2,2,1,2
27,4,8,2,1,78,55,79,25,40,10,7,1,4,1,7,2,2,2,1,2,3,1
32,1,15,1,0,31,94,82,34,90,9,6,3,3,1,3,6,4,2,5,3,2,1
32,1,15,1,0,82,94,31,82,9,69,3,3,6,3,6,1,5,2,4,5,1,3
32,1,15,1,1,82,94,31,69,13,9,3,3,6,1,6,6,5,2,4,3,4,1
32,1,15,1,1,94,31,82,69,9,80,3,6,3,1,6,5,2,4,5,3,1,4
32,1,15,1,1,9,13,82,94,14,74,6,6,3,3,6,2,1,4,5,2,3,3
32,1,15,1,0,77,94,31,13,9,89,0,3,6,6,6,7,5,2,4,4,1,6
32,1,15,1,0,25,13,69,94,77,31,1,6,1,3,0,6,2,4,3,2,5,4
32,1,15,1,1,94,49,31,9,32,94,3,2,6,6,2,3,2,5,4,1,1,2
32,1,15,1,0,9,89,80,49,94,31,6,7,5,2,3,6,1,6,4,5,2,4
32,1,15,1,1,49,31,94,9,90,13,2,6,3,6,3,6,5,4,2,1,2,4
32,1,15,1,0,13,24,9,49,94,31,6,1,6,2,3,6,4,2,1,5,2,4
32,1,15,1,1,49,31,94,9,32,52,2,6,3,6,2,1,5,4,2,1,1,2
32,1,15,1,0,23,74,88,25,83,82,3,2,3,1,6,3,4,3,0,2,4,5
22,6,1,4,0,97,67,99,5,78,45,7,7,7,0,7,6,1,3,3,4,2,1
22,6,1,4,0,82,35,96,97,67,99,3,7,0,7,7,7,5,3,5,1,3,3
22,6,1,4,1,29,59,67,97,5,81,0,3,7,7,0,3,5,3,3,1,4,3
22,6,1,4,1,97,5,81,13,23,29,7,0,3,6,3,0,1,4,3,4,4,5
22,6,1,4,0,97,5,23,55,87,50,7,0,3,1,1,0,1,4,4,2,1,3
22,6,1,4,0,5,87,81,89,9,97,0,1,3,7,6,7,4,1,3,6,1,1
22,6,1,4,0,32,89,69,81,87,5,2,7,1,3,1,0,1,6,3,3,1,4
22,6,1,4,0,81,87,5,69,55,89,3,1,0,1,1,7,3,1,4,3,2,6
22,6,1,4,1,89,94,10,81,87,5,7,3,2,3,1,0,6,2,1,3,1,4
22,6,1,4,0,82,9,27,87,5,81,3,6,5,1,0,3,5,1,3,1,4,3
22,6,1,4,1,87,81,5,27,20,69,1,3,0,5,3,1,1,3,4,3,3,3
22,6,1,4,0,89,94,35,81,5,87,7,3,7,3,0,1,6,2,3,3,4,1
32,1,15,1,1,9,25,82,15,9,89,6,1,3,1,6,7,1,2,5,3,1,6
32,1,15,1,0,9,25,82,13,99,9,6,1,3,6,7,6,1,2,5,4,3,1
32,1,15,1,0,68,82,89,25,9,82,3,3,7,1,6,3,3,5,6,2,1,5
32,1,15,1,0,13,82,89,9,25,82,6,3,7,6,1,3,4,5,6,1,2,5
32,1,15,1,0,82,25,9,9,94,15,3,1,6,6,3,1,5,2,1,1,2,3
32,1,15,1,1,6,23,25,6,82,9,4,3,1,4,3,6,1,4,2,1,5,1
32,1,15,1,1,25,99,82,82,6,9,1,7,3,3,4,6,2,3,5,5,1,1
32,1,15,1,1,90,13,31,89,9,82,3,6,6,7,6,3,2,4,4,6,1,5
32,1,15,1,0,78,82,13,90,13,31,7,3,6,3,6,6,2,5,4,2,4,4
32,1,15,1,0,13,90,31,89,88,13,6,3,6,7,3,6,4,2,4,6,0,4
32,1,15,1,1,52,37,19,27,51,13,1,2,3,5,7,6,2,1,2,3,6,4
32,1,15,1,1,37,19,52,89,9,82,2,3,1,7,6,3,1,2,2,6,1,5
32,1,15,1,1,52,37,19,9,40,88,1,2,3,6,7,3,2,1,2,1,3,0
32,1,15,1,0,82,9,13,52,37,19,3,6,6,1,2,3,5,1,4,2,1,2
32,1,15,1,1,52,37,19,36,15,9,1,2,3,6,1,6,2,1,2,1,3,1
32,1,15,1,0,32,24,15,52,37,19,2,1,1,1,2,3,1,2,3,2,1,2
32,1,15,1,1,52,37,19,29,9,60,1,2,3,0,6,4,2,1,2,5,1,1
32,1,15,1,0,52,37,19,15,89,21,1,2,3,1,7,3,2,1,2,3,6,3
32,1,15,1,1,52,37,19,13,82,89,1,2,3,6,3,7,2,1,2,4,5,6
32,1,15,1,1,52,37,19,92,82,18,1,2,3,2,3,2,2,1,2,3,5,3
32,1,15,1,0,46,82,9,52,37,19,6,3,6,1,2,3,5,5,1,2,1,2
32,1,15,1,1,52,37,19,13,9,32,1,2,3,6,6,2,2,1,2,4,1,1
32,1,15,1,1,52,37,19,29,95,88,1,2,3,0,3,3,2,1,2,5,3,0
32,1,15,1,1,52,37,19,31,13,82,1,2,3,6,6,3,2,1,2,4,4,5
32,1,15,1,0,83,82,13,37,19,52,6,3,6,2,3,1,4,5,4,1,2,2
32,1,15,1,0,82,87,69,37,19,52,3,1,1,2,3,1,5,1,3,1,2,2
32,1,15,1,0,45,94,82,52,37,19,6,3,3,1,2,3,1,2,5,2,1,2
32,1,15,1,1,19,37,52,29,69,25,3,2,1,0,1,1,2,1,2,5,3,2
32,1,15,1,1,52,37,19,25,9,2,1,2,3,1,6,2,2,1,2,2,1,2
32,1,15,1,1,52,37,19,32,82,9,1,2,3,2,3,6,2,1,2,1,5,1
32,1,15,1,1,37,19,52,36,13,32,2,3,1,6,6,2,1,2,2,1,4,1
32,1,15,1,1,52,37,19,55,27,13,1,2,3,1,5,6,2,1,2,2,3,4
32,1,15,1,0,13,82,42,52,19,37,6,3,2,1,3,2,4,5,1,2,2,1
32,1,15,1,1,52,37,19,94,82,36,1,2,3,3,3,6,2,1,2,2,5,1
32,1,15,1,0,45,82,13,52,37,19,6,3,6,1,2,3,1,5,4,2,1,2
32,1,15,1,0,9,46,14,94,89,95,6,6,6,3,7,3,1,5,3,2,6,3
32,1,15,1,1,95,94,89,17,13,9,3,3,7,3,6,6,3,2,6,5,4,1
32,1,15,1,0,13,9,24,95,94,89,6,6,1,3,3,7,4,1,2,3,2,6
32,1,15,1,1,95,94,89,9,25,27,3,3,7,6,1,5,3,2,6,1,2,3
32,1,15,1,0,32,13,23,95,94,89,2,6,3,3,3,7,1,4,4,3,2,6
32,1,15,1,1,94,89,95,10,82,97,3,7,3,2,3,7,2,6,3,1,5,1
32,1,15,1,0,82,34,69,95,89,94,3,1,1,3,7,3,5,3,3,3,6,2
32,1,15,1,1,94,89,95,95,9,82,3,7,3,3,6,3,2,6,3,3,1,5
32,1,15,1,0,13,82,69,95,94,89,6,3,1,3,3,7,4,5,3,3,2,6
32,1,15,1,0,82,13,9,95,94,89,3,6,6,3,3,7,5,4,1,3,2,6
32,1,15,1,1,13,27,9,95,94,89,6,5,6,3,3,7,4,3,1,3,2,6
32,1,15,1,1,95,94,89,69,25,9,3,3,7,1,1,6,3,2,6,3,2,1
32,1,15,1,0,94,9,82,95,89,94,3,6,3,3,7,3,2,1,5,3,6,2
32,1,15,1,1,95,89,94,9,13,69,3,7,3,6,6,1,3,6,2,1,4,3
32,1,15,1,1,95,94,89,82,29,9,3,3,7,3,0,6,3,2,6,5,5,1
32,1,15,1,1,89,95,94,82,89,9,7,3,3,3,7,6,6,3,2,5,6,1
32,1,15,1,1,95,94,89,29,34,36,3,3,7,0,1,6,3,2,6,5,3,1
32,1,15,1,0,95,90,24,25,9,82,3,3,1,1,6,3,3,2,2,2,1,5
32,1,15,1,1,82,9,32,13,46,95,3,6,2,6,6,3,5,1,1,4,5,3
32,1,15,1,1,9,90,13,32,46,95,6,3,6,2,6,3,1,2,4,1,5,3
32,1,15,1,0,29,9,13,45,46,95,0,6,6,6,6,3,5,1,4,1,5,3
32,1,15,1,1,95,45,46,46,69,9,3,6,6,6,1,6,3,1,5,5,3,1
32,1,15,1,1,46,45,95,55,36,9,6,6,3,1,6,6,5,1,3,2,1,1
32,1,15,1,0,13,82,90,46,57,95,6,3,3,6,3,3,4,5,2,5,1,3
32,1,15,1,0,9,69,82,46,57,95,6,1,3,6,3,3,1,3,5,5,1,3
4,7,2,5,1,76,90,43,53,27,10,3,3,0,5,5,2,1,2,1,2,3,1
32,1,15,1,0,53,9,82,21,74,84,5,6,3,3,2,5,2,1,5,3,3,3
32,1,15,1,0,21,74,84,82,15,31,3,2,5,3,1,6,3,3,3,5,3,4
22,6,1,4,0,87,9,14,81,50,52,1,6,6,3,0,1,1,1,3,3,3,2
32,1,15,1,0,57,13,32,13,82,9,3,6,2,6,3,6,1,4,1,4,5,1
32,1,15,1,0,9,13,37,13,32,92,6,6,2,6,2,2,1,4,1,4,1,3
32,1,15,1,1,69,6,19,89,32,92,1,4,3,7,2,2,3,1,2,6,1,3
32,1,15,1,1,32,60,92,82,13,9,2,4,2,3,6,6,1,1,3,5,4,1
32,1,15,1,1,32,92,60,94,9,82,2,2,4,3,6,3,1,3,1,2,1,5
32,1,15,1,1,32,92,60,23,69,82,2,2,4,3,1,3,1,3,1,4,3,5
32,1,15,1,1,32,92,60,46,9,12,2,2,4,6,6,4,1,3,1,5,1,4
32,1,15,1,0,13,82,9,60,92,32,6,3,6,4,2,2,4,5,1,1,3,1
32,1,15,1,0,19,82,9,92,60,13,3,3,6,2,4,6,2,5,1,3,1,4
32,1,15,1,1,13,92,60,89,9,82,6,2,4,7,6,3,4,3,1,6,1,5
32,1,15,1,1,13,92,60,9,89,90,6,2,4,6,7,3,4,3,1,1,6,2
32,1,15,1,0,82,13,89,13,92,60,3,6,7,6,2,4,5,4,6,4,3,1
32,1,15,1,0,9,65,23,13,60,92,6,1,3,6,4,2,1,3,4,4,1,3
32,1,15,1,0,24,32,82,13,60,92,1,2,3,6,4,2,2,1,5,4,1,3
32,1,15,1,0,47,9,13,13,60,92,7,6,6,6,4,2,3,1,4,4,1,3
32,1,15,1,1,90,82,59,9,82,83,3,3,3,6,3,6,2,5,3,1,5,4
32,1,15,1,0,13,82,96,83,82,9,6,3,0,6,3,6,4,5,5,4,5,1
32,1,15,1,0,69,82,9,9,83,82,1,3,6,6,6,3,3,5,1,1,4,5
32,1,15,1,1,9,82,83,45,23,24,6,3,6,6,3,1,1,5,4,1,4,2
32,1,15,1,0,9,83,82,9,82,88,6,6,3,6,3,3,1,4,5,1,5,0
32,1,15,1,0,29,74,13,82,9,83,0,2,6,3,6,6,5,3,4,5,1,4
32,1,15,1,0,9,13,82,82,9,83,6,6,3,3,6,6,1,4,5,5,1,4
32,1,15,1,0,69,95,82,9,83,82,1,3,3,6,6,3,3,3,5,1,4,5
32,1,15,1,1,82,9,83,94,16,55,3,6,6,3,5,1,5,1,4,2,3,2
32,1,15,1,1,82,9,83,4,69,9,3,6,6,6,1,6,5,1,4,1,3,1
32,1,15,1,1,23,80,13,83,6,9,3,5,6,6,4,6,4,4,4,4,1,1
32,1,15,1,1,83,9,6,9,31,13,6,6,4,6,6,6,4,1,1,1,4,4
32,1,15,1,0,23,13,9,9,6,83,3,6,6,6,4,6,4,4,1,1,1,4
32,1,15,1,0,69,13,82,83,9,6,1,6,3,6,6,4,3,4,5,4,1,1
32,1,15,1,1,23,82,59,83,6,9,3,3,3,6,4,6,4,5,3,4,1,1
32,1,15,1,0,6,88,13,83,9,6,4,3,6,6,6,4,1,0,4,4,1,1
32,1,15,1,1,9,83,6,9,13,82,6,6,4,6,6,3,1,4,1,1,4,5
32,1,15,1,1,9,83,6,9,82,13,6,6,4,6,3,6,1,4,1,1,5,4
32,1,15,1,1,9,6,83,82,9,23,6,4,6,3,6,3,1,1,4,5,1,4
32,1,15,1,1,83,9,6,13,82,29,6,6,4,6,3,0,4,1,1,4,5,5
32,1,15,1,0,82,56,13,9,6,83,3,1,6,6,4,6,5,3,4,1,1,4
32,1,15,1,1,83,9,6,9,13,69,6,6,4,6,6,1,4,1,1,1,4,3
32,1,15,1,0,5,82,80,6,9,83,0,3,5,4,6,6,4,5,4,1,1,4
32,1,15,1,1,9,83,6,82,90,9,6,6,4,3,3,6,1,4,1,5,2,1
32,1,15,1,1,9,83,6,32,69,9,6,6,4,2,1,6,1,4,1,1,3,1
3,0,13,0,1,69,16,71,3,25,34,1,5,4,4,1,1,3,3,1,1,2,3
3,0,13,0,0,38,34,25,69,25,3,2,1,1,1,1,4,3,3,2,3,2,1
3,0,13,0,1,38,25,34,25,13,89,2,1,1,1,6,7,3,2,3,2,4,6
3,0,13,0,1,34,25,38,44,40,6,1,1,2,5,7,4,3,2,3,5,3,1
3,0,13,0,1,69,90,55,38,51,25,1,3,1,2,7,1,3,2,2,3,6,2
3,0,13,0,0,41,3,78,38,51,25,5,4,7,2,7,1,3,1,2,3,6,2
3,0,13,0,1,69,55,79,38,25,51,1,1,4,2,1,7,3,2,1,3,2,6
3,0,13,0,1,38,51,25,25,96,10,2,7,1,1,0,2,3,6,2,2,5,1
3,0,13,0,1,10,69,90,51,38,25,2,1,3,7,2,1,1,3,2,6,3,2
3,0,13,0,1,38,25,51,37,57,82,2,1,7,2,3,3,3,2,6,1,1,5
32,1,15,1,1,9,25,89,32,94,13,6,1,7,2,3,6,1,2,6,1,2,4
32,1,15,1,0,32,29,13,32,25,13,2,0,6,2,1,6,1,5,4,1,2,4
32,1,15,1,1,32,13,29,98,9,25,2,6,0,2,6,1,1,4,5,3,1,2
32,1,15,1,1,32,29,13,89,9,13,2,0,6,7,6,6,1,5,4,6,1,4
32,1,15,1,1,82,13,9,32,72,13,3,6,6,2,3,6,5,4,1,1,4,4
32,1,15,1,1,32,13,72,69,82,32,2,6,3,1,3,2,1,4,4,3,5,1
32,1,15,1,1,32,72,13,74,23,89,2,3,6,2,3,7,1,4,4,3,4,6
32,1,15,1,0,82,36,89,72,13,32,3,6,7,3,6,2,5,1,6,4,4,1
32,1,15,1,1,72,13,32,29,9,23,3,6,2,0,6,3,4,4,1,5,1,4
32,1,15,1,1,32,13,72,74,9,13,2,6,3,2,6,6,1,4,4,3,1,4
3,0,13,0,0,16,7,23,82,71,61,5,4,3,3,4,4,3,1,4,5,1,1
3,0,13,0,0,71,23,79,55,82,38,4,3,4,1,3,2,1,4,1,2,5,3
3,0,13,0,0,71,82,43,79,89,78,4,3,0,4,7,7,1,5,1,1,6,2
3,0,13,0,0,71,44,34,71,43,78,4,5,1,4,0,7,1,5,3,1,1,2
3,0,13,0,1,38,89,23,44,79,71,2,7,3,5,4,4,3,6,4,5,1,1
3,0,13,0,0,79,7,41,79,69,71,4,4,5,4,1,4,1,1,3,1,3,1
3,0,13,0,1,71,69,79,55,71,12,4,1,4,1,4,4,1,3,1,2,1,4
3,0,13,0,0,79,55,88,23,61,71,4,1,3,3,4,4,1,2,0,4,1,1
3,0,13,0,1,92,3,89,55,51,71,2,4,7,1,7,4,3,1,6,2,6,1
3,0,13,0,1,55,51,71,44,55,38,1,7,4,5,1,2,2,6,1,5,2,3
3,0,13,0,1,55,51,71,61,55,12,1,7,4,4,1,4,2,6,1,1,2,4
3,0,13,0,1,55,79,71,79,69,55,1,4,4,4,1,1,2,1,1,1,3,2
3,0,13,0,1,55,79,71,79,33,12,1,4,4,4,3,4,2,1,1,1,3,4
32,1,15,1,0,6,42,88,90,13,89,4,2,3,3,6,7,1,1,0,2,4,6
32,1,15,1,0,60,82,42,88,32,23,4,3,2,3,2,3,1,5,1,0,1,4
32,1,15,1,1,60,82,42,90,9,82,4,3,2,3,6,3,1,5,1,2,1,5
32,1,15,1,1,82,60,42,94,60,9,3,4,2,3,4,6,5,1,1,2,1,1
32,1,15,1,0,9,36,46,19,7,69,6,6,6,3,4,1,1,1,5,2,1,3
32,1,15,1,0,9,30,29,68,55,52,6,1,0,3,1,1,1,1,5,3,2,2
32,1,15,1,0,1,78,36,55,52,68,7,7,6,1,1,3,3,2,1,2,2,3
32,1,15,1,1,68,60,52,13,89,31,3,4,1,6,7,6,3,1,2,4,6,4
32,1,15,1,1,68,58,52,4,24,82,3,2,1,6,1,3,3,3,2,1,2,5
32,1,15,1,0,82,34,89,68,58,52,3,1,7,3,2,1,5,3,6,3,3,2
32,1,15,1,0,90,16,23,68,58,52,3,5,3,3,2,1,2,3,4,3,3,2
32,1,15,1,1,68,58,52,29,13,49,3,2,1,0,6,2,3,3,2,5,4,5
32,1,15,1,0,9,90,89,68,58,52,6,3,7,3,2,1,1,2,6,3,3,2
32,1,15,1,0,72,9,52,68,10,52,3,6,1,3,2,1,4,1,2,3,1,2
32,1,15,1,0,36,82,53,10,68,52,6,3,5,2,3,1,1,5,2,1,3,2
32,1,15,1,1,68,52,10,27,9,94,3,1,2,5,6,3,3,2,1,3,1,2
32,1,15,1,1,72,13,90,68,10,52,3,6,3,3,2,1,4,4,2,3,1,2
32,1,15,1,0,88,69,29,68,10,52,3,1,0,3,2,1,0,3,5,3,1,2
32,1,15,1,1,68,10,52,32,82,34,3,2,1,2,3,1,3,1,2,1,5,3
32,1,15,1,1,68,52,19,66,9,15,3,1,3,1,6,1,3,2,2,3,1,3
32,1,15,1,0,9,19,69,68,19,52,6,3,1,3,3,1,1,2,3,3,2,2
32,1,15,1,0,9,13,12,68,19,52,6,6,4,3,3,1,1,4,4,3,2,2
32,1,15,1,1,82,9,15,6,32,46,3,6,1,4,2,6,5,1,3,1,1,5
32,1,15,1,1,13,32,89,6,46,32,6,2,7,4,6,2,4,1,6,1,5,1
32,1,15,1,0,9,82,94,19,46,32,6,3,3,3,6,2,1,5,2,2,5,1
32,1,15,1,1,32,19,46,29,9,13,2,3,6,0,6,6,1,2,5,5,1,4
32,1,15,1,1,19,46,32,13,9,23,3,6,2,6,6,3,2,5,1,4,1,4
32,1,15,1,0,82,89,94,52,25,32,3,7,3,1,1,2,5,6,2,2,2,1
32,1,15,1,1,52,25,32,32,90,82,1,1,2,2,3,3,2,2,1,1,2,5
32,1,15,1,1,89,15,9,67,88,87,7,1,6,7,3,1,6,3,1,3,0,1
32,1,15,1,0,69,94,82,95,88,87,1,3,3,3,3,1,3,2,5,3,0,1
32,1,15,1,0,82,90,9,95,88,87,3,3,6,3,3,1,5,2,1,3,0,1
32,1,15,1,1,88,95,87,69,1,65,3,3,1,1,7,1,0,3,1,3,3,3
32,1,15,1,1,95,88,87,30,9,27,3,3,1,1,6,5,3,0,1,1,1,3
32,1,15,1,1,95,88,87,9,15,82,3,3,1,6,1,3,3,0,1,1,3,5
32,1,15,1,1,95,88,87,30,23,9,3,3,1,1,3,6,3,0,1,1,4,1
32,1,15,1,1,95,88,87,13,34,96,3,3,1,6,1,0,3,0,1,4,3,5
32,1,15,1,1,95,87,88,82,13,9,3,1,3,3,6,6,3,1,0,5,4,1
2,3,0,1,1,9,65,58,13,9,93,6,1,2,6,6,1,1,3,3,4,1,1
22,6,1,4,1,50,97,84,45,50,69,0,7,5,6,0,1,3,1,3,1,3,3
22,6,1,4,0,50,97,84,9,89,32,0,7,5,6,7,2,3,1,3,1,6,1
22,6,1,4,1,97,84,50,52,69,66,7,5,0,1,1,1,1,3,3,2,3,3
22,6,1,4,1,50,97,84,30,5,89,0,7,5,1,0,7,3,1,3,1,4,6
22,6,1,4,0,90,25,9,97,50,84,3,1,6,7,0,5,2,2,1,1,3,3
22,6,1,4,0,24,89,94,50,97,84,1,7,3,0,7,5,2,6,2,3,1,3
22,6,1,4,1,50,97,84,27,56,89,0,7,5,5,1,7,3,1,3,3,3,6
22,6,1,4,1,52,89,9,50,97,84,1,7,6,0,7,5,2,6,1,3,1,3
22,6,1,4,0,9,27,89,50,97,84,6,5,7,0,7,5,1,3,6,3,1,3
22,6,1,4,0,9,45,66,50,97,84,6,6,1,0,7,5,1,1,3,3,1,3
22,6,1,4,0,45,50,87,50,84,97,6,0,1,0,5,7,1,3,1,3,3,1
22,6,1,4,0,8,53,89,97,50,84,5,5,7,7,0,5,1,2,6,1,3,3
22,6,1,4,1,97,50,84,36,17,9,7,0,5,6,3,6,1,3,3,1,5,1
22,6,1,4,0,45,89,68,50,97,84,6,7,3,0,7,5,1,6,3,3,1,3
28,2,9,1,0,82,77,61,56,90,63,3,0,4,1,3,7,5,5,1,3,2,1
28,2,9,1,1,56,90,63,90,32,61,1,3,7,3,2,4,3,2,1,2,1,1
28,2,9,1,0,12,71,17,56,90,63,4,4,3,1,3,7,4,1,5,3,2,1
28,2,9,1,1,56,90,79,29,36,69,1,3,4,0,6,1,3,2,1,5,1,3
28,2,9,1,1,56,90,63,80,90,69,1,3,7,5,3,1,3,2,1,4,2,3
28,2,9,1,1,56,90,63,82,69,94,1,3,7,3,1,3,3,2,1,5,3,2
28,2,9,1,1,56,63,79,23,69,55,1,7,4,3,1,1,3,1,1,4,3,2
28,2,9,1,1,56,90,63,32,41,37,1,3,7,2,5,2,3,2,1,1,3,1
28,2,9,1,1,56,90,63,9,89,79,1,3,7,6,7,4,3,2,1,1,6,1
28,2,9,1,0,82,93,72,56,10,2,3,1,3,1,2,2,5,1,4,3,1,2
28,2,9,1,0,56,69,82,56,10,79,1,1,3,1,2,4,3,3,5,3,1,1
28,2,9,1,1,56,26,2,69,78,25,1,6,2,1,7,1,3,5,2,3,2,2
28,2,9,1,1,26,2,79,23,61,34,6,2,4,3,4,1,5,2,1,4,1,3
28,2,9,1,1,56,26,2,69,55,82,1,6,2,1,1,3,3,5,2,3,2,5
28,2,9,1,0,62,90,9,56,26,2,5,3,6,1,6,2,3,2,1,3,5,2
28,2,9,1,1,56,26,2,32,26,9,1,6,2,2,6,6,3,5,2,1,5,1
28,2,9,1,1,56,26,2,23,55,9,1,6,2,3,1,6,3,5,2,4,2,1
28,2,9,1,0,9,43,96,26,2,79,6,0,0,6,2,4,1,1,5,5,2,1
28,2,9,1,0,29,43,69,56,26,2,0,0,1,1,6,2,5,1,3,3,5,2
28,2,9,1,0,93,2,6,56,26,2,1,2,4,1,6,2,1,2,1,3,5,2
28,2,9,1,1,56,24,2,36,82,69,1,1,2,6,3,1,3,2,2,1,5,3
28,2,9,1,1,24,2,79,43,36,26,1,2,4,0,6,6,2,2,1,1,1,5
28,2,9,1,1,90,89,6,79,56,24,3,7,4,4,1,1,2,6,1,1,3,2
28,2,9,1,1,56,24,2,69,15,82,1,1,2,1,1,3,3,2,2,3,3,5
32,1,15,1,1,23,89,9,89,25,67,3,7,6,7,1,7,4,6,1,6,2,3
32,1,15,1,1,9,82,13,89,25,67,6,3,6,7,1,7,1,5,4,6,2,3
3,0,13,0,1,69,40,82,16,55,67,1,7,3,5,1,7,3,3,5,3,2,3
3,0,13,0,1,77,52,43,61,16,67,0,1,0,4,5,7,5,2,1,1,3,3
3,0,13,0,0,10,44,52,61,16,67,2,5,1,4,5,7,1,5,2,1,3,3
3,0,13,0,1,79,3,78,16,67,17,4,4,7,5,7,3,1,1,2,3,3,5
3,0,13,0,0,55,67,16,25,78,89,1,7,5,1,7,7,2,3,3,2,2,6
3,0,13,0,1,55,16,67,71,79,61,1,5,7,4,4,4,2,3,3,1,1,1
3,0,13,0,0,89,61,78,16,55,67,7,4,7,5,1,7,6,1,2,3,2,3
3,0,13,0,0,80,17,52,16,55,67,5,3,1,5,1,7,4,5,2,3,2,3
3,0,13,0,0,79,69,25,16,55,67,4,1,1,5,1,7,1,3,2,3,2,3
3,0,13,0,1,16,67,69,6,89,38,5,7,1,4,7,2,3,3,3,1,6,3
3,0,13,0,0,55,69,16,67,16,55,1,1,5,7,5,1,2,3,3,3,3,2
22,6,1,4,0,67,97,5,69,89,9,7,7,0,1,7,6,3,1,4,3,6,1
22,6,1,4,0,97,67,5,9,52,50,7,7,0,6,1,0,1,3,4,1,2,3
32,1,15,1,0,74,82,67,13,37,89,2,3,7,6,2,7,3,5,3,4,1,6
32,1,15,1,0,74,82,67,13,82,60,2,3,7,6,3,4,3,5,3,4,5,1
32,1,15,1,1,74,82,67,82,13,9,2,3,7,3,6,6,3,5,3,5,4,1
4,7,2,5,0,48,38,27,13,69,55,4,2,5,6,1,1,3,3,3,4,3,2
4,7,2,5,1,48,27,38,53,23,82,4,5,2,5,3,3,3,3,3,2,4,5
4,7,2,5,1,9,48,16,38,27,48,6,4,5,2,5,4,1,3,3,3,3,3
4,7,2,5,1,48,38,27,55,89,50,4,2,5,1,7,0,3,3,3,2,6,3
4,7,2,5,1,27,48,38,11,50,25,5,4,2,4,0,1,3,3,3,1,3,2
4,7,2,5,1,57,11,29,27,48,40,3,4,0,5,4,7,1,1,5,3,3,3
4,7,2,5,0,89,32,55,27,48,38,7,2,1,5,4,2,6,1,2,3,3,3
4,7,2,5,1,48,27,38,25,35,12,4,5,2,1,7,4,3,3,3,2,3,4
4,7,2,5,0,10,66,53,53,26,61,2,1,5,5,6,4,1,3,2,2,5,1
4,7,2,5,1,83,40,53,43,56,82,6,7,5,0,1,3,4,3,2,1,3,5
4,7,2,5,1,83,53,40,96,25,79,6,5,7,0,1,4,4,2,3,5,2,1
4,7,2,5,0,37,25,40,83,53,40,2,1,7,6,5,7,1,2,3,4,2,3
4,7,2,5,1,83,40,53,96,55,43,6,7,5,0,1,0,4,3,2,5,2,1
4,7,2,5,1,40,83,53,89,79,56,7,6,5,7,4,1,3,4,2,6,1,3
4,7,2,5,1,26,10,53,83,40,53,6,2,5,6,7,5,5,1,2,4,3,2
4,7,2,5,1,83,40,53,27,89,12,6,7,5,5,7,4,4,3,2,3,6,4
4,7,2,5,0,83,27,14,83,40,53,6,5,6,6,7,5,4,3,3,4,3,2
4,7,2,5,1,83,40,53,16,25,92,6,7,5,5,1,2,4,3,2,3,2,3
4,7,2,5,0,82,10,61,83,53,40,3,2,4,6,5,7,5,1,1,4,2,3
4,7,2,5,1,83,40,53,67,56,77,6,7,5,7,1,0,4,3,2,3,3,5
4,7,2,5,0,55,89,19,83,53,40,1,7,3,6,5,7,2,6,2,4,2,3
4,7,2,5,1,83,40,53,30,77,61,6,7,5,1,0,4,4,3,2,1,5,1
4,7,2,5,1,83,40,53,76,94,32,6,7,5,3,3,2,4,3,2,1,2,1
4,7,2,5,0,0,82,96,83,40,53,3,3,0,6,7,5,5,5,5,4,3,2
4,7,2,5,1,83,40,53,93,13,82,6,7,5,1,6,3,4,3,2,1,4,5
23,5,8,3,0,56,89,23,23,24,13,1,7,3,3,1,6,3,6,4,4,2,4
23,5,8,3,0,74,66,42,23,24,13,2,1,2,3,1,6,3,3,1,4,2,4
2,3,0,1,0,69,15,86,55,90,42,1,1,2,1,3,2,3,3,2,2,2,1
4,7,2,5,1,36,25,53,89,12,76,6,1,5,7,4,3,1,2,2,6,4,1
4,7,2,5,0,7,61,9,25,53,36,4,4,6,1,5,6,1,1,1,2,2,1
4,7,2,5,1,25,36,53,3,16,9,1,6,5,4,5,6,2,1,2,1,3,1
4,7,2,5,0,12,25,16,36,25,53,4,1,5,6,1,5,4,2,3,1,2,2
4,7,2,5,0,90,25,41,36,25,53,3,1,5,6,1,5,2,2,3,1,2,2
4,7,2,5,0,61,12,9,36,25,53,4,4,6,6,1,5,1,4,1,1,2,2
4,7,2,5,1,53,25,36,89,55,43,5,1,6,7,1,0,2,2,1,6,2,1
4,7,2,5,0,61,55,70,36,25,53,4,1,2,6,1,5,1,2,3,1,2,2
4,7,2,5,0,53,40,61,25,36,53,5,7,4,1,6,5,2,3,1,2,1,2
4,7,2,5,0,25,89,9,25,53,36,1,7,6,1,5,6,2,6,1,2,2,1
4,7,2,5,0,1,56,40,25,36,53,7,1,7,1,6,5,3,3,3,2,1,2
4,7,2,5,1,25,36,53,38,89,79,1,6,5,2,7,4,2,1,2,3,6,1
4,7,2,5,0,25,36,53,69,13,53,1,6,5,1,6,5,2,1,2,3,4,2
4,7,2,5,1,53,36,25,89,53,26,5,6,1,7,5,6,2,1,2,6,2,5
4,7,2,5,0,89,16,10,53,36,25,7,5,2,5,6,1,6,3,1,2,1,2
4,7,2,5,1,36,25,53,23,57,12,6,1,5,3,3,4,1,2,2,4,1,4
4,7,2,5,1,25,53,36,41,27,51,1,5,6,5,5,7,2,2,1,3,3,6
4,7,2,5,0,96,61,79,36,25,53,0,4,4,6,1,5,5,1,1,1,2,2
4,7,2,5,0,23,6,61,25,53,36,3,4,4,1,5,6,4,1,1,2,2,1
4,7,2,5,0,55,69,25,25,53,36,1,1,1,1,5,6,2,3,2,2,2,1
4,7,2,5,0,76,38,89,25,53,36,3,2,7,1,5,6,1,3,6,2,2,1
4,7,2,5,0,53,10,27,25,53,36,5,2,5,1,5,6,2,1,3,2,2,1
4,7,2,5,0,44,89,48,25,36,53,5,7,4,1,6,5,5,6,3,2,1,2
4,7,2,5,0,12,23,69,53,36,25,4,3,1,5,6,1,4,4,3,2,1,2
4,7,2,5,0,9,53,79,25,36,53,6,5,4,1,6,5,1,2,1,2,1,2
32,1,15,1,0,4,86,9,29,36,35,6,2,6,0,6,7,1,2,1,5,1,3
32,1,15,1,0,32,82,97,90,78,88,2,3,7,3,7,3,1,5,1,2,2,0
32,1,15,1,1,90,78,88,25,82,13,3,7,3,1,3,6,2,2,0,2,5,4
32,1,15,1,0,89,13,9,90,88,78,7,6,6,3,3,7,6,4,1,2,0,2
32,1,15,1,0,82,42,88,90,78,88,3,2,3,3,7,3,5,1,0,2,2,0
32,1,15,1,0,82,24,9,90,78,88,3,1,6,3,7,3,5,2,1,2,2,0
32,1,15,1,0,13,32,82,90,78,88,6,2,3,3,7,3,4,1,5,2,2,0
32,1,15,1,1,90,78,88,9,82,13,3,7,3,6,3,6,2,2,0,1,5,4
32,1,15,1,1,90,78,88,9,13,89,3,7,3,6,6,7,2,2,0,1,4,6
32,1,15,1,0,10,9,13,90,78,88,2,6,6,3,7,3,1,1,4,2,2,0
32,1,15,1,1,90,78,88,9,32,82,3,7,3,6,2,3,2,2,0,1,1,5
32,1,15,1,1,90,78,88,17,13,9,3,7,3,3,6,6,2,2,0,5,4,1
32,1,15,1,1,90,78,88,55,82,23,3,7,3,1,3,3,2,2,0,2,5,4
32,1,15,1,0,95,9,13,90,88,78,3,6,6,3,3,7,3,1,4,2,0,2
32,1,15,1,1,90,78,88,82,96,31,3,7,3,3,0,6,2,2,0,5,5,4
32,1,15,1,0,79,82,13,88,78,90,4,3,6,3,7,3,1,5,4,0,2,2
32,1,15,1,0,80,13,32,90,78,88,5,6,2,3,7,3,4,4,1,2,2,0
32,1,15,1,1,90,78,88,9,72,82,3,7,3,6,3,3,2,2,0,1,4,5
32,1,15,1,1,90,78,88,9,82,74,3,7,3,6,3,2,2,2,0,1,5,3
32,1,15,1,0,9,13,82,90,78,88,6,6,3,3,7,3,1,4,5,2,2,0
32,1,15,1,1,55,82,9,90,88,78,1,3,6,3,3,7,2,5,1,2,0,2
32,1,15,1,0,13,89,9,90,88,78,6,7,6,3,3,7,4,6,1,2,0,2
32,1,15,1,1,90,78,88,69,9,13,3,7,3,1,6,6,2,2,0,3,1,4
32,1,15,1,0,46,60,42,78,88,90,6,4,2,7,3,3,5,1,1,2,0,2
32,1,15,1,1,90,78,88,13,32,9,3,7,3,6,2,6,2,2,0,4,1,1
4,7,2,5,0,55,41,92,6,89,53,1,5,2,4,7,5,2,3,3,1,6,2
4,7,2,5,0,83,69,79,92,41,12,6,1,4,2,5,4,4,3,1,3,3,4
4,7,2,5,1,41,92,3,96,16,11,5,2,4,0,5,4,3,3,1,5,3,1
4,7,2,5,0,55,67,79,41,92,30,1,7,4,5,2,1,2,3,1,3,3,1
4,7,2,5,0,96,82,51,30,41,92,0,3,7,1,5,2,5,5,6,1,3,3
4,7,2,5,1,12,92,41,0,93,75,4,2,5,3,1,5,4,3,3,5,1,1
4,7,2,5,0,55,25,66,34,70,61,1,1,1,1,2,4,2,2,3,3,3,1
4,7,2,5,0,71,96,55,61,34,70,4,0,1,4,1,2,1,5,2,1,3,3
4,7,2,5,0,30,79,56,34,70,61,1,4,1,1,2,4,1,1,3,3,3,1
4,7,2,5,0,89,74,32,34,23,70,7,2,2,1,3,2,6,3,1,3,4,3
4,7,2,5,0,25,33,30,34,70,69,1,3,1,1,2,1,2,3,1,3,3,3
4,7,2,5,1,34,69,70,70,17,29,1,1,2,2,3,0,3,3,3,3,5,5
4,7,2,5,1,34,27,70,55,9,69,1,5,2,1,6,1,3,3,3,2,1,3
4,7,2,5,1,34,70,27,9,0,77,1,2,5,6,3,0,3,3,3,1,5,5
4,7,2,5,1,34,70,27,55,79,10,1,2,5,1,4,2,3,3,3,2,1,1
4,7,2,5,1,34,70,27,82,74,43,1,2,5,3,2,0,3,3,3,5,3,1
4,7,2,5,1,34,70,79,96,71,12,1,2,4,0,4,4,3,3,1,5,1,4
4,7,2,5,1,34,79,70,60,30,56,1,4,2,4,1,1,3,1,3,1,1,3
4,7,2,5,1,34,70,27,12,90,71,1,2,5,4,3,4,3,3,3,4,2,1
4,7,2,5,1,70,55,27,16,78,34,2,1,5,5,7,1,3,2,3,3,2,3
4,7,2,5,1,55,70,27,35,30,29,1,2,5,7,1,0,2,3,3,3,1,5
4,7,2,5,0,70,93,56,55,70,27,2,1,1,1,2,5,3,1,3,2,3,3
4,7,2,5,1,23,27,70,23,53,12,3,5,2,3,5,4,4,3,3,4,2,4
4,7,2,5,1,23,27,70,14,15,23,3,5,2,6,1,3,4,3,3,3,3,4
4,7,2,5,1,23,27,70,25,12,56,3,5,2,1,4,1,4,3,3,2,4,3
32,1,15,1,0,82,13,69,6,83,1,3,6,1,4,6,7,5,4,3,1,4,3
32,1,15,1,1,6,83,1,9,13,23,4,6,7,6,6,3,1,4,3,1,4,4
32,1,15,1,0,51,69,9,6,83,1,7,1,6,4,6,7,6,3,1,1,4,3
32,1,15,1,0,63,82,24,6,83,1,7,3,1,4,6,7,1,5,2,1,4,3
32,1,15,1,0,82,30,9,6,94,83,3,1,6,4,3,6,5,1,1,1,2,4
32,1,15,1,1,94,6,83,26,9,25,3,4,6,6,6,1,2,1,4,5,1,2
32,1,15,1,1,94,83,6,9,19,82,3,6,4,6,3,3,2,4,1,1,2,5
32,1,15,1,0,9,82,69,94,6,83,6,3,1,3,4,6,1,5,3,2,1,4
32,1,15,1,0,69,90,31,6,83,82,1,3,6,4,6,3,3,2,4,1,4,5
32,1,15,1,0,25,17,9,6,83,82,1,3,6,4,6,3,2,5,1,1,4,5
32,1,15,1,0,80,19,10,82,6,83,5,3,2,3,4,6,4,2,1,5,1,4
32,1,15,1,0,13,9,69,6,83,82,6,6,1,4,6,3,4,1,3,1,4,5
32,1,15,1,0,36,83,82,9,94,13,6,6,3,6,3,6,1,4,5,1,2,4
32,1,15,1,0,94,25,31,82,36,83,3,1,6,3,6,6,2,2,4,5,1,4
32,1,15,1,1,82,36,83,13,9,82,3,6,6,6,6,3,5,1,4,4,1,5
32,1,15,1,0,82,68,13,82,36,83,3,3,6,3,6,6,5,3,4,5,1,4
32,1,15,1,0,9,52,82,82,36,83,6,1,3,3,6,6,1,2,5,5,1,4
32,1,15,1,1,82,36,83,9,32,82,3,6,6,6,2,3,5,1,4,1,1,5
32,1,15,1,1,36,19,89,82,13,83,6,3,7,3,6,6,1,2,6,5,4,4
32,1,15,1,1,82,83,13,34,36,9,3,6,6,1,6,6,5,4,4,3,1,1
32,1,15,1,1,82,13,83,15,88,9,3,6,6,1,3,6,5,4,4,3,0,1
32,1,15,1,0,9,69,96,13,83,82,6,1,0,6,6,3,1,3,5,4,4,5
32,1,15,1,0,13,69,82,82,13,1,6,1,3,3,6,7,4,3,5,5,4,3
32,1,15,1,0,23,65,30,13,1,82,3,1,1,6,7,3,4,3,1,4,3,5
32,1,15,1,0,82,36,95,82,13,1,3,6,3,3,6,7,5,1,3,5,4,3
32,1,15,1,0,9,24,56,42,15,88,6,1,1,2,1,3,1,2,3,1,3,0
32,1,15,1,0,89,9,69,88,42,15,7,6,1,3,2,1,6,1,3,0,1,3
32,1,15,1,1,42,88,15,9,82,69,2,3,1,6,3,1,1,0,3,1,5,3
32,1,15,1,0,69,94,9,42,88,15,1,3,6,2,3,1,3,2,1,1,0,3
32,1,15,1,1,42,15,88,90,82,36,2,1,3,3,3,6,1,3,0,2,5,1
32,1,15,1,1,42,88,15,82,14,36,2,3,1,3,6,6,1,0,3,5,3,1
32,1,15,1,1,88,9,42,36,72,94,3,6,2,6,3,3,0,1,1,1,4,2
32,1,15,1,1,9,89,90,36,72,94,6,7,3,6,3,3,1,6,2,1,4,2
32,1,15,1,0,82,36,13,36,94,72,3,6,6,6,3,3,5,1,4,1,2,4
32,1,15,1,1,36,72,94,17,32,9,6,3,3,3,2,6,1,4,2,5,1,1
32,1,15,1,0,9,13,89,94,72,36,6,6,7,3,3,6,1,4,6,2,4,1
32,1,15,1,0,31,9,82,36,72,94,6,6,3,6,3,3,4,1,5,1,4,2
32,1,15,1,1,23,5,72,36,32,72,3,0,3,6,2,3,4,4,4,1,1,4
32,1,15,1,1,36,32,72,52,25,82,6,2,3,1,1,3,1,1,4,2,2,5
32,1,15,1,1,36,32,72,69,82,9,6,2,3,1,3,6,1,1,4,3,5,1
32,1,15,1,0,14,82,97,36,32,72,6,3,7,6,2,3,3,5,1,1,1,4
32,1,15,1,0,9,17,23,36,32,72,6,3,3,6,2,3,1,5,4,1,1,4
32,1,15,1,1,36,6,72,55,9,13,6,4,3,1,6,6,1,1,4,2,1,4
32,1,15,1,1,9,82,23,6,4,72,6,3,3,4,6,3,1,5,4,1,1,4
32,1,15,1,0,9,89,69,72,4,6,6,7,1,3,6,4,1,6,3,4,1,1
32,1,15,1,0,9,61,36,4,6,72,6,4,6,6,4,3,1,1,1,1,1,4
32,1,15,1,1,4,31,6,82,13,9,6,6,4,3,6,6,1,4,1,5,4,1
32,1,15,1,1,6,31,4,23,9,13,4,6,6,3,6,6,1,4,1,4,1,4
32,1,15,1,0,80,29,9,4,6,31,5,0,6,6,4,6,4,5,1,1,1,4
32,1,15,1,0,13,27,69,6,4,31,6,5,1,4,6,6,4,3,3,1,1,4
4,7,2,5,1,89,27,41,55,12,67,7,5,5,1,4,7,6,3,3,2,4,3
4,7,2,5,0,55,12,67,13,45,27,1,4,7,6,6,5,2,4,3,4,1,3
4,7,2,5,1,55,67,12,76,90,43,1,7,4,3,3,0,2,3,4,1,2,1
4,7,2,5,1,55,12,67,61,92,1,1,4,7,4,2,7,2,4,3,1,3,3
4,7,2,5,1,38,23,69,55,67,12,2,3,1,1,7,4,3,4,3,2,3,4
4,7,2,5,1,17,61,44,55,12,67,3,4,5,1,4,7,5,1,5,2,4,3
4,7,2,5,0,55,12,25,55,12,67,1,4,1,1,4,7,2,4,2,2,4,3
4,7,2,5,1,55,12,67,79,66,82,1,4,7,4,1,3,2,4,3,1,3,5
4,7,2,5,0,12,23,9,55,12,67,4,3,6,1,4,7,4,4,1,2,4,3
4,7,2,5,0,55,12,67,40,9,89,1,4,7,7,6,7,2,4,3,3,1,6
4,7,2,5,0,89,53,73,55,12,67,7,5,7,1,4,7,6,2,3,2,4,3
4,7,2,5,0,25,24,90,55,12,67,1,1,3,1,4,7,2,2,2,2,4,3
4,7,2,5,0,55,25,61,67,12,55,1,1,4,7,4,1,2,2,1,3,4,2
4,7,2,5,1,89,96,16,55,12,67,7,0,5,1,4,7,6,5,3,2,4,3
4,7,2,5,0,69,25,93,55,67,12,1,1,1,1,7,4,3,2,1,2,3,4
4,7,2,5,0,32,1,2,55,12,67,2,7,2,1,4,7,1,3,2,2,4,3
4,7,2,5,0,78,12,67,60,27,55,7,4,7,4,5,1,2,4,3,1,3,2
4,7,2,5,1,78,67,12,23,69,55,7,7,4,3,1,1,2,3,4,4,3,2
4,7,2,5,1,27,48,61,78,67,12,5,4,4,7,7,4,3,3,1,2,3,4
3,0,13,0,0,78,67,12,79,55,78,7,7,4,4,1,7,2,3,4,1,2,2
3,0,13,0,1,69,82,57,78,67,12,1,3,3,7,7,4,3,5,1,2,3,4
3,0,13,0,0,25,78,55,78,12,67,1,7,1,7,4,7,2,2,2,2,4,3
4,7,2,5,0,93,89,9,61,32,12,1,7,6,4,2,4,1,6,1,1,1,4
4,7,2,5,0,56,79,43,12,61,32,1,4,0,4,4,2,3,1,1,4,1,1
4,7,2,5,1,32,61,12,80,55,12,2,4,4,5,1,4,1,1,4,4,2,4
4,7,2,5,1,41,55,79,12,6,55,5,1,4,4,4,1,3,2,1,4,1,2
4,7,2,5,0,71,90,55,55,41,79,4,3,1,1,5,4,1,2,2,2,3,1
4,7,2,5,0,17,9,89,55,41,79,3,6,7,1,5,4,5,1,6,2,3,1
4,7,2,5,1,55,41,79,90,25,10,1,5,4,3,1,2,2,3,1,2,2,1
4,7,2,5,0,55,79,61,41,55,79,1,4,4,5,1,4,2,1,1,3,2,1
4,7,2,5,0,12,22,43,55,41,79,4,3,0,1,5,4,4,1,1,2,3,1
4,7,2,5,1,41,55,79,25,38,17,5,1,4,1,2,3,3,2,1,2,3,5
4,7,2,5,1,55,41,79,34,79,17,1,5,4,1,4,3,2,3,1,3,1,5
4,7,2,5,0,55,41,79,53,10,26,1,5,4,5,2,6,2,3,1,2,1,5
4,7,2,5,0,61,30,17,41,55,79,4,1,3,5,1,4,1,1,5,3,2,1
4,7,2,5,1,41,55,79,16,90,17,5,1,4,5,3,3,3,2,1,3,2,5
4,7,2,5,0,16,26,53,55,41,79,5,6,5,1,5,4,3,5,2,2,3,1
4,7,2,5,1,55,79,41,53,26,5,1,4,5,5,6,0,2,1,3,2,5,4
4,7,2,5,0,23,80,3,41,55,79,3,5,4,5,1,4,4,4,1,3,2,1
4,7,2,5,1,92,10,89,41,79,55,2,2,7,5,4,1,3,1,6,3,1,2
4,7,2,5,0,90,1,96,55,79,41,3,7,0,1,4,5,2,3,5,2,1,3
4,7,2,5,0,44,96,97,55,79,41,5,0,7,1,4,5,5,5,1,2,1,3
4,7,2,5,0,55,41,38,36,53,82,1,5,2,6,5,3,2,3,3,1,2,5
4,7,2,5,0,55,79,90,55,38,41,1,4,3,1,2,5,2,1,2,2,3,3
4,7,2,5,0,69,61,33,55,38,41,1,4,3,1,2,5,3,1,3,2,3,3
4,7,2,5,0,12,89,44,55,41,38,4,7,5,1,5,2,4,6,5,2,3,3
4,7,2,5,1,1,89,99,41,55,38,7,7,7,5,1,2,3,6,3,3,2,3
4,7,2,5,0,30,69,7,55,41,38,1,1,4,1,5,2,1,3,1,2,3,3
4,7,2,5,0,44,13,38,41,55,38,5,6,2,5,1,2,5,4,3,3,2,3
4,7,2,5,1,55,41,38,16,6,23,1,5,2,5,4,3,2,3,3,3,1,4
32,1,15,1,1,32,74,97,9,89,13,2,2,7,6,7,6,1,3,1,1,6,4
32,1,15,1,0,36,13,49,32,74,97,6,6,2,2,2,7,1,4,5,1,3,1
32,1,15,1,1,74,32,97,82,9,58,2,2,7,3,6,2,3,1,1,5,1,3
32,1,15,1,1,32,74,97,9,34,82,2,2,7,6,1,3,1,3,1,1,3,5
32,1,15,1,1,32,74,97,9,15,32,2,2,7,6,1,2,1,3,1,1,3,1
32,1,15,1,0,13,9,95,32,74,97,6,6,3,2,2,7,4,1,3,1,3,1
32,1,15,1,0,13,72,82,32,74,97,6,3,3,2,2,7,4,4,5,1,3,1
32,1,15,1,0,88,89,90,32,74,97,3,7,3,2,2,7,0,6,2,1,3,1
32,1,15,1,1,32,97,74,31,9,82,2,7,2,6,6,3,1,1,3,4,1,5
32,1,15,1,0,89,82,25,32,74,97,7,3,1,2,2,7,6,5,2,1,3,1
32,1,15,1,0,82,13,10,32,74,97,3,6,2,2,2,7,5,4,1,1,3,1
32,1,15,1,0,82,69,9,32,74,97,3,1,6,2,2,7,5,3,1,1,3,1
32,1,15,1,0,9,82,90,32,74,97,6,3,3,2,2,7,1,5,2,1,3,1
32,1,15,1,1,74,97,32,36,82,9,2,7,2,6,3,6,3,1,1,1,5,1
32,1,15,1,1,97,32,74,55,32,36,7,2,2,1,2,6,1,1,3,2,1,1
32,1,15,1,0,89,9,82,32,97,74,7,6,3,2,7,2,6,1,5,1,1,3
32,1,15,1,1,32,74,97,82,13,98,2,2,7,3,6,2,1,3,1,5,4,3
32,1,15,1,0,29,1,9,32,74,97,0,7,6,2,2,7,5,3,1,1,3,1
32,1,15,1,1,59,19,55,72,90,19,3,3,1,3,3,3,3,2,2,4,2,2
32,1,15,1,0,82,88,9,19,55,59,3,3,6,3,1,3,5,0,1,2,2,3
32,1,15,1,0,87,82,89,9,82,13,1,3,7,6,3,6,1,5,6,1,5,4
32,1,15,1,1,13,82,89,89,13,25,6,3,7,7,6,1,4,5,6,6,4,2
32,1,15,1,1,99,59,9,89,13,90,7,3,6,7,6,3,3,3,1,6,4,2
32,1,15,1,0,19,10,36,99,59,9,3,2,6,7,3,6,2,1,1,3,3,1
4,7,2,5,1,38,16,14,48,3,79,2,5,6,4,4,4,3,3,3,3,1,1
4,7,2,5,1,16,69,66,48,79,3,5,1,1,4,4,4,3,3,3,3,1,1
4,7,2,5,0,12,6,61,48,79,3,4,4,4,4,4,4,4,1,1,3,1,1
4,7,2,5,0,79,25,38,48,3,79,4,1,2,4,4,4,1,2,3,3,1,1
4,7,2,5,0,89,79,61,3,79,48,7,4,4,4,4,4,6,1,1,1,1,3
4,7,2,5,0,55,48,3,69,40,56,1,4,4,1,7,1,2,3,1,3,3,3
4,7,2,5,1,55,3,48,53,89,26,1,4,4,5,7,6,2,1,3,2,6,5
4,7,2,5,0,25,63,89,55,48,3,1,7,7,1,4,4,2,1,6,2,3,1
4,7,2,5,0,16,11,43,55,3,48,5,4,0,1,4,4,3,1,1,2,1,3
4,7,2,5,1,10,82,55,25,3,48,2,3,1,1,4,4,1,5,2,2,1,3
4,7,2,5,0,55,9,60,25,48,3,1,6,4,1,4,4,2,1,1,2,3,1
4,7,2,5,1,1,79,14,44,48,3,7,4,6,5,4,4,3,1,3,5,3,1
4,7,2,5,1,44,3,48,61,76,3,5,4,4,4,3,4,5,1,3,1,1,1
4,7,2,5,1,48,44,3,44,7,12,4,5,4,5,4,4,3,5,1,5,1,4
4,7,2,5,1,44,48,3,0,9,82,5,4,4,3,6,3,5,3,1,5,1,5
4,7,2,5,1,44,48,3,29,34,15,5,4,4,0,1,1,5,3,1,5,3,3
32,1,15,1,0,82,9,15,13,95,74,3,6,1,6,3,2,5,1,3,4,3,3
32,1,15,1,1,95,74,13,23,82,25,3,2,6,3,3,1,3,3,4,4,5,2
32,1,15,1,1,13,95,74,13,9,16,6,3,2,6,6,5,4,3,3,4,1,3
32,1,15,1,0,13,89,24,13,74,95,6,7,1,6,2,3,4,6,2,4,3,3
32,1,15,1,0,72,82,13,74,95,13,3,3,6,2,3,6,4,5,4,3,3,4
32,1,15,1,0,74,95,13,36,82,89,2,3,6,6,3,7,3,3,4,1,5,6
32,1,15,1,0,89,82,9,13,74,95,7,3,6,6,2,3,6,5,1,4,3,3
32,1,15,1,0,6,9,13,13,74,95,4,6,6,6,2,3,1,1,4,4,3,3
32,1,15,1,1,95,13,74,25,9,89,3,6,2,1,6,7,3,4,3,2,1,6
32,1,15,1,0,23,82,69,13,95,74,3,3,1,6,3,2,4,5,3,4,3,3
32,1,15,1,1,95,74,13,9,89,82,3,2,6,6,7,3,3,3,4,1,6,5
32,1,15,1,0,13,74,95,82,13,9,6,2,3,3,6,6,4,3,3,5,4,1
32,1,15,1,0,90,95,52,13,1,74,3,3,1,6,7,2,2,3,2,4,3,3
32,1,15,1,1,13,74,86,19,88,89,6,2,2,3,3,7,4,3,2,2,0,6
32,1,15,1,0,9,82,89,86,13,74,6,3,7,2,6,2,1,5,6,2,4,3
32,1,15,1,0,82,23,9,74,13,86,3,3,6,2,6,2,5,4,1,3,4,2
32,1,15,1,0,13,27,9,86,74,13,6,5,6,2,2,6,4,3,1,2,3,4
32,1,15,1,0,69,13,25,13,74,86,1,6,1,6,2,2,3,4,2,4,3,2
32,1,15,1,0,27,93,69,13,86,74,5,1,1,6,2,2,3,1,3,4,2,3
32,1,15,1,1,13,74,86,13,9,89,6,2,2,6,6,7,4,3,2,4,1,6
32,1,15,1,1,13,86,74,9,13,6,6,2,2,6,6,4,4,2,3,1,4,1
32,1,15,1,0,82,9,13,13,74,86,3,6,6,6,2,2,5,1,4,4,3,2
32,1,15,1,0,82,9,13,13,74,86,3,6,6,6,2,2,5,1,4,4,3,2
32,1,15,1,0,27,32,9,74,86,13,5,2,6,2,2,6,3,1,1,3,2,4
32,1,15,1,1,64,13,72,23,82,13,6,6,3,3,3,6,2,4,4,4,5,4
32,1,15,1,0,46,82,84,64,13,72,6,3,5,6,6,3,5,5,3,2,4,4
32,1,15,1,1,64,13,72,58,32,67,6,6,3,2,2,7,2,4,4,3,1,3
32,1,15,1,1,25,13,72,93,61,9,1,6,3,1,4,6,2,4,4,1,1,1
32,1,15,1,0,90,32,13,25,13,72,3,2,6,1,6,3,2,1,4,2,4,4
32,1,15,1,0,94,82,62,25,13,72,3,3,5,1,6,3,2,5,3,2,4,4
32,1,15,1,1,32,90,89,13,25,72,2,3,7,6,1,3,1,2,6,4,2,4
32,1,15,1,1,25,13,72,25,32,13,1,6,3,1,2,6,2,4,4,2,1,4
32,1,15,1,1,25,13,72,9,14,82,1,6,3,6,6,3,2,4,4,1,3,5
32,1,15,1,0,80,88,55,72,25,13,5,3,1,3,1,6,4,0,2,4,2,4
4,7,2,5,0,12,66,79,79,55,41,4,1,4,4,1,5,4,3,1,1,2,3
4,7,2,5,0,55,44,79,79,41,55,1,5,4,4,5,1,2,5,1,1,3,2
4,7,2,5,0,43,70,30,79,55,41,0,2,1,4,1,5,1,3,1,1,2,3
4,7,2,5,0,19,69,40,79,55,41,3,1,7,4,1,5,2,3,3,1,2,3
4,7,2,5,0,96,54,92,79,55,41,0,0,2,4,1,5,5,1,3,1,2,3
4,7,2,5,0,92,73,61,79,61,41,2,7,4,4,4,5,3,3,1,1,1,3
32,1,15,1,1,32,23,36,9,15,97,2,3,6,6,1,7,1,4,1,1,3,1
32,1,15,1,0,19,25,74,32,23,36,3,1,2,2,3,6,2,2,3,1,4,1
32,1,15,1,0,25,88,84,32,23,36,1,3,5,2,3,6,2,0,3,1,4,1
32,1,15,1,0,36,90,89,32,36,23,6,3,7,2,6,3,1,2,6,1,1,4
32,1,15,1,1,23,32,36,69,55,89,3,2,6,1,1,7,4,1,1,3,2,6
32,1,15,1,1,32,23,36,42,82,9,2,3,6,2,3,6,1,4,1,1,5,1
32,1,15,1,1,32,23,36,96,10,18,2,3,6,0,2,2,1,4,1,5,1,3
4,7,2,5,1,43,41,3,68,61,63,0,5,4,3,4,7,1,3,1,3,1,1
4,7,2,5,1,43,41,3,34,25,79,0,5,4,1,1,4,1,3,1,3,2,1
4,7,2,5,1,16,43,3,48,30,25,5,0,4,4,1,1,3,1,1,3,1,2
4,7,2,5,0,82,79,90,16,43,3,3,4,3,5,0,4,5,1,2,3,1,1
4,7,2,5,0,90,23,82,43,16,3,3,3,3,0,5,4,2,4,5,1,3,1
4,7,2,5,1,3,16,89,16,90,79,4,5,7,5,3,4,1,3,6,3,2,1
4,7,2,5,1,25,36,55,16,79,41,1,6,1,5,4,5,2,1,2,3,1,3
4,7,2,5,1,16,79,41,3,12,78,5,4,5,4,4,7,3,1,3,1,4,2
4,7,2,5,0,70,60,29,16,79,41,2,4,0,5,4,5,3,1,5,3,1,3
4,7,2,5,1,33,79,41,79,16,89,3,4,5,4,5,7,3,1,3,1,3,6
4,7,2,5,1,79,41,33,16,55,23,4,5,3,5,1,3,1,3,3,3,2,4
4,7,2,5,0,69,10,94,33,79,41,1,2,3,3,4,5,3,1,2,3,1,3
4,7,2,5,1,33,41,79,93,64,24,3,5,4,1,6,1,3,3,1,1,2,2
4,7,2,5,0,34,25,55,33,79,41,1,1,1,3,4,5,3,2,2,3,1,3
4,7,2,5,1,33,79,41,79,82,56,3,4,5,4,3,1,3,1,3,1,5,3
4,7,2,5,1,33,79,41,69,40,78,3,4,5,1,7,7,3,1,3,3,3,2
4,7,2,5,1,79,41,65,79,55,82,4,5,1,4,1,3,1,3,3,1,2,5
4,7,2,5,1,48,61,38,74,69,39,4,4,2,2,1,7,3,1,3,3,3,3
4,7,2,5,1,10,53,26,80,39,69,2,5,6,5,7,1,1,2,5,4,3,3
4,7,2,5,1,80,39,38,79,82,55,5,7,2,4,3,1,4,3,3,1,5,2
4,7,2,5,0,43,25,89,80,39,13,0,1,7,5,7,6,1,2,6,4,3,4
4,7,2,5,0,3,61,79,13,80,39,4,4,4,6,5,7,1,1,1,4,4,3
4,7,2,5,0,13,39,80,77,61,25,6,7,5,0,4,1,4,3,4,5,1,2
4,7,2,5,0,61,9,16,80,13,39,4,6,5,5,6,7,1,1,3,4,4,3
4,7,2,5,1,80,39,13,29,89,79,5,7,6,0,7,4,4,3,4,5,6,1
32,1,15,1,0,9,13,82,17,82,9,6,6,3,3,3,6,1,4,5,5,5,1
32,1,15,1,0,32,67,9,9,17,82,2,7,6,6,3,3,1,3,1,1,5,5
32,1,15,1,1,9,59,17,9,89,69,6,3,3,6,7,1,1,3,5,1,6,3
32,1,15,1,1,32,36,9,9,62,87,2,6,6,6,5,1,1,1,1,1,3,1
32,1,15,1,1,9,87,62,94,23,9,6,1,5,3,3,6,1,1,3,2,4,1
32,1,15,1,1,87,9,62,9,10,89,1,6,5,6,2,7,1,1,3,1,1,6
32,1,15,1,1,9,87,62,89,19,13,6,1,5,7,3,6,1,1,3,6,2,4
32,1,15,1,0,9,82,25,87,9,62,6,3,1,1,6,5,1,5,2,1,1,3
32,1,15,1,0,72,27,31,19,87,9,3,5,6,3,1,6,4,3,4,2,1,1
32,1,15,1,0,13,82,31,87,9,19,6,3,6,1,6,3,4,5,4,1,1,2
32,1,15,1,1,92,87,19,46,89,69,2,1,3,6,7,1,3,1,2,5,6,3
32,1,15,1,0,32,92,13,13,60,89,2,2,6,6,4,7,1,3,4,4,1,6
32,1,15,1,0,9,88,82,13,60,89,6,3,3,6,4,7,1,0,5,4,1,6
32,1,15,1,0,9,13,82,60,89,13,6,6,3,4,7,6,1,4,5,1,6,4
32,1,15,1,1,60,13,89,51,82,89,4,6,7,7,3,7,1,4,6,6,5,6
32,1,15,1,1,13,60,89,9,89,82,6,4,7,6,7,3,4,1,6,1,6,5
32,1,15,1,0,9,13,89,13,60,89,6,6,7,6,4,7,1,4,6,4,1,6
32,1,15,1,0,89,9,13,13,60,89,7,6,6,6,4,7,6,1,4,4,1,6
32,1,15,1,1,13,60,89,9,94,42,6,4,7,6,3,2,4,1,6,1,2,1
32,1,15,1,1,74,89,9,13,60,89,2,7,6,6,4,7,3,6,1,4,1,6
32,1,15,1,0,82,9,40,13,60,89,3,6,7,6,4,7,5,1,3,4,1,6
32,1,15,1,1,89,13,60,23,46,13,7,6,4,3,6,6,6,4,1,4,5,4
32,1,15,1,0,89,9,32,13,60,89,7,6,2,6,4,7,6,1,1,4,1,6
32,1,15,1,1,13,60,89,9,82,13,6,4,7,6,3,6,4,1,6,1,5,4
32,1,15,1,1,13,89,60,9,89,81,6,7,4,6,7,3,4,6,1,1,6,3
32,1,15,1,0,10,82,9,90,13,89,2,3,6,3,6,7,1,5,1,2,4,6
32,1,15,1,1,10,82,9,82,89,9,2,3,6,3,7,6,1,5,1,5,6,1
32,1,15,1,1,82,10,9,90,10,9,3,2,6,3,2,6,5,1,1,2,1,1
32,1,15,1,1,90,89,9,13,10,9,3,7,6,6,2,6,2,6,1,4,1,1
32,1,15,1,0,82,9,13,13,90,9,3,6,6,6,3,6,5,1,4,4,2,1
32,1,15,1,0,89,82,9,90,13,9,7,3,6,3,6,6,6,5,1,2,4,1
32,1,15,1,1,13,9,90,69,9,23,6,6,3,1,6,3,4,1,2,3,1,4
32,1,15,1,1,13,90,9,13,19,45,6,3,6,6,3,6,4,2,1,4,2,1
32,1,15,1,0,89,9,19,25,90,9,7,6,3,1,3,6,6,1,2,2,2,1
32,1,15,1,0,89,9,81,25,9,90,7,6,3,1,6,3,6,1,3,2,1,2
32,1,15,1,0,9,46,10,25,90,9,6,6,2,1,3,6,1,5,1,2,2,1
32,1,15,1,1,25,9,90,89,13,9,1,6,3,7,6,6,2,1,2,6,4,1
32,1,15,1,0,9,82,13,25,90,9,6,3,6,1,3,6,1,5,4,2,2,1
32,1,15,1,1,25,9,90,13,89,9,1,6,3,6,7,6,2,1,2,4,6,1
32,1,15,1,0,25,90,9,89,13,9,1,3,6,7,6,6,2,2,1,6,4,1
32,1,15,1,1,25,90,9,69,9,82,1,3,6,1,6,3,2,2,1,3,1,5
32,1,15,1,1,25,90,9,81,2,82,1,3,6,3,2,3,2,2,1,3,2,5
32,1,15,1,1,25,90,9,31,9,4,1,3,6,6,6,6,2,2,1,4,1,1
4,7,2,5,1,25,55,10,25,89,6,1,1,2,1,7,4,2,2,1,2,6,1
4,7,2,5,0,12,23,43,55,25,69,4,3,0,1,1,1,4,4,1,2,2,3
4,7,2,5,1,23,61,70,89,16,25,3,4,2,7,5,1,4,1,3,6,3,2
4,7,2,5,1,89,16,25,89,49,40,7,5,1,7,2,7,6,3,2,6,5,3
22,6,1,4,0,81,87,89,9,89,46,3,1,7,6,7,6,3,1,6,1,6,5
2,3,0,1,1,71,9,55,9,95,23,4,6,1,6,3,3,1,1,2,1,3,4
2,3,0,1,0,36,3,69,69,55,9,6,4,1,1,1,6,1,1,3,3,2,1
2,3,0,1,1,82,69,52,15,69,32,3,1,1,1,1,2,5,3,2,3,3,1
2,3,0,1,1,69,52,9,69,62,89,1,1,6,1,5,7,3,2,1,3,3,6
2,3,0,1,0,90,34,15,52,9,69,3,1,1,1,6,1,2,3,3,2,1,3
2,3,0,1,1,69,82,52,34,11,79,1,3,1,1,4,4,3,5,2,3,1,1
2,3,0,1,1,34,69,93,69,47,22,1,1,1,1,7,3,3,3,1,3,3,1
2,3,0,1,1,69,62,22,90,15,94,1,5,3,3,1,3,3,3,1,2,3,2
2,3,0,1,0,69,55,22,43,23,41,1,1,3,0,3,5,3,2,1,1,4,3
3,0,13,0,0,7,90,61,0,78,16,4,3,4,3,7,5,1,2,1,5,2,3
2,3,0,1,1,88,80,94,69,34,9,3,5,3,1,1,6,0,4,2,3,3,1
2,3,0,1,1,9,82,12,88,13,69,6,3,4,3,6,1,1,5,4,0,4,3
2,3,0,1,0,69,9,29,69,88,9,1,6,0,1,3,6,3,1,5,3,0,1
2,3,0,1,0,13,69,78,9,69,88,6,1,7,6,1,3,4,3,2,1,3,0
2,3,0,1,0,69,32,23,88,37,23,1,2,3,3,2,3,3,1,4,0,1,4
2,3,0,1,0,69,42,9,69,23,88,1,2,6,1,3,3,3,1,1,3,4,0
2,3,0,1,1,88,31,23,90,95,34,3,6,3,3,3,1,0,4,4,2,3,3
2,3,0,1,1,90,65,88,85,69,34,3,1,3,1,1,1,2,3,0,1,3,3
2,3,0,1,0,69,46,19,69,53,36,1,6,3,1,5,6,3,5,2,3,2,1
2,3,0,1,1,69,34,19,69,9,36,1,1,3,1,6,6,3,3,2,3,1,1
2,3,0,1,0,69,82,34,19,69,34,1,3,1,3,1,1,3,5,3,2,3,3
2,3,0,1,1,19,34,69,82,34,69,3,1,1,3,1,1,2,3,3,5,3,3
2,3,0,1,1,9,69,19,69,9,88,6,1,3,1,6,3,1,3,2,3,1,0
2,3,0,1,0,69,52,19,69,19,42,1,1,3,1,3,2,3,2,2,3,2,1
33,3,0,1,0,9,13,30,9,15,19,6,6,1,6,1,3,1,4,1,1,3,2
32,1,15,1,1,60,42,82,13,82,72,4,2,3,6,3,3,1,1,5,4,5,4
32,1,15,1,0,13,9,25,42,82,60,6,6,1,2,3,4,4,1,2,1,5,1
32,1,15,1,1,60,42,82,13,95,27,4,2,3,6,3,5,1,1,5,4,3,3
32,1,15,1,0,9,82,10,60,42,82,6,3,2,4,2,3,1,5,1,1,1,5
32,1,15,1,0,9,88,89,60,42,82,6,3,7,4,2,3,1,0,6,1,1,5
32,1,15,1,1,60,42,82,82,89,9,4,2,3,3,7,6,1,1,5,5,6,1
32,1,15,1,0,72,82,86,60,42,82,3,3,2,4,2,3,4,5,2,1,1,5
32,1,15,1,0,82,89,18,60,42,82,3,7,2,4,2,3,5,6,3,1,1,5
32,1,15,1,0,9,13,88,60,42,82,6,6,3,4,2,3,1,4,0,1,1,5
32,1,15,1,1,60,42,82,89,13,32,4,2,3,7,6,2,1,1,5,6,4,1
32,1,15,1,1,25,99,59,23,31,82,1,7,3,3,6,3,2,3,3,4,4,5
3,0,13,0,0,71,99,51,69,25,79,4,7,7,1,1,4,1,3,6,3,2,1
3,0,13,0,1,71,99,51,2,82,55,4,7,7,2,3,1,1,3,6,2,5,2
3,0,13,0,0,61,55,84,71,99,89,4,1,5,4,7,7,1,2,3,1,3,6
3,0,13,0,1,71,99,89,23,79,43,4,7,7,3,4,0,1,3,6,4,1,1
3,0,13,0,1,71,99,89,25,16,82,4,7,7,1,5,3,1,3,6,2,3,5
3,0,13,0,1,71,89,99,83,29,96,4,7,7,6,0,0,1,6,3,4,5,5
32,1,15,1,0,41,69,82,88,35,89,5,1,3,3,7,7,3,3,5,0,3,6
32,1,15,1,0,9,23,13,88,35,89,6,3,6,3,7,7,1,4,4,0,3,6
32,1,15,1,0,23,65,13,88,35,89,3,1,6,3,7,7,4,3,4,0,3,6
32,1,15,1,0,69,80,9,88,35,89,1,5,6,3,7,7,3,4,1,0,3,6
32,1,15,1,1,88,89,35,80,13,27,3,7,7,5,6,5,0,6,3,4,4,3
32,1,15,1,1,88,35,32,79,29,13,3,7,2,4,0,6,0,3,1,1,5,4
32,1,15,1,0,29,94,42,88,35,32,0,3,2,3,7,2,5,2,1,0,3,1
32,1,15,1,0,46,90,31,88,97,32,6,3,6,3,7,2,5,2,4,0,1,1
2,3,0,1,0,16,65,90,9,49,69,5,1,3,6,2,1,3,3,2,1,5,3
28,2,9,1,0,25,61,32,26,82,42,1,4,2,6,3,2,2,1,1,5,5,1
28,2,9,1,1,26,35,82,15,0,79,6,7,3,1,3,4,5,3,5,3,5,1
28,2,9,1,1,26,35,82,4,89,69,6,7,3,6,7,1,5,3,5,1,6,3
28,2,9,1,0,54,96,34,26,35,82,0,0,1,6,7,3,1,5,3,5,3,5
28,2,9,1,1,42,56,6,9,90,12,2,1,4,6,3,4,1,3,1,1,2,4
28,2,9,1,0,55,80,96,26,56,82,1,5,0,6,1,3,2,4,5,5,3,5
28,2,9,1,0,61,32,34,26,56,82,4,2,1,6,1,3,1,1,3,5,3,5
28,2,9,1,0,96,34,6,26,56,82,0,1,4,6,1,3,5,3,1,5,3,5
28,2,9,1,1,26,56,82,61,69,55,6,1,3,4,1,1,5,3,5,1,3,2
28,2,9,1,1,26,56,82,9,49,13,6,1,3,6,2,6,5,3,5,1,5,4
3,0,13,0,0,71,0,61,12,55,89,4,3,4,4,1,7,1,5,1,4,2,6
3,0,13,0,0,76,23,69,71,61,0,3,3,1,4,4,3,1,4,3,1,1,5
3,0,13,0,0,44,69,79,0,71,61,5,1,4,3,4,4,5,3,1,5,1,1
3,0,13,0,0,0,71,61,77,80,23,3,4,4,0,5,3,5,1,1,5,4,4
3,0,13,0,1,71,0,61,16,79,34,4,3,4,5,4,1,1,5,1,3,1,3
3,0,13,0,0,79,23,30,61,71,0,4,3,1,4,4,3,1,4,1,1,1,5
3,0,13,0,0,0,71,61,16,23,6,3,4,4,5,3,4,5,1,1,3,4,1
3,0,13,0,0,55,79,82,0,71,61,1,4,3,3,4,4,2,1,5,5,1,1
3,0,13,0,1,61,71,0,79,44,25,4,4,3,4,5,1,1,1,5,1,5,2
3,0,13,0,1,16,0,55,12,10,3,5,3,1,4,2,4,3,5,2,4,1,1
22,6,1,4,0,9,81,69,89,97,9,6,3,1,7,7,6,1,3,3,6,1,1
22,6,1,4,0,37,94,9,69,9,81,2,3,6,1,6,3,1,2,1,3,1,3
32,1,15,1,1,13,32,90,94,9,13,6,2,3,3,6,6,4,1,2,2,1,4
32,1,15,1,0,25,19,88,13,94,9,1,3,3,6,3,6,2,2,0,4,2,1
32,1,15,1,0,82,89,25,94,9,13,3,7,1,3,6,6,5,6,2,2,1,4
32,1,15,1,0,82,13,9,94,13,9,3,6,6,3,6,6,5,4,1,2,4,1
4,7,2,5,0,41,81,27,89,59,70,5,3,5,7,3,2,3,3,3,6,3,3
4,7,2,5,1,81,27,41,61,71,89,3,5,5,4,4,7,3,3,3,1,1,6
4,7,2,5,0,53,26,79,92,9,17,5,6,4,2,6,3,2,5,1,3,1,5
4,7,2,5,0,26,53,79,54,55,78,6,5,4,0,1,7,5,2,1,1,2,2
4,7,2,5,0,90,29,16,26,53,79,3,0,5,6,5,4,2,5,3,5,2,1
4,7,2,5,0,23,79,55,53,79,26,3,4,1,5,4,6,4,1,2,2,1,5
4,7,2,5,1,53,79,26,27,61,82,5,4,6,5,4,3,2,1,5,3,1,5
4,7,2,5,0,26,53,79,23,40,25,6,5,4,3,7,1,5,2,1,4,3,2
4,7,2,5,1,26,79,53,61,80,41,6,4,5,4,5,5,5,1,2,1,4,3
4,7,2,5,0,81,38,7,79,55,43,3,2,4,4,1,0,3,3,1,1,2,1
4,7,2,5,1,81,7,38,3,26,53,3,4,2,4,6,5,3,1,3,1,5,2
4,7,2,5,0,25,14,61,38,7,81,1,6,4,2,4,3,2,3,1,3,1,3
4,7,2,5,1,81,38,7,30,55,78,3,2,4,1,1,7,3,3,1,1,2,2
4,7,2,5,1,38,7,81,7,82,55,2,4,3,4,3,1,3,1,3,1,5,2
4,7,2,5,0,29,23,56,38,7,81,0,3,1,2,4,3,5,4,3,3,1,3
4,7,2,5,1,81,38,7,96,55,14,3,2,4,0,1,6,3,3,1,5,2,3
4,7,2,5,0,79,89,55,81,38,7,4,7,1,3,2,4,1,6,2,3,3,1
4,7,2,5,0,48,11,30,81,38,7,4,4,1,3,2,4,3,1,1,3,3,1
4,7,2,5,1,81,7,38,92,90,30,3,4,2,2,3,1,3,1,3,3,2,1
4,7,2,5,0,15,9,89,81,38,7,1,6,7,3,2,4,3,1,6,3,3,1
4,7,2,5,1,38,7,81,9,16,55,2,4,3,6,5,1,3,1,3,1,3,2
4,7,2,5,0,25,61,16,81,38,7,1,4,5,3,2,4,2,1,3,3,3,1
4,7,2,5,0,43,6,60,81,7,38,0,4,4,3,4,2,1,1,1,3,1,3
4,7,2,5,0,29,30,3,36,7,40,0,1,4,6,4,7,5,1,1,1,1,3
4,7,2,5,1,36,40,7,40,88,44,6,7,4,7,3,5,1,3,1,3,0,5
4,7,2,5,0,89,5,25,40,7,36,7,0,1,7,4,6,6,4,2,3,1,1
4,7,2,5,0,38,79,6,14,99,76,2,4,4,6,7,3,3,1,1,3,3,1
4,7,2,5,1,38,62,14,82,79,9,2,5,6,3,4,6,3,3,3,5,1,1
4,7,2,5,1,38,62,14,79,89,16,2,5,6,4,7,5,3,3,3,1,6,3
4,7,2,5,1,38,14,62,82,92,63,2,6,5,3,2,7,3,3,3,5,3,1
4,7,2,5,0,12,44,89,1,96,79,4,5,7,7,0,4,4,5,6,3,5,1
4,7,2,5,1,55,96,79,82,61,0,1,0,4,3,4,3,2,5,1,5,1,5
4,7,2,5,1,25,53,90,38,41,79,1,5,3,2,5,4,2,2,2,3,3,1
32,1,15,1,0,42,89,9,82,9,32,2,7,6,3,6,2,1,6,1,5,1,1
32,1,15,1,1,89,42,9,54,9,82,7,2,6,0,6,3,6,1,1,1,1,5
32,1,15,1,1,89,42,9,31,32,94,7,2,6,6,2,3,6,1,1,4,1,2
32,1,15,1,1,29,21,78,82,32,9,0,3,7,3,2,6,5,3,2,5,1,1
32,1,15,1,1,13,9,15,36,1,78,6,6,1,6,7,7,4,1,3,1,3,2
32,1,15,1,1,1,36,78,69,45,82,7,6,7,1,6,3,3,1,2,3,1,5
32,1,15,1,0,9,60,23,1,78,36,6,4,3,7,7,6,1,1,4,3,2,1
32,1,15,1,1,1,36,78,46,90,82,7,6,7,6,3,3,3,1,2,5,2,5
32,1,15,1,0,30,82,13,26,94,4,1,3,6,6,3,6,1,5,4,5,2,1
32,1,15,1,1,13,52,24,88,4,16,6,1,1,3,6,5,4,2,2,0,1,3
32,1,15,1,0,69,94,13,16,13,4,1,3,6,5,6,6,3,2,4,3,4,1
32,1,15,1,0,89,94,37,94,82,9,7,3,2,3,3,6,6,2,1,2,5,1
32,1,15,1,1,89,94,37,88,89,13,7,3,2,3,7,6,6,2,1,0,6,4
32,1,15,1,0,19,90,15,89,37,94,3,3,1,7,2,3,2,2,3,6,1,2
32,1,15,1,1,72,89,94,9,89,82,3,7,3,6,7,3,4,6,2,1,6,5
32,1,15,1,0,32,29,13,72,89,94,2,0,6,3,7,3,1,5,4,4,6,2
32,1,15,1,1,82,13,9,72,74,5,3,6,6,3,2,0,5,4,1,4,3,4
32,1,15,1,1,9,82,31,13,82,37,6,3,6,6,3,2,1,5,4,4,5,1
32,1,15,1,0,26,93,9,13,37,82,6,1,6,6,2,3,5,1,1,4,1,5
32,1,15,1,0,13,82,37,69,18,59,6,3,2,1,2,3,4,5,1,3,3,3
29,1,4,1,1,13,90,69,9,32,80,6,3,1,6,2,5,4,2,3,1,1,4
29,1,4,1,0,89,83,9,13,90,69,7,6,6,6,3,1,6,4,1,4,2,3
29,1,4,1,1,13,90,69,9,89,82,6,3,1,6,7,3,4,2,3,1,6,5
29,1,4,1,1,13,69,90,89,82,24,6,1,3,7,3,1,4,3,2,6,5,2
29,1,4,1,0,13,90,69,69,23,89,6,3,1,1,3,7,4,2,3,3,4,6
23,5,8,3,0,13,66,23,89,9,13,6,1,3,7,6,6,4,3,4,6,1,4
23,5,8,3,0,13,77,23,66,9,23,6,0,3,1,6,3,4,5,4,3,1,4
23,5,8,3,0,89,9,25,13,77,23,7,6,1,6,0,3,6,1,2,4,5,4
23,5,8,3,1,89,9,88,13,77,23,7,6,3,6,0,3,6,1,0,4,5,4
23,5,8,3,1,23,13,77,74,25,72,3,6,0,2,1,3,4,4,5,3,2,4
23,5,8,3,0,72,9,13,13,77,23,3,6,6,6,0,3,4,1,4,4,5,4
23,5,8,3,1,13,77,23,13,23,9,6,0,3,6,3,6,4,5,4,4,4,1
23,5,8,3,0,13,53,89,13,24,23,6,5,7,6,1,3,4,2,6,4,2,4
23,5,8,3,0,13,24,23,13,66,9,6,1,3,6,1,6,4,2,4,4,3,1
23,5,8,3,1,30,23,13,32,9,23,1,3,6,2,6,3,1,4,4,1,1,4
23,5,8,3,0,23,61,13,13,30,23,3,4,6,6,1,3,4,1,4,4,1,4
23,5,8,3,1,13,23,30,13,89,9,6,3,1,6,7,6,4,4,1,4,6,1
23,5,8,3,1,13,30,23,82,89,23,6,1,3,3,7,3,4,1,4,5,6,4
23,5,8,3,1,13,30,23,89,9,13,6,1,3,7,6,6,4,1,4,6,1,4
23,5,8,3,0,82,66,89,13,30,23,3,1,7,6,1,3,5,3,6,4,1,4
23,5,8,3,1,13,23,89,13,30,23,6,3,7,6,1,3,4,4,6,4,1,4
23,5,8,3,0,13,30,23,89,66,9,6,1,3,7,1,6,4,1,4,6,3,1
23,5,8,3,0,82,23,9,13,23,30,3,3,6,6,3,1,5,4,1,4,4,1
23,5,8,3,0,9,23,89,13,77,23,6,3,7,6,0,3,1,4,6,4,5,4
23,5,8,3,0,89,90,9,23,13,77,7,3,6,3,6,0,6,2,1,4,4,5
3,0,13,0,0,12,69,44,61,25,55,4,1,5,4,1,1,4,3,5,1,2,2
3,0,13,0,1,16,69,81,53,55,17,5,1,3,5,1,3,3,3,3,2,2,5
3,0,13,0,1,12,89,37,79,90,32,4,7,2,4,3,2,4,6,1,1,2,1
3,0,13,0,0,61,79,25,79,61,12,4,4,1,4,4,4,1,1,2,1,1,4
3,0,13,0,1,55,51,61,25,79,12,1,7,4,1,4,4,2,6,1,2,1,4
3,0,13,0,1,7,51,79,11,97,80,4,7,4,4,7,5,1,6,1,1,1,4
32,1,15,1,0,19,13,89,13,64,23,3,6,7,6,6,3,2,4,6,4,2,4
32,1,15,1,0,82,8,13,23,13,64,3,5,6,3,6,6,5,1,4,4,4,2
32,1,15,1,0,89,13,82,15,13,23,7,6,3,1,6,3,6,4,5,3,4,4
32,1,15,1,0,55,88,82,23,64,13,1,3,3,3,6,6,2,0,5,4,2,4
32,1,15,1,0,89,30,69,13,23,64,7,1,1,6,3,6,6,1,3,4,4,2
32,1,15,1,1,36,13,23,9,13,82,6,6,3,6,6,3,1,4,4,1,4,5
32,1,15,1,1,32,89,13,13,6,9,2,7,6,6,4,6,1,6,4,4,1,1
32,1,15,1,1,6,9,13,82,9,6,4,6,6,3,6,4,1,1,4,5,1,1
32,1,15,1,1,9,6,13,82,89,13,6,4,6,3,7,6,1,1,4,5,6,4
32,1,15,1,0,13,6,9,89,82,9,6,4,6,7,3,6,4,1,1,6,5,1
32,1,15,1,1,6,13,9,6,82,13,4,6,6,4,3,6,1,4,1,1,5,4
32,1,15,1,1,6,13,9,32,13,89,4,6,6,2,6,7,1,4,1,1,4,6
32,1,15,1,1,9,6,13,59,82,99,6,4,6,3,3,7,1,1,4,3,5,3
32,1,15,1,1,9,89,88,6,13,9,6,7,3,4,6,6,1,6,0,1,4,1
28,2,9,1,1,62,78,74,36,82,69,5,7,2,6,3,1,3,2,3,1,5,3
28,2,9,1,1,78,55,74,12,94,32,7,1,2,4,3,2,2,2,3,4,2,1
28,2,9,1,1,55,74,62,48,89,90,1,2,5,4,7,3,2,3,3,3,6,2
28,2,9,1,1,74,62,78,55,37,2,2,5,7,1,2,2,3,3,2,2,1,2
28,2,9,1,1,55,78,74,24,71,12,1,7,2,1,4,4,2,2,3,2,1,4
28,2,9,1,1,78,55,74,23,34,9,7,1,2,3,1,6,2,2,3,4,3,1
28,2,9,1,0,25,70,94,78,74,55,1,2,3,7,2,1,2,3,2,2,3,2
28,2,9,1,1,55,78,74,32,9,13,1,7,2,2,6,6,2,2,3,1,1,4
28,2,9,1,1,55,74,17,92,17,9,1,2,3,2,3,6,2,3,5,3,5,1
28,2,9,1,0,89,34,69,74,55,62,7,1,1,2,1,5,6,3,3,3,2,3
28,2,9,1,0,82,62,61,78,74,55,3,5,4,7,2,1,5,3,1,2,3,2
28,2,9,1,0,5,10,95,78,55,74,0,2,3,7,1,2,4,1,3,2,2,3
28,2,9,1,0,74,56,90,69,32,34,2,1,3,1,2,1,3,3,2,3,1,3
28,2,9,1,1,60,56,90,56,19,61,4,1,3,1,3,4,1,3,2,3,2,1
28,2,9,1,0,89,25,34,74,56,90,7,1,1,2,1,3,6,2,3,3,3,2
28,2,9,1,1,74,34,60,23,82,9,2,1,4,3,3,6,3,3,1,4,5,1
28,2,9,1,1,90,61,89,56,34,90,3,4,7,1,1,3,2,1,6,3,3,2
28,2,9,1,1,56,74,34,89,82,25,1,2,1,7,3,1,3,3,3,6,5,2
28,2,9,1,1,74,56,90,69,80,82,2,1,3,1,5,3,3,3,2,3,4,5
28,2,9,1,1,74,56,90,34,25,9,2,1,3,1,1,6,3,3,2,3,2,1
28,2,9,1,0,96,16,61,56,10,34,0,5,4,1,2,1,5,3,1,3,1,3
28,2,9,1,1,74,56,90,90,86,69,2,1,3,3,2,1,3,3,2,2,2,3
28,2,9,1,1,74,6,7,33,6,25,2,4,4,3,4,1,3,1,1,3,1,2
4,7,2,5,0,55,26,50,44,61,30,1,6,0,5,4,1,2,5,3,5,1,1
4,7,2,5,0,9,43,25,26,55,62,6,0,1,6,1,5,1,1,2,5,2,3
4,7,2,5,1,55,26,62,89,53,48,1,6,5,7,5,4,2,5,3,6,2,3
4,7,2,5,0,29,69,3,55,26,62,0,1,4,1,6,5,5,3,1,2,5,3
4,7,2,5,1,55,26,40,7,32,61,1,6,7,4,2,4,2,5,3,1,1,1
4,7,2,5,1,55,26,40,25,98,56,1,6,7,1,2,1,2,5,3,2,3,3
4,7,2,5,1,55,26,40,25,23,12,1,6,7,1,3,4,2,5,3,2,4,4
4,7,2,5,1,26,55,40,61,29,23,6,1,7,4,0,3,5,2,3,1,5,4
4,7,2,5,0,32,38,17,55,26,40,2,2,3,1,6,7,1,3,5,2,5,3
4,7,2,5,1,55,26,18,61,82,23,1,6,2,4,3,3,2,5,3,1,5,4
4,7,2,5,1,26,18,55,31,80,29,6,2,1,6,5,0,5,3,2,4,4,5
4,7,2,5,1,82,89,16,18,55,90,3,7,5,2,1,3,5,6,3,3,2,2
4,7,2,5,1,55,90,18,79,25,55,1,3,2,4,1,1,2,2,3,1,2,2
4,7,2,5,1,55,90,41,23,55,6,1,3,5,3,1,4,2,2,3,4,2,1
4,7,2,5,1,55,23,41,31,80,23,1,3,5,6,5,3,2,4,3,4,4,4
4,7,2,5,0,89,44,41,30,15,82,7,5,5,1,1,3,6,5,3,1,3,5
4,7,2,5,1,41,44,89,26,89,53,5,5,7,6,7,5,3,5,6,5,6,2
4,7,2,5,0,89,25,61,89,55,41,7,1,4,7,1,5,6,2,1,6,2,3
4,7,2,5,1,89,55,41,15,89,56,7,1,5,1,7,1,6,2,3,3,6,3
4,7,2,5,1,89,55,41,92,69,79,7,1,5,2,1,4,6,2,3,3,3,1
4,7,2,5,0,61,82,25,89,55,41,4,3,1,7,1,5,1,5,2,6,2,3
4,7,2,5,0,12,32,88,89,41,55,4,2,3,7,5,1,4,1,0,6,3,2
4,7,2,5,1,76,89,22,89,55,41,3,7,3,7,1,5,1,6,1,6,2,3
4,7,2,5,1,55,41,89,12,23,90,1,5,7,4,3,3,2,3,6,4,4,2
4,7,2,5,1,40,9,53,89,55,41,7,6,5,7,1,5,3,1,2,6,2,3
32,1,15,1,1,31,84,72,82,27,13,6,5,3,3,5,6,4,3,4,5,3,4
32,1,15,1,1,31,84,72,82,9,95,6,5,3,3,6,3,4,3,4,5,1,3
32,1,15,1,1,31,72,84,13,80,9,6,3,5,6,5,6,4,4,3,4,4,1
32,1,15,1,0,9,13,25,31,72,84,6,6,1,6,3,5,1,4,2,4,4,3
32,1,15,1,0,90,9,82,31,72,84,3,6,3,6,3,5,2,1,5,4,4,3
32,1,15,1,0,24,52,9,31,84,98,1,1,6,6,5,2,2,2,1,4,3,3
32,1,15,1,0,31,84,98,89,82,13,6,5,2,7,3,6,4,3,3,6,5,4
32,1,15,1,0,13,97,84,42,82,23,6,7,5,2,3,3,4,1,3,1,5,4
32,1,15,1,0,32,13,55,13,97,84,2,6,1,6,7,5,1,4,2,4,1,3
32,1,15,1,0,82,9,69,13,97,84,3,6,1,6,7,5,5,1,3,4,1,3
32,1,15,1,1,13,97,84,42,80,82,6,7,5,2,5,3,4,1,3,1,4,5
32,1,15,1,0,89,87,13,13,84,97,7,1,6,6,5,7,6,1,4,4,3,1
32,1,15,1,1,97,84,13,82,9,23,7,5,6,3,6,3,1,3,4,5,1,4
32,1,15,1,1,13,15,29,13,97,84,6,1,0,6,7,5,4,3,5,4,1,3
32,1,15,1,1,13,97,84,36,90,9,6,7,5,6,3,6,4,1,3,1,2,1
32,1,15,1,1,84,13,97,88,36,12,5,6,7,3,6,4,3,4,1,0,1,4
4,7,2,5,1,29,89,90,41,27,8,0,7,3,5,5,5,5,6,2,3,3,1
4,7,2,5,0,41,8,27,76,5,89,5,5,5,3,0,7,3,1,3,1,4,6
4,7,2,5,0,15,76,89,27,48,8,1,3,7,5,4,5,3,1,6,3,3,1
4,7,2,5,1,25,55,92,27,56,48,1,1,2,5,1,4,2,2,3,3,3,3
4,7,2,5,0,7,70,82,27,56,48,4,2,3,5,1,4,1,3,5,3,3,3
4,7,2,5,0,89,42,53,48,56,27,7,2,5,4,1,5,6,1,2,3,3,3
4,7,2,5,1,89,55,71,48,56,27,7,1,4,4,1,5,6,2,1,3,3,3
4,7,2,5,0,10,80,26,48,56,27,2,5,6,4,1,5,1,4,5,3,3,3
32,1,15,1,0,69,9,49,69,9,82,1,6,2,1,6,3,3,1,5,3,1,5
32,1,15,1,1,89,9,13,69,9,49,7,6,6,1,6,2,6,1,4,3,1,5
32,1,15,1,0,9,79,42,32,69,46,6,4,2,2,1,6,1,1,1,1,3,5
32,1,15,1,1,9,79,42,90,55,82,6,4,2,3,1,3,1,1,1,2,2,5
32,1,15,1,0,82,13,90,9,79,4,3,6,3,6,4,6,5,4,2,1,1,1
32,1,15,1,0,23,9,25,9,79,4,3,6,1,6,4,6,4,1,2,1,1,1
32,1,15,1,0,9,80,88,9,79,4,6,5,3,6,4,6,1,4,0,1,1,1
32,1,15,1,1,9,79,4,82,9,13,6,4,6,3,6,6,1,1,1,5,1,4
32,1,15,1,0,29,82,9,9,79,4,0,3,6,6,4,6,5,5,1,1,1,1
32,1,15,1,0,9,82,29,9,4,90,6,3,0,6,6,3,1,5,5,1,1,2
32,1,15,1,1,13,94,60,9,32,4,6,3,4,6,2,6,4,2,1,1,1,1
32,1,15,1,0,9,90,13,89,82,42,6,3,6,7,3,2,1,2,4,6,5,1
32,1,15,1,0,9,82,69,89,42,82,6,3,1,7,2,3,1,5,3,6,1,5
32,1,15,1,0,49,93,13,89,82,42,2,1,6,7,3,2,5,1,4,6,5,1
32,1,15,1,1,42,89,9,13,89,87,2,7,6,6,7,1,1,6,1,4,6,1
32,1,15,1,1,89,42,9,13,82,9,7,2,6,6,3,6,6,1,1,4,5,1
32,1,15,1,0,32,13,82,42,89,18,2,6,3,2,7,2,1,4,5,1,6,3
32,1,15,1,1,89,42,18,6,9,69,7,2,2,4,6,1,6,1,3,1,1,3
32,1,15,1,1,23,42,18,13,94,30,3,2,2,6,3,1,4,1,3,4,2,1
32,1,15,1,1,23,42,18,32,82,13,3,2,2,2,3,6,4,1,3,1,5,4
32,1,15,1,0,14,82,97,23,42,18,6,3,7,3,2,2,3,5,1,4,1,3
32,1,15,1,1,74,42,18,9,46,16,2,2,2,6,6,5,3,1,3,1,5,3
32,1,15,1,1,74,42,18,89,82,9,2,2,2,7,3,6,3,1,3,6,5,1
32,1,15,1,0,37,80,13,42,74,18,2,5,6,2,2,2,1,4,4,1,3,3
32,1,15,1,1,74,42,18,90,82,95,2,2,2,3,3,3,3,1,3,2,5,3
32,1,15,1,0,69,72,25,32,82,15,1,3,1,2,3,1,3,4,2,1,5,3
32,1,15,1,1,9,93,69,82,88,90,6,1,1,3,3,3,1,1,3,5,0,2
32,1,15,1,0,88,9,37,88,90,82,3,6,2,3,3,3,0,1,1,0,2,5
32,1,15,1,1,88,90,82,82,9,13,3,3,3,3,6,6,0,2,5,5,1,4
32,1,15,1,1,82,88,90,94,82,42,3,3,3,3,3,2,5,0,2,2,5,1
32,1,15,1,1,82,88,90,89,60,36,3,3,3,7,4,6,5,0,2,6,1,1
32,1,15,1,0,82,19,67,82,88,90,3,3,7,3,3,3,5,2,3,5,0,2
32,1,15,1,0,89,9,94,82,90,88,7,6,3,3,3,3,6,1,2,5,2,0
32,1,15,1,1,31,93,90,9,89,82,6,1,3,6,7,3,4,1,2,1,6,5
32,1,15,1,1,93,31,88,13,69,9,1,6,3,6,1,6,1,4,0,4,3,1
32,1,15,1,0,31,82,93,36,23,13,6,3,1,6,3,6,4,5,1,1,4,4
32,1,15,1,1,31,82,93,82,9,13,6,3,1,3,6,6,4,5,1,5,1,4
32,1,15,1,0,69,82,6,31,82,93,1,3,4,6,3,1,3,5,1,4,5,1
32,1,15,1,0,9,36,19,87,31,82,6,6,3,1,6,3,1,1,2,1,4,5
32,1,15,1,1,13,82,83,82,87,31,6,3,6,3,1,6,4,5,4,5,1,4
32,1,15,1,0,13,95,6,82,31,87,6,3,4,3,6,1,4,3,1,5,4,1
32,1,15,1,1,31,82,87,82,32,9,6,3,1,3,2,6,4,5,1,5,1,1
32,1,15,1,1,31,82,87,13,73,82,6,3,1,6,7,3,4,5,1,4,3,5
32,1,15,1,1,31,82,87,9,89,82,6,3,1,6,7,3,4,5,1,1,6,5
32,1,15,1,1,31,82,87,31,29,9,6,3,1,6,0,6,4,5,1,4,5,1
32,1,15,1,0,89,9,32,31,82,87,7,6,2,6,3,1,6,1,1,4,5,1
32,1,15,1,0,58,90,13,31,82,87,2,3,6,6,3,1,3,2,4,4,5,1
32,1,15,1,1,87,31,82,89,23,13,1,6,3,7,3,6,1,4,5,6,4,4
32,1,15,1,0,9,13,82,31,82,87,6,6,3,6,3,1,1,4,5,4,5,1
32,1,15,1,1,82,31,87,46,32,9,3,6,1,6,2,6,5,4,1,5,1,1
4,7,2,5,0,23,79,55,74,91,12,3,4,1,2,0,4,4,1,2,3,3,4
32,1,15,1,1,44,24,88,42,68,29,5,1,3,2,3,0,5,2,0,1,3,5
32,1,15,1,1,72,89,9,44,24,88,3,7,6,5,1,3,4,6,1,5,2,0
32,1,15,1,0,82,69,9,44,24,88,3,1,6,5,1,3,5,3,1,5,2,0
32,1,15,1,0,13,82,9,44,24,88,6,3,6,5,1,3,4,5,1,5,2,0
32,1,15,1,0,9,10,13,44,24,88,6,2,6,5,1,3,1,1,4,5,2,0
32,1,15,1,1,44,24,88,23,69,82,5,1,3,3,1,3,5,2,0,4,3,5
32,1,15,1,1,44,24,88,95,89,13,5,1,3,3,7,6,5,2,0,3,6,4
32,1,15,1,0,52,9,89,44,24,88,1,6,7,5,1,3,2,1,6,5,2,0
32,1,15,1,1,44,24,88,15,9,37,5,1,3,1,6,2,5,2,0,3,1,1
32,1,15,1,1,44,24,88,69,82,64,5,1,3,1,3,6,5,2,0,3,5,2
32,1,15,1,0,69,19,9,44,24,88,1,3,6,5,1,3,3,2,1,5,2,0
32,1,15,1,0,94,6,68,9,82,95,3,4,3,6,3,3,2,1,3,1,5,3
32,1,15,1,1,94,6,68,29,69,17,3,4,3,0,1,3,2,1,3,5,3,5
32,1,15,1,1,9,89,85,72,31,60,6,7,1,3,6,4,1,6,1,4,4,1
32,1,15,1,0,13,87,82,72,31,60,6,1,3,3,6,4,4,1,5,4,4,1
32,1,15,1,0,9,25,82,72,31,60,6,1,3,3,6,4,1,2,5,4,4,1
32,1,15,1,0,89,82,10,72,60,31,7,3,2,3,4,6,6,5,1,4,1,4
32,1,15,1,0,9,25,13,72,31,60,6,1,6,3,6,4,1,2,4,4,4,1
32,1,15,1,1,72,31,60,36,29,24,3,6,4,6,0,1,4,4,1,1,5,2
32,1,15,1,0,82,13,89,72,31,60,3,6,7,3,6,4,5,4,6,4,4,1
32,1,15,1,1,72,31,60,32,82,9,3,6,4,2,3,6,4,4,1,1,5,1
32,1,15,1,1,72,31,60,13,82,60,3,6,4,6,3,4,4,4,1,4,5,1
32,1,15,1,1,72,31,60,13,9,82,3,6,4,6,6,3,4,4,1,4,1,5
32,1,15,1,0,78,13,55,72,31,60,7,6,1,3,6,4,2,4,2,4,4,1
32,1,15,1,1,72,31,60,13,82,34,3,6,4,6,3,1,4,4,1,4,5,3
22,6,1,4,0,9,89,25,93,5,97,6,7,1,1,0,7,1,6,2,1,4,1
22,6,1,4,1,5,97,93,46,82,9,0,7,1,6,3,6,4,1,1,5,5,1
22,6,1,4,0,32,86,89,5,97,93,2,2,7,0,7,1,1,2,6,4,1,1
22,6,1,4,1,97,5,93,9,87,94,7,0,1,6,1,3,1,4,1,1,1,2
22,6,1,4,1,93,97,5,89,41,45,1,7,0,7,5,6,1,1,4,6,3,1
4,7,2,5,1,56,44,55,6,30,23,1,5,1,4,1,3,3,5,2,1,1,4
4,7,2,5,1,12,16,56,76,61,10,4,5,1,3,4,2,4,3,3,1,1,1
4,7,2,5,1,12,16,56,53,35,56,4,5,1,5,7,1,4,3,3,2,3,3
4,7,2,5,1,12,16,56,56,61,79,4,5,1,1,4,4,4,3,3,3,1,1
4,7,2,5,1,14,79,44,12,44,56,6,4,5,4,5,1,3,1,5,4,5,3
4,7,2,5,1,61,79,34,12,55,56,4,4,1,4,1,1,1,1,3,4,2,3
4,7,2,5,1,12,94,9,41,55,56,4,3,6,5,1,1,4,2,1,3,2,3
4,7,2,5,1,41,55,56,85,48,82,5,1,1,1,4,3,3,2,3,1,3,5
4,7,2,5,0,44,63,79,41,55,56,5,7,4,5,1,1,5,1,1,3,2,3
4,7,2,5,1,41,56,12,55,61,0,5,1,4,1,4,3,3,3,4,2,1,5
4,7,2,5,1,41,12,56,31,93,29,5,4,1,6,1,0,3,4,3,4,1,5
4,7,2,5,1,7,84,71,44,12,56,4,5,4,5,4,1,1,3,1,5,4,3
4,7,2,5,0,55,9,32,7,56,12,1,6,2,4,1,4,2,1,1,1,3,4
4,7,2,5,1,44,12,56,78,67,55,5,4,1,7,7,1,5,4,3,2,3,2
23,5,8,3,1,56,72,13,22,51,85,1,3,6,3,7,1,3,4,4,1,6,1
23,5,8,3,0,65,66,49,72,13,56,1,1,2,3,6,1,3,3,5,4,4,3
23,5,8,3,0,56,72,13,9,89,32,1,3,6,6,7,2,3,4,4,1,6,1
23,5,8,3,0,9,23,89,13,72,56,6,3,7,6,3,1,1,4,6,4,4,3
23,5,8,3,1,65,13,89,13,72,56,1,6,7,6,3,1,3,4,6,4,4,3
32,1,15,1,0,9,89,90,82,13,72,6,7,3,3,6,3,1,6,2,5,4,4
32,1,15,1,0,82,13,72,82,89,13,3,6,3,3,7,6,5,4,4,5,6,4
32,1,15,1,1,82,72,13,94,29,9,3,3,6,3,0,6,5,4,4,2,5,1
32,1,15,1,1,82,13,72,9,90,13,3,6,3,6,3,6,5,4,4,1,2,4
32,1,15,1,1,76,36,88,82,13,72,3,6,3,3,6,3,1,1,0,5,4,4
32,1,15,1,1,72,82,13,8,13,82,3,3,6,5,6,3,4,5,4,1,4,5
32,1,15,1,1,82,13,72,23,82,32,3,6,3,3,3,2,5,4,4,4,5,1
32,1,15,1,0,9,13,72,82,13,72,6,6,3,3,6,3,1,4,4,5,4,4
32,1,15,1,0,34,9,72,13,82,72,1,6,3,6,3,3,3,1,4,4,5,4
32,1,15,1,0,88,25,82,82,72,13,3,1,3,3,3,6,0,2,5,5,4,4
32,1,15,1,0,82,13,72,13,82,27,3,6,3,6,3,5,5,4,4,4,5,3
32,1,15,1,1,82,13,72,19,82,13,3,6,3,3,3,6,5,4,4,2,5,4
32,1,15,1,0,9,82,69,82,13,72,6,3,1,3,6,3,1,5,3,5,4,4
32,1,15,1,1,13,82,72,82,9,68,6,3,3,3,6,3,4,5,4,5,1,3
32,1,15,1,1,82,13,72,93,13,36,3,6,3,1,6,6,5,4,4,1,4,1
32,1,15,1,0,60,26,32,82,32,72,4,6,2,3,2,3,1,5,1,5,1,4
32,1,15,1,0,89,86,13,82,32,72,7,2,6,3,2,3,6,2,4,5,1,4
32,1,15,1,0,82,13,72,90,89,32,3,6,3,3,7,2,5,4,4,2,6,1
32,1,15,1,1,13,82,72,13,82,27,6,3,3,6,3,5,4,5,4,4,5,3
32,1,15,1,1,9,82,13,82,72,9,6,3,6,3,3,6,1,5,4,5,4,1
32,1,15,1,0,89,82,72,9,82,13,7,3,3,6,3,6,6,5,4,1,5,4
32,1,15,1,1,82,89,72,9,27,13,3,7,3,6,5,6,5,6,4,1,3,4
32,1,15,1,1,82,72,89,15,13,9,3,3,7,1,6,6,5,4,6,3,4,1
32,1,15,1,1,10,90,82,89,72,82,2,3,3,7,3,3,1,2,5,6,4,5
32,1,15,1,1,82,89,72,74,72,92,3,7,3,2,3,2,5,6,4,3,4,3
3,0,13,0,1,71,25,56,78,79,55,4,1,1,7,4,1,1,2,3,2,1,2
3,0,13,0,0,53,79,43,79,55,78,5,4,0,4,1,7,2,1,1,1,2,2
3,0,13,0,0,33,78,55,79,27,7,3,7,1,4,5,4,3,2,2,1,3,1
3,0,13,0,0,33,78,79,61,55,16,3,7,4,4,1,5,3,2,1,1,2,3
3,0,13,0,0,38,82,69,33,79,78,2,3,1,3,4,7,3,5,3,3,1,2
3,0,13,0,1,33,78,79,7,79,71,3,7,4,4,4,4,3,2,1,1,1,1
3,0,13,0,0,55,7,94,78,33,79,1,4,3,7,3,4,2,1,2,2,3,1
3,0,13,0,1,33,78,79,41,25,23,3,7,4,5,1,3,3,2,1,3,2,4
3,0,13,0,0,78,79,33,12,16,7,7,4,3,4,5,4,2,1,3,4,3,1
3,0,13,0,0,23,79,62,33,79,78,3,4,5,3,4,7,4,1,3,3,1,2
3,0,13,0,1,33,78,79,55,79,34,3,7,4,1,4,1,3,2,1,2,1,3
32,1,15,1,0,13,9,29,5,6,88,6,6,0,0,4,3,4,1,5,4,1,0
32,1,15,1,1,63,88,6,89,9,82,7,3,4,7,6,3,1,0,1,6,1,5
32,1,15,1,1,13,82,6,6,63,13,6,3,4,4,7,6,4,5,1,1,1,4
32,1,15,1,1,13,6,63,13,6,9,6,4,7,6,4,6,4,1,1,4,1,1
32,1,15,1,1,6,13,63,9,13,82,4,6,7,6,6,3,1,4,1,1,4,5
32,1,15,1,1,6,95,13,82,31,90,4,3,6,3,6,3,1,3,4,5,4,2
32,1,15,1,1,25,13,89,6,31,13,1,6,7,4,6,6,2,4,6,1,4,4
32,1,15,1,0,9,82,88,6,31,13,6,3,3,4,6,6,1,5,0,1,4,4
32,1,15,1,0,84,13,6,89,9,23,5,6,4,7,6,3,3,4,1,6,1,4
32,1,15,1,1,6,84,13,74,89,82,4,5,6,2,7,3,1,3,4,3,6,5
32,1,15,1,0,9,94,19,6,13,84,6,3,3,4,6,5,1,2,2,1,4,3
32,1,15,1,1,89,25,13,6,13,84,7,1,6,4,6,5,6,2,4,1,4,3
32,1,15,1,0,10,46,60,6,84,13,2,6,4,4,5,6,1,5,1,1,3,4
32,1,15,1,1,84,6,13,64,13,9,5,4,6,6,6,6,3,1,4,2,4,1
32,1,15,1,1,6,84,13,82,13,9,4,5,6,3,6,6,1,3,4,5,4,1
32,1,15,1,1,6,84,13,94,9,97,4,5,6,3,6,7,1,3,4,2,1,1
32,1,15,1,1,6,84,13,34,52,82,4,5,6,1,1,3,1,3,4,3,2,5
32,1,15,1,0,13,89,67,6,13,84,6,7,7,4,6,5,4,6,3,1,4,3
32,1,15,1,1,88,63,25,46,62,9,3,7,1,6,5,6,0,1,2,5,3,1
32,1,15,1,1,82,6,25,60,9,72,3,4,1,4,6,3,5,1,2,1,1,4
32,1,15,1,1,60,9,72,69,13,9,4,6,3,1,6,6,1,1,4,3,4,1
32,1,15,1,0,14,74,9,60,9,72,6,2,6,4,6,3,3,3,1,1,1,4
32,1,15,1,1,60,88,9,82,29,9,4,3,6,3,0,6,1,0,1,5,5,1
32,1,15,1,0,9,19,89,60,9,88,6,3,7,4,6,3,1,2,6,1,1,0
32,1,15,1,0,82,88,31,9,60,88,3,3,6,6,4,3,5,0,4,1,1,0
4,7,2,5,1,10,53,27,44,43,71,2,5,5,5,0,4,1,2,3,5,1,1
4,7,2,5,1,82,71,79,61,88,86,3,4,4,4,3,2,5,1,1,1,0,2
4,7,2,5,1,55,17,53,55,3,71,1,3,5,1,4,4,2,5,2,2,1,1
32,1,15,1,1,72,82,9,31,72,74,3,3,6,6,3,2,4,5,1,4,4,3
32,1,15,1,1,89,88,74,13,82,96,7,3,2,6,3,0,6,0,3,4,5,5
32,1,15,1,0,82,32,9,89,88,74,3,2,6,7,3,2,5,1,1,6,0,3
32,1,15,1,1,89,74,88,61,90,55,7,2,3,4,3,1,6,3,0,1,2,2
32,1,15,1,1,74,89,88,82,15,13,2,7,3,3,1,6,3,6,0,5,3,4
32,1,15,1,0,88,83,29,89,88,74,3,6,0,7,3,2,0,4,5,6,0,3
32,1,15,1,0,23,13,6,89,74,88,3,6,4,7,2,3,4,4,1,6,3,0
32,1,15,1,1,88,74,89,13,9,89,3,2,7,6,6,7,0,3,6,4,1,6
32,1,15,1,1,89,88,74,13,9,89,7,3,2,6,6,7,6,0,3,4,1,6
32,1,15,1,0,19,9,89,88,74,89,3,6,7,3,2,7,2,1,6,0,3,6
32,1,15,1,1,89,88,74,9,13,23,7,3,2,6,6,3,6,0,3,1,4,4
32,1,15,1,0,13,82,31,89,88,74,6,3,6,7,3,2,4,5,4,6,0,3
32,1,15,1,0,56,88,13,89,88,74,1,3,6,7,3,2,3,0,4,6,0,3
32,1,15,1,0,82,15,13,89,88,74,3,1,6,7,3,2,5,3,4,6,0,3
32,1,15,1,1,89,88,74,23,13,6,7,3,2,3,6,4,6,0,3,4,4,1
32,1,15,1,0,82,13,9,74,88,89,3,6,6,2,3,7,5,4,1,3,0,6
32,1,15,1,0,94,9,82,89,74,88,3,6,3,7,2,3,2,1,5,6,3,0
32,1,15,1,1,42,6,72,88,74,82,2,4,3,3,2,3,1,1,4,0,3,5
4,7,2,5,0,55,69,71,53,10,26,1,1,4,5,2,6,2,3,1,2,1,5
4,7,2,5,1,9,55,89,55,69,71,6,1,7,1,1,4,1,2,6,2,3,1
4,7,2,5,0,60,55,15,55,69,71,4,1,1,1,1,4,1,2,3,2,3,1
32,1,15,1,1,95,90,13,9,89,94,3,3,6,6,7,3,3,2,4,1,6,2
32,1,15,1,1,9,15,82,90,13,95,6,1,3,3,6,3,1,3,5,2,4,3
32,1,15,1,1,95,13,90,9,69,10,3,6,3,6,1,2,3,4,2,1,3,1
32,1,15,1,1,90,95,13,9,89,29,3,3,6,6,7,0,2,3,4,1,6,5
32,1,15,1,0,9,69,13,90,13,95,6,1,6,3,6,3,1,3,4,2,4,3
32,1,15,1,0,17,1,89,15,43,30,3,7,7,1,0,1,5,3,6,3,1,1
28,2,9,1,1,62,69,90,32,37,34,5,1,3,2,2,1,3,3,2,1,1,3
28,2,9,1,1,62,25,90,25,32,37,5,1,3,1,2,2,3,2,2,2,1,1
28,2,9,1,1,69,25,90,60,9,49,1,1,3,4,6,2,3,2,2,1,1,5
28,2,9,1,0,93,9,53,82,69,62,1,6,5,3,1,5,1,1,2,5,3,3
28,2,9,1,0,23,17,9,62,82,90,3,3,6,5,3,3,4,5,1,3,5,2
28,2,9,1,1,90,62,69,23,9,82,3,5,1,3,6,3,2,3,3,4,1,5
28,2,9,1,1,90,6,82,55,13,84,3,4,3,1,6,5,2,1,5,2,4,3
28,2,9,1,1,6,90,69,96,65,13,4,3,1,0,1,6,1,2,3,5,3,4
28,2,9,1,0,17,12,96,90,82,69,3,4,0,3,3,1,5,4,5,2,5,3
27,4,8,2,0,34,77,25,74,34,7,1,0,1,2,1,4,3,5,2,3,3,1
27,4,8,2,0,75,76,9,40,78,34,5,3,6,7,7,1,1,1,1,3,2,3
27,4,8,2,1,34,25,71,66,23,25,1,1,4,1,3,1,3,2,1,3,4,2
27,4,8,2,0,49,69,80,34,25,71,2,1,5,1,1,4,5,3,4,3,2,1
27,4,8,2,1,90,79,74,69,7,25,3,4,2,1,4,1,2,1,3,3,1,2
27,4,8,2,1,34,69,7,68,25,69,1,1,4,3,1,1,3,3,1,3,2,3
27,4,8,2,0,25,69,7,18,96,69,1,1,4,2,0,1,2,3,1,3,5,3
23,5,8,3,0,72,24,49,32,24,13,3,1,2,2,1,6,4,2,5,1,2,4
23,5,8,3,0,9,29,13,72,24,49,6,0,6,3,1,2,1,5,4,4,2,5
23,5,8,3,1,72,24,49,32,66,89,3,1,2,2,1,7,4,2,5,1,3,6
23,5,8,3,0,9,66,89,24,49,72,6,1,7,1,2,3,1,3,6,2,5,4
23,5,8,3,0,89,23,66,49,24,72,7,3,1,2,1,3,6,4,3,5,2,4
32,1,15,1,1,86,10,72,29,96,46,2,2,3,0,0,6,2,1,4,5,5,5
32,1,15,1,0,23,13,42,86,82,10,3,6,2,2,3,2,4,4,1,2,5,1
32,1,15,1,0,82,9,13,86,82,74,3,6,6,2,3,2,5,1,4,2,5,3
32,1,15,1,1,18,74,82,88,46,13,2,2,3,3,6,6,3,3,5,0,5,4
32,1,15,1,0,19,90,13,74,18,82,3,3,6,2,2,3,2,2,4,3,3,5
32,1,15,1,0,29,9,60,74,82,18,0,6,4,2,3,2,5,1,1,3,5,3
32,1,15,1,1,18,82,74,82,19,94,2,3,2,3,3,3,3,5,3,5,2,2
32,1,15,1,0,9,69,82,18,74,82,6,1,3,2,2,3,1,3,5,3,3,5
32,1,15,1,0,9,88,25,18,74,82,6,3,1,2,2,3,1,0,2,3,3,5
4,7,2,5,1,7,61,60,25,93,61,4,4,4,1,1,4,1,1,1,2,1,1
4,7,2,5,1,61,7,40,90,65,31,4,4,7,3,1,6,1,1,3,2,3,4
32,1,15,1,1,74,42,18,9,82,88,2,2,2,6,3,3,3,1,3,1,5,0
32,1,15,1,0,23,82,9,42,18,74,3,3,6,2,2,2,4,5,1,1,3,3
32,1,15,1,0,69,93,9,74,42,18,1,1,6,2,2,2,3,1,1,3,1,3
32,1,15,1,1,82,13,90,74,18,42,3,6,3,2,2,2,5,4,2,3,3,1
32,1,15,1,1,74,42,18,34,9,13,2,2,2,1,6,6,3,1,3,3,1,4
32,1,15,1,0,74,42,18,83,27,89,2,2,2,6,5,7,3,1,3,4,3,6
32,1,15,1,0,36,13,9,74,42,18,6,6,6,2,2,2,1,4,1,3,1,3
32,1,15,1,0,69,36,9,74,18,42,1,6,6,2,2,2,3,1,1,3,3,1
32,1,15,1,0,9,82,13,42,74,18,6,3,6,2,2,2,1,5,4,1,3,3
32,1,15,1,0,69,9,82,74,42,18,1,6,3,2,2,2,3,1,5,3,1,3
32,1,15,1,1,74,18,42,9,88,82,2,2,2,6,3,3,3,3,1,1,0,5
32,1,15,1,1,74,42,18,29,13,25,2,2,2,0,6,1,3,1,3,5,4,2
32,1,15,1,0,25,58,13,74,42,18,1,2,6,2,2,2,2,3,4,3,1,3
32,1,15,1,0,36,34,32,74,42,18,6,1,2,2,2,2,1,3,1,3,1,3
32,1,15,1,0,19,82,9,42,18,2,3,3,6,2,2,2,2,5,1,1,3,2
23,5,8,3,1,65,23,21,82,49,51,1,3,3,3,2,7,3,4,3,5,5,6
27,4,8,2,1,77,16,45,21,12,88,0,5,6,3,4,3,5,3,1,3,4,0
27,4,8,2,1,23,32,2,16,45,25,3,2,2,5,6,1,4,1,2,3,1,2
27,4,8,2,0,96,10,64,25,89,17,0,2,6,1,7,3,5,1,2,2,6,5
27,4,8,2,1,66,87,33,95,79,96,1,1,3,3,4,0,3,1,3,3,1,5
27,4,8,2,0,52,38,69,71,25,17,1,2,1,4,1,3,2,3,3,1,2,5
27,4,8,2,1,25,48,32,5,71,51,1,4,2,0,4,7,2,3,1,4,1,6
27,4,8,2,1,65,25,38,25,55,37,1,1,2,1,1,2,3,2,3,2,2,1
27,4,8,2,0,49,25,10,25,40,78,2,1,2,1,7,7,5,2,1,2,3,2
27,4,8,2,0,28,25,49,25,69,10,6,1,2,1,1,2,2,2,5,2,3,1
27,4,8,2,1,25,52,28,25,80,42,1,1,6,1,5,2,2,2,2,2,4,1
23,5,8,3,0,13,65,20,13,25,82,6,1,3,6,1,3,4,3,3,4,2,5
23,5,8,3,1,25,65,23,9,25,23,1,1,3,6,1,3,2,3,4,1,2,4
23,5,8,3,1,89,65,13,9,22,13,7,1,6,6,3,6,6,3,4,1,1,4
32,1,15,1,0,90,28,32,89,13,55,3,6,2,7,6,1,2,2,1,6,4,2
32,1,15,1,1,32,89,13,82,9,13,2,7,6,3,6,6,1,6,4,5,1,4
32,1,15,1,1,13,25,1,13,9,89,6,1,7,6,6,7,4,2,3,4,1,6
32,1,15,1,1,9,13,23,6,89,82,6,6,3,4,7,3,1,4,4,1,6,5
32,1,15,1,1,69,42,15,9,82,25,1,2,1,6,3,1,3,1,3,1,5,2
32,1,15,1,0,24,36,25,89,13,82,1,6,1,7,6,3,2,1,2,6,4,5
23,5,8,3,1,89,23,9,13,89,23,7,3,6,6,7,3,6,4,1,4,6,4
23,5,8,3,1,13,89,72,13,89,23,6,7,3,6,7,3,4,6,4,4,6,4
32,1,15,1,0,9,85,19,89,82,13,6,1,3,7,3,6,1,1,2,6,5,4
32,1,15,1,0,82,28,32,69,13,82,3,6,2,1,6,3,5,2,1,3,4,5
23,5,8,3,1,13,17,8,66,23,9,6,3,5,1,3,6,4,5,1,3,4,1
23,5,8,3,1,9,66,23,23,13,89,6,1,3,3,6,7,1,3,4,4,4,6
23,5,8,3,1,9,66,23,23,9,66,6,1,3,3,6,1,1,3,4,4,1,3
23,5,8,3,1,66,23,9,17,9,77,1,3,6,3,6,0,3,4,1,5,1,5
23,5,8,3,1,9,13,89,23,66,9,6,6,7,3,1,6,1,4,6,4,3,1
23,5,8,3,1,9,66,23,20,12,82,6,1,3,3,4,3,1,3,4,3,4,5
23,5,8,3,1,66,23,9,13,89,17,1,3,6,6,7,3,3,4,1,4,6,5
4,7,2,5,0,14,13,80,76,70,7,6,6,5,3,2,4,3,4,4,1,3,1
4,7,2,5,0,79,22,98,79,52,41,4,3,2,4,1,5,1,1,3,1,2,3
3,0,13,0,1,89,71,42,89,79,69,7,4,2,7,4,1,6,1,1,6,1,3
3,0,13,0,0,55,89,69,79,89,69,1,7,1,4,7,1,2,6,3,1,6,3
3,0,13,0,1,79,89,69,44,16,38,4,7,1,5,5,2,1,6,3,5,3,3
4,7,2,5,1,12,48,69,69,34,53,4,4,1,1,1,5,4,3,3,3,3,2
4,7,2,5,1,12,34,23,29,80,17,4,1,3,0,5,3,4,3,4,5,4,5
4,7,2,5,0,34,79,69,10,53,26,1,4,1,2,5,6,3,1,3,1,2,5
4,7,2,5,1,34,32,89,6,69,79,1,2,7,4,1,4,3,1,6,1,3,1
4,7,2,5,1,3,25,34,6,9,23,4,1,1,4,6,3,1,2,3,1,1,4
4,7,2,5,1,82,34,12,82,29,30,3,1,4,3,0,1,5,3,4,5,5,1
32,1,15,1,1,69,36,10,36,56,13,1,6,2,6,1,6,3,1,1,1,3,4
32,1,15,1,0,16,31,13,88,1,19,5,6,6,3,7,3,3,4,4,0,3,2
4,7,2,5,1,53,27,69,79,76,38,5,5,1,4,3,2,2,3,3,1,1,3
4,7,2,5,1,79,96,30,79,76,38,4,0,1,4,3,2,1,5,1,1,1,3
4,7,2,5,0,11,79,10,79,76,38,4,4,2,4,3,2,1,1,1,1,1,3
4,7,2,5,1,79,38,76,16,24,61,4,2,3,5,1,4,1,3,1,3,2,1
4,7,2,5,0,14,96,77,79,76,38,6,0,0,4,3,2,3,5,5,1,1,3
32,1,15,1,0,19,95,86,13,37,25,3,3,2,6,2,1,2,3,2,4,1,2
23,5,8,3,0,72,66,26,89,51,82,3,1,6,7,7,3,4,3,5,6,6,5
23,5,8,3,1,9,89,23,66,72,26,6,7,3,1,3,6,1,6,4,3,4,5
23,5,8,3,0,89,20,72,66,72,26,7,3,3,1,3,6,6,3,4,3,4,5
23,5,8,3,0,9,98,82,66,26,72,6,2,3,1,6,3,1,3,5,3,5,4
23,5,8,3,0,9,56,32,26,24,66,6,1,2,6,1,1,1,3,1,5,2,3
23,5,8,3,1,66,26,24,30,89,34,1,6,1,1,7,1,3,5,2,1,6,3
23,5,8,3,0,51,13,56,26,66,24,7,6,1,6,1,1,6,4,3,5,3,2
23,5,8,3,1,87,10,89,26,66,24,1,2,7,6,1,1,1,1,6,5,3,2
23,5,8,3,1,66,26,72,32,13,89,1,6,3,2,6,7,3,5,4,1,4,6
23,5,8,3,1,26,66,72,9,89,23,6,1,3,6,7,3,5,3,4,1,6,4
23,5,8,3,1,66,72,26,39,9,25,1,3,6,7,6,1,3,4,5,3,1,2
23,5,8,3,1,26,66,72,89,23,65,6,1,3,7,3,1,5,3,4,6,4,3
23,5,8,3,1,66,72,30,89,13,82,1,3,1,7,6,3,3,4,1,6,4,5
29,1,4,1,0,98,13,82,4,5,60,2,6,3,6,0,4,3,4,5,1,4,1
29,1,4,1,0,65,25,36,4,5,60,1,1,6,6,0,4,3,2,1,1,4,1
29,1,4,1,1,4,5,60,13,23,10,6,0,4,6,3,2,1,4,1,4,4,1
29,1,4,1,0,58,9,69,4,5,60,2,6,1,6,0,4,3,1,3,1,4,1
29,1,4,1,0,62,9,13,4,5,60,5,6,6,6,0,4,3,1,4,1,4,1
29,1,4,1,0,89,69,25,4,5,60,7,1,1,6,0,4,6,3,2,1,4,1
29,1,4,1,1,4,5,60,23,25,89,6,0,4,3,1,7,1,4,1,4,2,6
29,1,4,1,0,89,24,6,4,5,60,7,1,4,6,0,4,6,2,1,1,4,1
29,1,4,1,0,13,89,9,4,5,60,6,7,6,6,0,4,4,6,1,1,4,1
29,1,4,1,0,89,25,27,4,5,60,7,1,5,6,0,4,6,2,3,1,4,1
29,1,4,1,1,4,5,60,9,89,13,6,0,4,6,7,6,1,4,1,1,6,4
29,1,4,1,0,12,9,11,4,5,60,4,6,4,6,0,4,4,1,1,1,4,1
29,1,4,1,0,13,23,29,4,5,60,6,3,0,6,0,4,4,4,5,1,4,1
29,1,4,1,0,9,89,90,4,5,60,6,7,3,6,0,4,1,6,2,1,4,1
29,1,4,1,1,4,5,60,25,9,89,6,0,4,1,6,7,1,4,1,2,1,6
29,1,4,1,0,9,16,23,4,60,5,6,5,3,6,4,0,1,3,4,1,1,4
29,1,4,1,0,82,89,72,4,60,5,3,7,3,6,4,0,5,6,4,1,1,4
29,1,4,1,1,4,5,60,13,82,89,6,0,4,6,3,7,1,4,1,4,5,6
29,1,4,1,1,24,5,60,9,97,13,1,0,4,6,7,6,2,4,1,1,1,4
29,1,4,1,0,25,9,89,24,5,60,1,6,7,1,0,4,2,1,6,2,4,1
29,1,4,1,0,9,29,82,24,5,60,6,0,3,1,0,4,1,5,5,2,4,1
29,1,4,1,1,5,24,60,13,89,9,0,1,4,6,7,6,4,2,1,4,6,1
29,1,4,1,0,13,32,87,24,5,60,6,2,1,1,0,4,4,1,1,2,4,1
29,1,4,1,1,24,5,60,52,23,85,1,0,4,1,3,1,2,4,1,2,4,1
23,5,8,3,1,66,30,72,77,13,9,1,1,3,0,6,6,3,1,4,5,4,1
23,5,8,3,0,13,89,26,30,72,66,6,7,6,1,3,1,4,6,5,1,4,3
23,5,8,3,0,9,82,13,66,72,30,6,3,6,1,3,1,1,5,4,3,4,1
23,5,8,3,0,9,89,90,66,30,72,6,7,3,1,1,3,1,6,2,3,1,4
23,5,8,3,1,30,72,66,89,9,82,1,3,1,7,6,3,1,4,3,6,1,5
23,5,8,3,1,66,30,72,65,24,13,1,1,3,1,1,6,3,1,4,3,2,4
23,5,8,3,1,30,72,66,23,22,49,1,3,1,3,3,2,1,4,3,4,1,5
23,5,8,3,0,30,66,26,82,72,13,1,1,6,3,3,6,1,3,5,5,4,4
23,5,8,3,1,66,30,26,8,13,65,1,1,6,5,6,1,3,1,5,1,4,3
23,5,8,3,0,23,30,26,13,72,74,3,1,6,6,3,2,4,1,5,4,4,3
23,5,8,3,1,65,82,22,66,30,26,1,3,3,1,1,6,3,5,1,3,1,5
23,5,8,3,0,13,89,42,26,66,30,6,7,2,6,1,1,4,6,1,5,3,1
32,1,15,1,0,9,19,89,31,84,98,6,3,7,6,5,2,1,2,6,4,3,3
32,1,15,1,0,13,72,82,84,98,31,6,3,3,5,2,6,4,4,5,3,3,4
32,1,15,1,0,9,15,13,31,84,98,6,1,6,6,5,2,1,3,4,4,3,3
32,1,15,1,0,89,9,13,31,84,98,7,6,6,6,5,2,6,1,4,4,3,3
32,1,15,1,1,25,89,13,31,84,98,1,7,6,6,5,2,2,6,4,4,3,3
32,1,15,1,1,31,84,98,89,9,82,6,5,2,7,6,3,4,3,3,6,1,5
32,1,15,1,1,84,31,98,69,13,89,5,6,2,1,6,7,3,4,3,3,4,6
32,1,15,1,1,31,84,98,89,94,10,6,5,2,7,3,2,4,3,3,6,2,1
32,1,15,1,1,31,84,98,46,16,82,6,5,2,6,5,3,4,3,3,5,3,5
22,6,1,4,0,46,98,41,66,89,9,6,2,5,1,7,6,5,3,3,3,6,1
22,6,1,4,0,94,31,24,46,41,98,3,6,1,6,5,2,2,4,2,5,3,3
13,7,1,5,0,49,97,99,89,24,61,2,7,7,7,1,4,5,1,3,6,2,1
13,7,1,5,0,29,16,80,49,97,99,0,5,5,2,7,7,5,3,4,5,1,3
13,7,1,5,1,32,30,83,49,99,97,2,1,6,2,7,7,1,1,4,5,3,1
29,1,4,1,1,89,9,82,49,97,99,7,6,3,2,7,7,6,1,5,5,1,3
29,1,4,1,0,23,36,69,49,99,97,3,6,1,2,7,7,4,1,3,5,3,1
17,0,8,0,0,49,97,99,20,23,79,2,7,7,3,3,4,5,1,3,3,4,1
17,0,8,0,1,49,99,97,94,89,69,2,7,7,3,7,1,5,3,1,2,6,3
17,0,8,0,0,63,61,73,49,99,97,7,4,7,2,7,7,1,1,3,5,3,1
17,0,8,0,1,97,99,49,9,12,61,7,7,2,6,4,4,1,3,5,1,4,1
17,0,8,0,0,56,74,9,49,97,99,1,2,6,2,7,7,3,3,1,5,1,3
17,0,8,0,1,49,97,99,7,96,56,2,7,7,4,0,1,5,1,3,1,5,3
17,0,8,0,1,49,99,97,56,13,24,2,7,7,1,6,1,5,3,1,3,4,2
17,0,8,0,0,97,27,48,49,97,99,7,5,4,2,7,7,1,3,3,5,1,3
17,0,8,0,1,55,99,76,49,99,97,1,7,3,2,7,7,2,3,1,5,3,1
17,0,8,0,1,25,69,12,49,97,99,1,1,4,2,7,7,2,3,4,5,1,3
17,0,8,0,0,49,99,97,89,70,61,2,7,7,7,2,4,5,3,1,6,3,1
17,0,8,0,1,49,99,97,98,34,13,2,7,7,2,1,6,5,3,1,3,3,4
17,0,8,0,1,49,99,97,3,55,89,2,7,7,4,1,7,5,3,1,1,2,6
17,0,8,0,1,49,99,97,69,82,12,2,7,7,1,3,4,5,3,1,3,5,4
17,0,8,0,1,99,97,49,67,55,44,7,7,2,7,1,5,3,1,5,3,2,5
17,0,8,0,0,19,13,23,49,99,97,3,6,3,2,7,7,2,4,4,5,3,1
17,0,8,0,1,99,49,97,88,44,25,7,2,7,3,5,1,3,5,1,0,5,2
17,0,8,0,1,10,67,77,49,97,99,2,7,0,2,7,7,1,3,5,5,1,3
2,3,0,1,1,69,90,15,65,9,36,1,3,1,1,6,6,3,2,3,3,1,1
2,3,0,1,0,65,9,36,10,55,69,1,6,6,2,1,1,3,1,1,1,2,3
2,3,0,1,1,36,6,9,9,34,65,6,4,6,6,1,1,1,1,1,1,3,3
2,3,0,1,1,9,67,34,55,9,65,6,7,1,1,6,1,1,3,3,2,1,3
2,3,0,1,0,9,19,65,34,69,15,6,3,1,1,1,1,1,2,3,3,3,3
2,3,0,1,1,9,19,65,69,23,34,6,3,1,1,3,1,1,2,3,3,4,3
2,3,0,1,1,24,94,34,19,9,65,1,3,1,3,6,1,2,2,3,2,1,3
2,3,0,1,0,17,19,69,9,19,65,3,3,1,6,3,1,5,2,3,1,2,3
2,3,0,1,1,19,9,65,55,9,27,3,6,1,1,6,5,2,1,3,2,1,3
2,3,0,1,0,53,29,69,9,19,65,5,0,1,6,3,1,2,5,3,1,2,3
2,3,0,1,1,9,19,65,69,9,65,6,3,1,1,6,1,1,2,3,3,1,3
2,3,0,1,0,69,25,78,9,65,19,1,1,7,6,1,3,3,2,2,1,3,2
2,3,0,1,1,69,72,41,19,65,9,1,3,5,3,1,6,3,4,3,2,3,1
2,3,0,1,1,9,19,65,32,55,69,6,3,1,2,1,1,1,2,3,1,2,3
22,6,1,4,0,52,82,8,49,69,52,1,3,5,2,1,1,2,5,1,5,3,2
22,6,1,4,1,69,9,52,69,43,89,1,6,1,1,0,7,3,1,2,3,1,6
22,6,1,4,1,31,96,52,8,52,51,6,0,1,5,1,7,4,5,2,1,2,6
32,1,15,1,1,86,89,46,82,19,27,2,7,6,3,3,5,2,6,5,5,2,3
32,1,15,1,0,13,69,82,86,89,46,6,1,3,2,7,6,4,3,5,2,6,5
32,1,15,1,1,86,89,46,29,32,82,2,7,6,0,2,3,2,6,5,5,1,5
32,1,15,1,1,86,89,46,92,64,23,2,7,6,2,6,3,2,6,5,3,2,4
32,1,15,1,1,58,74,46,15,94,51,2,2,6,1,3,7,3,3,5,3,2,6
32,1,15,1,0,15,27,81,74,58,46,1,5,3,2,2,6,3,3,3,3,3,5
22,6,1,4,1,52,16,50,52,5,96,1,5,0,1,0,0,2,3,3,2,4,5
22,6,1,4,1,98,82,52,87,10,8,2,3,1,1,2,5,3,5,2,1,1,1
22,6,1,4,1,30,9,66,52,97,30,1,6,1,1,7,1,1,1,3,2,1,1
22,6,1,4,0,5,90,8,87,52,54,0,3,5,1,1,0,4,2,1,1,2,1
22,6,1,4,1,52,53,8,56,97,10,1,5,5,1,7,2,2,2,1,3,1,1
22,6,1,4,1,52,42,77,57,8,11,1,2,0,3,5,4,2,1,5,1,1,1
22,6,1,4,0,50,89,9,81,89,9,0,7,6,3,7,6,3,6,1,3,6,1
4,7,2,5,0,13,37,30,32,61,25,6,2,1,2,4,1,4,1,1,1,1,2
32,1,15,1,1,9,25,13,89,23,9,6,1,6,7,3,6,1,2,4,6,4,1
4,7,2,5,1,12,77,9,55,44,77,4,0,6,1,5,0,4,5,1,2,5,5
4,7,2,5,1,44,77,55,79,12,25,5,0,1,4,4,1,5,5,2,1,4,2
4,7,2,5,1,44,55,77,12,3,76,5,1,0,4,4,3,5,2,5,4,1,1
4,7,2,5,0,16,76,89,55,77,44,5,3,7,1,0,5,3,1,6,2,5,5
4,7,2,5,0,44,55,63,89,25,52,5,1,7,7,1,1,5,2,1,6,2,2
4,7,2,5,0,44,70,19,55,44,78,5,2,3,1,5,7,5,3,2,2,5,2
4,7,2,5,1,44,78,55,89,78,25,5,7,1,7,7,1,5,2,2,6,2,2
4,7,2,5,0,55,78,44,17,23,3,1,7,5,3,3,4,2,2,5,5,4,1
4,7,2,5,0,69,90,38,44,78,55,1,3,2,5,7,1,3,2,3,5,2,2
3,0,13,0,0,56,82,71,79,82,99,1,3,4,4,3,7,3,5,1,1,5,3
3,0,13,0,0,11,92,79,19,69,79,4,2,4,3,1,4,1,3,1,2,3,1
3,0,13,0,0,25,55,16,25,96,11,1,1,5,1,0,4,2,2,3,2,5,1
3,0,13,0,1,11,38,89,12,16,61,4,2,7,4,5,4,1,3,6,4,3,1
3,0,13,0,1,69,0,11,34,79,2,1,3,4,1,4,2,3,5,1,3,1,2
32,1,15,1,1,9,89,25,9,89,13,6,7,1,6,7,6,1,6,2,1,6,4
32,1,15,1,0,9,89,8,34,9,82,6,7,5,1,6,3,1,6,1,3,1,5
32,1,15,1,1,32,13,89,88,13,89,2,6,7,3,6,7,1,4,6,0,4,6
3,0,13,0,1,44,11,9,16,6,66,5,4,6,5,4,1,5,1,1,3,1,3
3,0,13,0,1,41,82,3,11,55,16,5,3,4,4,1,5,3,5,1,1,2,3
32,1,15,1,0,82,6,36,13,42,94,3,4,6,6,2,3,5,1,1,4,1,2
32,1,15,1,1,9,82,13,13,94,95,6,3,6,6,3,3,1,5,4,4,2,3
32,1,15,1,0,69,9,36,13,95,94,1,6,6,6,3,3,3,1,1,4,3,2
29,1,4,1,0,9,13,89,15,69,67,6,6,7,1,1,7,1,4,6,3,3,3
29,1,4,1,0,19,82,9,69,15,67,3,3,6,1,1,7,2,5,1,3,3,3
29,1,4,1,0,23,9,69,15,67,69,3,6,1,1,7,1,4,1,3,3,3,3
29,1,4,1,0,15,69,67,82,9,32,1,1,7,3,6,2,3,3,3,5,1,1
29,1,4,1,0,82,29,69,15,67,69,3,0,1,1,7,1,5,5,3,3,3,3
29,1,4,1,1,9,82,19,15,67,69,6,3,3,1,7,1,1,5,2,3,3,3
29,1,4,1,0,37,9,82,15,69,67,2,6,3,1,1,7,1,1,5,3,3,3
29,1,4,1,1,67,15,69,9,69,31,7,1,1,6,1,6,3,3,3,1,3,4
29,1,4,1,1,15,67,69,61,89,82,1,7,1,4,7,3,3,3,3,1,6,5
29,1,4,1,1,15,69,67,16,9,59,1,1,7,5,6,3,3,3,3,3,1,3
29,1,4,1,1,15,69,67,52,13,9,1,1,7,1,6,6,3,3,3,2,4,1
29,1,4,1,1,13,9,32,15,69,67,6,6,2,1,1,7,4,1,1,3,3,3
29,1,4,1,0,8,13,25,15,69,67,5,6,1,1,1,7,1,4,2,3,3,3
29,1,4,1,1,15,67,69,93,9,23,1,7,1,1,6,3,3,3,3,1,1,4
29,1,4,1,0,9,82,89,15,29,67,6,3,7,1,0,7,1,5,6,3,5,3
29,1,4,1,0,15,29,67,69,22,82,1,0,7,1,3,3,3,5,3,3,1,5
29,1,4,1,1,15,29,67,82,24,69,1,0,7,3,1,1,3,5,3,5,2,3
29,1,4,1,1,15,29,67,9,13,16,1,0,7,6,6,5,3,5,3,1,4,3
29,1,4,1,0,9,89,26,15,67,29,6,7,6,1,7,0,1,6,5,3,3,5
29,1,4,1,1,9,41,89,15,29,67,6,5,7,1,0,7,1,3,6,3,5,3
29,1,4,1,0,29,9,80,15,67,29,0,6,5,1,7,0,5,1,4,3,3,5
29,1,4,1,1,15,67,29,9,82,13,1,7,0,6,3,6,3,3,5,1,5,4
29,1,4,1,1,10,9,69,15,29,67,2,6,1,1,0,7,1,1,3,3,5,3
29,1,4,1,1,15,52,67,82,89,9,1,1,7,3,7,6,3,2,3,5,6,1
29,1,4,1,1,15,52,67,32,94,13,1,1,7,2,3,6,3,2,3,1,2,4
32,1,15,1,0,25,89,13,9,82,13,1,7,6,6,3,6,2,6,4,1,5,4
32,1,15,1,0,89,13,25,72,89,46,7,6,1,3,7,6,6,4,2,4,6,5
22,6,1,4,1,9,55,89,56,89,13,6,1,7,1,7,6,1,2,6,3,6,4
22,6,1,4,0,52,13,89,56,89,13,1,6,7,1,7,6,2,4,6,3,6,4
22,6,1,4,1,89,13,56,8,81,90,7,6,1,5,3,3,6,4,3,1,3,2
4,7,2,5,0,25,48,89,7,39,90,1,4,7,4,7,3,2,3,6,1,3,2
4,7,2,5,1,39,90,7,82,23,63,7,3,4,3,3,7,3,2,1,5,4,1
4,7,2,5,0,7,90,39,40,78,74,4,3,7,7,7,2,1,2,3,3,2,3
4,7,2,5,0,7,39,90,7,53,25,4,7,3,4,5,1,1,3,2,1,2,2
4,7,2,5,1,39,90,7,27,79,30,7,3,4,5,4,1,3,2,1,3,1,1
4,7,2,5,1,39,7,90,84,0,32,7,4,3,5,3,2,3,1,2,3,5,1
4,7,2,5,1,39,7,90,61,12,99,7,4,3,4,4,7,3,1,2,1,4,3
8,6,13,4,0,25,5,10,55,8,25,1,0,2,1,5,1,2,4,1,2,1,2
8,6,13,4,1,80,27,10,17,30,25,5,5,2,3,1,1,4,3,1,5,1,2
6,7,12,5,1,38,71,0,6,56,90,2,4,3,4,1,3,3,1,5,1,3,2
31,3,0,1,0,60,21,25,9,23,25,4,3,1,6,3,1,1,3,2,1,4,2
22,6,1,4,0,89,5,97,46,50,9,7,0,7,6,0,6,6,4,1,5,3,1
22,6,1,4,0,9,27,97,46,9,50,6,5,7,6,6,0,1,3,1,5,1,3
22,6,1,4,0,89,9,82,46,9,50,7,6,3,6,6,0,6,1,5,5,1,3
22,6,1,4,0,9,87,46,9,89,98,6,1,6,6,7,2,1,1,5,1,6,3
22,6,1,4,0,46,9,29,9,32,89,6,6,0,6,2,7,5,1,5,1,1,6
22,6,1,4,1,46,9,29,82,89,9,6,6,0,3,7,6,5,1,5,5,6,1
22,6,1,4,0,89,5,9,46,9,29,7,0,6,6,6,0,6,4,1,5,1,5
22,6,1,4,0,89,34,9,46,9,29,7,1,6,6,6,0,6,3,1,5,1,5
22,6,1,4,1,13,89,22,46,29,9,6,7,3,6,0,6,4,6,1,5,5,1
22,6,1,4,1,9,46,29,85,48,9,6,6,0,1,4,6,1,5,5,1,3,1
22,6,1,4,0,46,9,29,27,9,89,6,6,0,5,6,7,5,1,5,3,1,6
22,6,1,4,0,94,9,89,9,46,29,3,6,7,6,6,0,2,1,6,1,5,5
22,6,1,4,0,42,9,89,29,46,9,2,6,7,0,6,6,1,1,6,5,5,1
22,6,1,4,1,46,9,29,89,9,90,6,6,0,7,6,3,5,1,5,6,1,2
22,6,1,4,1,9,5,46,82,27,67,6,0,6,3,5,7,1,4,5,5,3,3
22,6,1,4,0,45,82,89,46,9,5,6,3,7,6,6,0,1,5,6,5,1,4
32,1,15,1,1,46,82,9,85,36,55,6,3,6,1,6,1,5,5,1,1,1,2
32,1,15,1,0,89,82,52,82,46,13,7,3,1,3,6,6,6,5,2,5,5,4
32,1,15,1,0,88,13,69,82,13,46,3,6,1,3,6,6,0,4,3,5,4,5
32,1,15,1,1,2,13,72,9,32,12,2,6,3,6,2,4,2,4,4,1,1,4
32,1,15,1,0,82,13,26,2,13,72,3,6,6,2,6,3,5,4,5,2,4,4
32,1,15,1,0,13,27,32,80,2,13,6,5,2,5,2,6,4,3,1,4,2,4
32,1,15,1,1,2,13,9,23,93,46,2,6,6,3,1,6,2,4,1,4,1,5
32,1,15,1,1,27,2,13,24,36,13,5,2,6,1,6,6,3,2,4,2,1,4
32,1,15,1,0,25,82,29,88,2,13,1,3,0,3,2,6,2,5,5,0,2,4
3,0,13,0,0,55,89,16,78,16,69,1,7,5,7,5,1,2,6,3,2,3,3
3,0,13,0,0,55,56,69,89,16,55,1,1,1,7,5,1,2,3,3,6,3,2
3,0,13,0,1,55,16,89,69,10,78,1,5,7,1,2,7,2,3,6,3,1,2
3,0,13,0,1,55,89,16,41,55,90,1,7,5,5,1,3,2,6,3,3,2,2
32,1,15,1,1,82,72,15,13,72,1,3,3,1,6,3,7,5,4,3,4,4,3
32,1,15,1,1,1,72,69,23,82,69,7,3,1,3,3,1,3,4,3,4,5,3
32,1,15,1,0,31,9,29,72,1,25,6,6,0,3,7,1,4,1,5,4,3,2
32,1,15,1,0,90,24,89,82,72,17,3,1,7,3,3,3,2,2,6,5,4,5
32,1,15,1,1,72,17,9,9,13,82,3,3,6,6,6,3,4,5,1,1,4,5
32,1,15,1,1,82,72,17,80,15,23,3,3,3,5,1,3,5,4,5,4,3,4
32,1,15,1,0,36,27,9,86,89,17,6,5,6,2,7,3,1,3,1,2,6,5
32,1,15,1,0,53,82,13,89,17,69,5,3,6,7,3,1,2,5,4,6,5,3
32,1,15,1,1,89,17,85,9,32,23,7,3,1,6,2,3,6,5,1,1,1,4
32,1,15,1,0,42,25,82,89,17,9,2,1,3,7,3,6,1,2,5,6,5,1
32,1,15,1,1,89,87,54,31,9,64,7,1,0,6,6,6,6,1,1,4,1,2
32,1,15,1,1,89,87,82,24,28,82,7,1,3,1,6,3,6,1,5,2,2,5
32,1,15,1,1,89,87,9,9,89,69,7,1,6,6,7,1,6,1,1,1,6,3
32,1,15,1,0,13,42,30,89,87,81,6,2,1,7,1,3,4,1,1,6,1,3
32,1,15,1,0,87,49,82,36,46,82,1,2,3,6,6,3,1,5,5,1,5,5
32,1,15,1,0,61,27,9,9,72,82,4,5,6,6,3,3,1,3,1,1,4,5
32,1,15,1,1,27,9,89,17,36,94,5,6,7,3,6,3,3,1,6,5,1,2
32,1,15,1,0,89,46,82,82,27,9,7,6,3,3,5,6,6,5,5,5,3,1
32,1,15,1,1,27,13,82,96,82,13,5,6,3,0,3,6,3,4,5,5,5,4
32,1,15,1,1,9,96,27,13,69,82,6,0,5,6,1,3,1,5,3,4,3,5
32,1,15,1,0,36,82,72,10,82,27,6,3,3,2,3,5,1,5,4,1,5,3
32,1,15,1,1,36,89,25,19,82,31,6,7,1,3,3,6,1,6,2,2,5,4
32,1,15,1,1,19,82,31,13,2,9,3,3,6,6,2,6,2,5,4,4,2,1
32,1,15,1,1,19,82,31,13,6,9,3,3,6,6,4,6,2,5,4,4,1,1
32,1,15,1,1,19,82,31,89,9,82,3,3,6,7,6,3,2,5,4,6,1,5
32,1,15,1,0,82,25,32,10,95,13,3,1,2,2,3,6,5,2,1,1,3,4
32,1,15,1,0,27,13,82,36,95,13,5,6,3,6,3,6,3,4,5,1,3,4
32,1,15,1,1,52,19,13,13,95,82,1,3,6,6,3,3,2,2,4,4,3,5
32,1,15,1,1,72,9,46,95,13,94,3,6,6,3,6,3,4,1,5,3,4,2
32,1,15,1,1,29,95,13,82,99,69,0,3,6,3,7,1,5,3,4,5,3,3
32,1,15,1,1,84,95,13,69,19,13,5,3,6,1,3,6,3,3,4,3,2,4
32,1,15,1,0,13,52,82,19,95,13,6,1,3,3,3,6,4,2,5,2,3,4
32,1,15,1,0,52,82,36,95,13,82,1,3,6,3,6,3,2,5,1,3,4,5
21,7,14,5,0,55,3,92,90,25,64,1,4,2,3,1,6,2,1,3,2,2,2
21,7,14,5,1,61,3,55,32,8,13,4,4,1,2,5,6,1,1,2,1,1,4
21,7,14,5,1,12,6,71,99,12,53,4,4,4,7,4,5,4,1,1,3,4,2
21,7,14,5,0,61,23,12,53,99,12,4,3,4,5,7,4,1,4,4,2,3,4
21,7,14,5,0,61,63,12,53,99,12,4,7,4,5,7,4,1,1,4,2,3,4
21,7,14,5,1,99,53,12,61,12,89,7,5,4,4,4,7,3,2,4,1,4,6
21,7,14,5,0,9,52,44,99,53,12,6,1,5,7,5,4,1,2,5,3,2,4
21,7,14,5,0,79,55,44,53,99,12,4,1,5,5,7,4,1,2,5,2,3,4
21,7,14,5,1,99,53,12,55,53,82,7,5,4,1,5,3,3,2,4,2,2,5
21,7,14,5,1,53,99,12,79,71,3,5,7,4,4,4,4,2,3,4,1,1,1
21,7,14,5,1,53,99,12,89,90,25,5,7,4,7,3,1,2,3,4,6,2,2
21,7,14,5,1,99,12,53,38,18,44,7,4,5,2,2,5,3,4,2,3,3,5
21,7,14,5,0,6,55,16,53,99,12,4,1,5,5,7,4,1,2,3,2,3,4
19,1,4,1,0,25,23,19,15,82,25,1,3,3,1,3,1,2,4,2,3,5,2
26,5,5,3,0,23,25,72,72,13,30,3,1,3,3,6,1,4,2,4,4,4,1
26,5,5,3,0,57,23,72,66,89,25,3,3,3,1,7,1,1,4,4,3,6,2
26,5,5,3,1,72,23,89,89,25,8,3,3,7,7,1,5,4,4,6,6,2,1
26,5,5,3,0,23,72,89,32,13,9,3,3,7,2,6,6,4,4,6,1,4,1
26,5,5,3,0,77,30,23,23,72,89,0,1,3,3,3,7,5,1,4,4,4,6
26,5,5,3,0,66,72,56,23,72,89,1,3,1,3,3,7,3,4,3,4,4,6
26,5,5,3,0,24,13,2,23,89,72,1,6,2,3,7,3,2,4,2,4,6,4
26,5,5,3,1,23,72,89,89,13,29,3,3,7,7,6,0,4,4,6,6,4,5
26,5,5,3,0,9,13,9,72,23,89,6,6,6,3,3,7,1,4,1,4,4,6
26,5,5,3,1,9,89,13,89,72,23,6,7,6,7,3,3,1,6,4,6,4,4
26,5,5,3,0,9,30,89,23,89,72,6,1,7,3,7,3,1,1,6,4,6,4
29,1,4,1,1,89,87,13,82,89,9,7,1,6,3,7,6,6,1,4,5,6,1
29,1,4,1,0,9,82,24,89,87,58,6,3,1,7,1,2,1,5,2,6,1,3
29,1,4,1,1,13,89,87,25,32,13,6,7,1,1,2,6,4,6,1,2,1,4
29,1,4,1,1,31,89,87,78,53,52,6,7,1,7,5,1,4,6,1,2,2,2
29,1,4,1,0,89,13,9,89,87,90,7,6,6,7,1,3,6,4,1,6,1,2
29,1,4,1,0,69,25,42,23,89,87,1,1,2,3,7,1,3,2,1,4,6,1
29,1,4,1,0,23,19,36,89,87,13,3,3,6,7,1,6,4,2,1,6,1,4
29,1,4,1,0,69,82,42,89,87,17,1,3,2,7,1,3,3,5,1,6,1,5
29,1,4,1,1,87,89,9,82,12,9,1,7,6,3,4,6,1,6,1,5,4,1
29,1,4,1,0,25,89,32,69,89,87,1,7,2,1,7,1,2,6,1,3,6,1
29,1,4,1,1,89,87,82,29,55,9,7,1,3,0,1,6,6,1,5,5,2,1
29,1,4,1,0,46,25,94,67,87,89,6,1,3,7,1,7,5,2,2,3,1,6
29,1,4,1,0,29,23,82,89,87,69,0,3,3,7,1,1,5,4,5,6,1,3
29,1,4,1,0,9,89,67,28,89,87,6,7,7,6,7,1,1,6,3,2,6,1
29,1,4,1,0,82,69,60,89,87,55,3,1,4,7,1,1,5,3,1,6,1,2
29,1,4,1,1,87,89,9,13,29,34,1,7,6,6,0,1,1,6,1,4,5,3
29,1,4,1,0,70,13,75,96,89,87,2,6,5,0,7,1,3,4,1,5,6,1
29,1,4,1,0,6,32,82,80,89,85,4,2,3,5,7,1,1,1,5,4,6,1
29,1,4,1,1,80,85,89,30,24,32,5,1,7,1,1,2,4,1,6,1,2,1
29,1,4,1,1,80,89,85,55,72,10,5,7,1,1,3,2,4,6,1,2,4,1
29,1,4,1,1,80,85,89,67,9,82,5,1,7,7,6,3,4,1,6,3,1,5
29,1,4,1,1,63,93,59,0,10,26,7,1,3,3,2,6,1,1,3,5,1,5
29,1,4,1,1,63,17,96,80,44,46,7,3,0,5,5,6,1,5,5,4,5,5
29,1,4,1,1,63,61,72,6,59,73,7,4,3,4,3,7,1,1,4,1,3,3
29,1,4,1,1,78,81,49,76,42,80,7,3,2,3,2,5,2,3,5,1,1,4
2,3,0,1,1,18,96,62,86,9,65,2,0,5,2,6,1,3,5,3,2,1,3
2,3,0,1,0,9,25,96,9,18,10,6,1,0,6,2,2,1,2,5,1,3,1
2,3,0,1,1,34,89,40,37,13,18,1,7,7,2,6,2,3,6,3,1,4,3
2,3,0,1,0,23,96,25,37,18,13,3,0,1,2,2,6,4,5,2,1,3,4
2,3,0,1,1,37,13,18,96,90,17,2,6,2,0,3,3,1,4,3,5,2,5
2,3,0,1,0,69,55,1,37,13,18,1,1,7,2,6,2,3,2,3,1,4,3
2,3,0,1,1,96,6,18,24,30,69,0,4,2,1,1,1,5,1,3,2,1,3
2,3,0,1,0,18,74,9,29,26,69,2,2,6,0,6,1,3,3,1,5,5,3
2,3,0,1,0,93,9,73,18,23,31,1,6,7,2,3,6,1,1,3,3,4,4
2,3,0,1,0,89,93,69,18,29,69,7,1,1,2,0,1,6,1,3,3,5,3
2,3,0,1,0,18,19,10,31,9,34,2,3,2,6,6,1,3,2,1,4,1,3
2,3,0,1,1,2,23,18,34,69,96,2,3,2,1,1,0,2,4,3,3,3,5
2,3,0,1,0,31,82,69,55,25,18,6,3,1,1,1,2,4,5,3,2,2,3
2,3,0,1,0,25,80,18,69,41,13,1,5,2,1,5,6,2,4,3,3,3,4
2,3,0,1,0,61,9,69,18,9,65,4,6,1,2,6,1,1,1,3,3,1,3
2,3,0,1,0,93,34,8,34,18,36,1,1,5,1,2,6,1,3,1,3,3,1
2,3,0,1,0,18,69,66,69,31,25,2,1,1,1,6,1,3,3,3,3,4,2
2,3,0,1,1,19,82,18,90,54,69,3,3,2,3,0,1,2,5,3,2,1,3
2,3,0,1,0,18,27,69,93,69,36,2,5,1,1,1,6,3,3,3,1,3,1
2,3,0,1,1,18,69,82,69,34,96,2,1,3,1,1,0,3,3,5,3,3,5
2,3,0,1,0,70,32,36,82,69,18,2,2,6,3,1,2,3,1,1,5,3,3
2,3,0,1,1,89,34,18,23,90,7,7,1,2,3,3,4,6,3,3,4,2,1
2,3,0,1,1,63,57,9,31,18,69,7,3,6,6,2,1,1,1,1,4,3,3
4,7,2,5,1,44,7,55,12,79,55,5,4,1,4,4,1,5,1,2,4,1,2
4,7,2,5,1,44,7,55,71,12,23,5,4,1,4,4,3,5,1,2,1,4,4
4,7,2,5,0,53,30,23,44,55,7,5,1,3,5,1,4,2,1,4,5,2,1
4,7,2,5,0,61,91,12,44,7,53,4,0,4,5,4,5,1,3,4,5,1,2
4,7,2,5,1,44,7,88,19,6,55,5,4,3,3,4,1,5,1,0,2,1,2
4,7,2,5,1,44,7,88,51,55,69,5,4,3,7,1,1,5,1,0,6,2,3
4,7,2,5,1,44,7,88,89,56,12,5,4,3,7,1,4,5,1,0,6,3,4
4,7,2,5,0,56,0,61,44,7,88,1,3,4,5,4,3,3,5,1,5,1,0
22,6,1,4,0,89,29,69,27,81,5,7,0,1,5,3,0,6,5,3,3,3,4
22,6,1,4,0,94,45,14,27,5,81,3,6,6,5,0,3,2,1,3,3,4,3
22,6,1,4,0,32,29,9,27,81,5,2,0,6,5,3,0,1,5,1,3,3,4
22,6,1,4,1,81,27,5,35,24,9,3,5,0,7,1,6,3,3,4,3,2,1
22,6,1,4,0,56,89,62,27,5,81,1,7,5,5,0,3,3,6,3,3,4,3
22,6,1,4,1,5,81,27,45,89,50,0,3,5,6,7,0,4,3,3,1,6,3
22,6,1,4,0,89,69,9,81,27,87,7,1,6,3,5,1,6,3,1,3,3,1
22,6,1,4,1,87,81,29,9,52,10,1,3,0,6,1,2,1,3,5,1,2,1
22,6,1,4,1,87,29,81,52,9,54,1,0,3,1,6,0,1,5,3,2,1,1
22,6,1,4,1,81,87,29,9,20,10,3,1,0,6,3,2,3,1,5,1,3,1
22,6,1,4,0,45,89,98,81,87,29,6,7,2,3,1,0,1,6,3,3,1,5
22,6,1,4,1,87,81,29,54,32,27,1,3,0,0,2,5,1,3,5,1,1,3
22,6,1,4,0,72,90,24,81,87,29,3,3,1,3,1,0,4,2,2,3,1,5
32,1,15,1,1,82,13,9,13,19,9,3,6,6,6,3,6,5,4,1,4,2,1
32,1,15,1,0,13,82,89,13,9,82,6,3,7,6,6,3,4,5,6,4,1,5
32,1,15,1,0,9,89,23,82,13,9,6,7,3,3,6,6,1,6,4,5,4,1
28,2,9,1,0,89,69,25,69,36,16,7,1,1,1,6,5,6,3,2,3,1,3
28,2,9,1,0,9,22,25,89,69,26,6,3,1,7,1,6,1,1,2,6,3,5
28,2,9,1,0,91,89,61,89,26,69,0,7,4,7,6,1,3,6,1,6,5,3
28,2,9,1,1,89,23,26,9,9,23,7,3,6,6,6,3,6,4,5,1,1,4
28,2,9,1,0,34,65,86,69,89,25,1,1,2,1,7,1,3,3,2,3,6,2
28,2,9,1,1,26,69,89,0,39,89,6,1,7,3,7,7,5,3,6,5,3,6
28,2,9,1,1,69,89,26,9,69,81,1,7,6,6,1,3,3,6,5,1,3,3
28,2,9,1,0,6,61,69,69,26,89,4,4,1,1,6,7,1,1,3,3,5,6
28,2,9,1,1,69,89,34,69,26,25,1,7,1,1,6,1,3,6,3,3,5,2
28,2,9,1,1,13,89,26,82,6,61,6,7,6,3,4,4,4,6,5,5,1,1
28,2,9,1,1,89,26,69,34,31,89,7,6,1,1,6,7,6,5,3,3,4,6
28,2,9,1,0,90,10,5,89,69,25,3,2,0,7,1,1,2,1,4,6,3,2
28,2,9,1,1,69,25,23,69,90,61,1,1,3,1,3,4,3,2,4,3,2,1
29,1,4,1,1,23,19,13,9,82,13,3,3,6,6,3,6,4,2,4,1,5,4
29,1,4,1,1,9,82,13,9,65,56,6,3,6,6,1,1,1,5,4,1,3,3
29,1,4,1,1,82,9,25,89,82,13,3,6,1,7,3,6,5,1,2,6,5,4
29,1,4,1,0,69,36,55,89,82,13,1,6,1,7,3,6,3,1,2,6,5,4
28,2,9,1,0,25,65,10,32,77,72,1,1,2,2,0,3,2,3,1,1,5,4
28,2,9,1,0,10,19,6,25,10,69,2,3,4,1,2,1,1,2,1,2,1,3
28,2,9,1,1,25,65,10,61,55,17,1,1,2,4,1,3,2,3,1,1,2,5
28,2,9,1,0,60,40,17,25,10,69,4,7,3,1,2,1,1,3,5,2,1,3
28,2,9,1,1,25,65,10,13,19,93,1,1,2,6,3,1,2,3,1,4,2,1
28,2,9,1,0,9,78,61,25,10,69,6,7,4,1,2,1,1,2,1,2,1,3
32,1,15,1,0,9,46,82,31,15,82,6,6,3,6,1,3,1,5,5,4,3,5
21,7,14,5,1,13,44,78,0,12,23,6,5,7,3,4,3,4,5,2,5,4,4
21,7,14,5,1,13,44,78,89,23,3,6,5,7,7,3,4,4,5,2,6,4,1
21,7,14,5,0,13,44,78,79,89,78,6,5,7,4,7,7,4,5,2,1,6,2
21,7,14,5,1,13,78,44,48,88,9,6,7,5,4,3,6,4,2,5,3,0,1
21,7,14,5,1,13,78,44,92,56,61,6,7,5,2,1,4,4,2,5,3,3,1
21,7,14,5,0,89,55,9,78,13,44,7,1,6,7,6,5,6,2,1,2,4,5
2,3,0,1,1,46,34,36,9,34,25,6,1,6,6,1,1,5,3,1,1,3,2
2,3,0,1,0,9,34,25,89,9,6,6,1,1,7,6,4,1,3,2,6,1,1
32,1,15,1,0,90,94,98,67,89,59,3,3,2,7,7,3,2,2,3,3,6,3
32,1,15,1,1,26,82,89,67,59,82,6,3,7,7,3,3,5,5,6,3,3,5
32,1,15,1,1,67,59,87,22,87,36,7,3,1,3,1,6,3,3,1,1,1,1
28,2,9,1,1,13,82,42,61,55,80,6,3,2,4,1,5,4,5,1,1,2,4
28,2,9,1,0,77,36,9,56,82,13,0,6,6,1,3,6,5,1,1,3,5,4
28,2,9,1,0,32,96,89,56,7,13,2,0,7,1,4,6,1,5,6,3,1,4
28,2,9,1,0,41,94,34,56,13,86,5,3,1,1,6,2,3,2,3,3,4,2
3,0,13,0,1,34,69,49,79,61,17,1,1,2,4,4,3,3,3,5,1,1,5
3,0,13,0,0,79,17,0,69,23,55,4,3,3,1,3,1,1,5,5,3,4,2
3,0,13,0,1,90,55,33,15,16,79,3,1,3,1,5,4,2,2,3,3,3,1
3,0,13,0,1,25,69,79,61,79,12,1,1,4,4,4,4,2,3,1,1,1,4
3,0,13,0,1,79,82,25,69,90,89,4,3,1,1,3,7,1,5,2,3,2,6
3,0,13,0,0,71,12,79,79,55,16,4,4,4,4,1,5,1,4,1,1,2,3
3,0,13,0,1,53,48,43,69,25,79,5,4,0,1,1,4,2,3,1,3,2,1
3,0,13,0,0,79,61,16,79,12,77,4,4,5,4,4,0,1,1,3,1,4,5
32,1,15,1,1,52,13,82,5,63,80,1,6,3,0,7,5,2,4,5,4,1,4
32,1,15,1,1,89,72,9,72,13,88,7,3,6,3,6,3,6,4,1,4,4,0
32,1,15,1,1,72,88,13,46,15,98,3,3,6,6,1,2,4,0,4,5,3,3
32,1,15,1,1,25,36,23,13,72,88,1,6,3,6,3,3,2,1,4,4,4,0
32,1,15,1,0,54,9,90,72,88,13,0,6,3,3,3,6,1,1,2,4,0,4
32,1,15,1,1,72,88,13,89,88,13,3,3,6,7,3,6,4,0,4,6,0,4
32,1,15,1,0,72,88,13,87,82,25,3,3,6,1,3,1,4,0,4,1,5,2
32,1,15,1,0,9,23,13,72,88,13,6,3,6,3,3,6,1,4,4,4,0,4
32,1,15,1,1,88,72,13,9,82,23,3,3,6,6,3,3,0,4,4,1,5,4
32,1,15,1,1,72,13,88,23,82,9,3,6,3,3,3,6,4,4,0,4,5,1
32,1,15,1,1,9,23,4,72,88,13,6,3,6,3,3,6,1,4,1,4,0,4
32,1,15,1,0,88,13,82,72,88,13,3,6,3,3,3,6,0,4,5,4,0,4
32,1,15,1,1,69,36,9,72,88,13,1,6,6,3,3,6,3,1,1,4,0,4
32,1,15,1,1,72,88,13,82,25,13,3,3,6,3,1,6,4,0,4,5,2,4
32,1,15,1,0,13,80,89,13,72,89,6,5,7,6,3,7,4,4,6,4,4,6
32,1,15,1,1,72,13,89,82,89,25,3,6,7,3,7,1,4,4,6,5,6,2
32,1,15,1,1,72,13,89,53,27,9,3,6,7,5,5,6,4,4,6,2,3,1
32,1,15,1,0,9,52,82,89,13,90,6,1,3,7,6,3,1,2,5,6,4,2
29,1,4,1,0,90,13,89,90,13,89,3,6,7,3,6,7,2,4,6,2,4,6
29,1,4,1,1,90,13,89,89,25,82,3,6,7,7,1,3,2,4,6,6,2,5
29,1,4,1,0,89,13,69,90,13,89,7,6,1,3,6,7,6,4,3,2,4,6
29,1,4,1,1,90,13,89,25,13,89,3,6,7,1,6,7,2,4,6,2,4,6
29,1,4,1,1,13,90,89,29,89,9,6,3,7,0,7,6,4,2,6,5,6,1
32,1,15,1,1,25,89,13,88,87,82,1,7,6,3,1,3,2,6,4,0,1,5
32,1,15,1,0,60,15,52,24,19,13,4,1,1,1,3,6,1,3,2,2,2,4
22,6,1,4,1,56,54,81,81,9,51,1,0,3,3,6,7,3,1,3,3,1,6
22,6,1,4,1,89,22,9,69,81,54,7,3,6,1,3,0,6,1,1,3,3,1
22,6,1,4,1,69,81,54,32,94,9,1,3,0,2,3,6,3,3,1,1,2,1
22,6,1,4,0,69,94,9,69,54,81,1,3,6,1,0,3,3,2,1,3,1,3
22,6,1,4,0,27,89,9,69,54,81,5,7,6,1,0,3,3,6,1,3,1,3
22,6,1,4,0,65,9,89,69,54,81,1,6,7,1,0,3,3,1,6,3,1,3
22,6,1,4,1,69,81,54,66,9,89,1,3,0,1,6,7,3,3,1,3,1,6
22,6,1,4,0,9,89,53,69,54,81,6,7,5,1,0,3,1,6,2,3,1,3
22,6,1,4,1,69,54,81,89,81,9,1,0,3,7,3,6,3,1,3,6,3,1
22,6,1,4,1,54,81,69,52,27,17,0,3,1,1,5,3,1,3,3,2,3,5
22,6,1,4,0,97,54,9,69,54,81,7,0,6,1,0,3,1,1,1,3,1,3
22,6,1,4,0,31,89,9,69,54,81,6,7,6,1,0,3,4,6,1,3,1,3
22,6,1,4,0,55,88,21,69,54,81,1,3,3,1,0,3,2,0,3,3,1,3
22,6,1,4,1,52,5,81,89,9,13,1,0,3,7,6,6,2,4,3,6,1,4
22,6,1,4,0,0,24,48,45,27,81,3,1,4,6,5,3,5,2,3,1,3,3
32,1,15,1,1,13,9,89,9,69,90,6,6,7,6,1,3,4,1,6,1,3,2
32,1,15,1,1,82,25,90,25,13,82,3,1,3,1,6,3,5,2,2,2,4,5
32,1,15,1,0,95,90,13,9,90,19,3,3,6,6,3,3,3,2,4,1,2,2
32,1,15,1,0,9,13,82,19,9,90,6,6,3,3,6,3,1,4,5,2,1,2
32,1,15,1,0,9,13,90,94,72,25,6,6,3,3,3,1,1,4,2,2,4,2
32,1,15,1,0,9,89,90,89,9,25,6,7,3,7,6,1,1,6,2,6,1,2
32,1,15,1,0,89,25,9,90,72,13,7,1,6,3,3,6,6,2,1,2,4,4
32,1,15,1,0,23,13,90,36,9,82,3,6,3,6,6,3,4,4,2,1,1,5
32,1,15,1,1,9,42,90,9,82,90,6,2,3,6,3,3,1,1,2,1,5,2
32,1,15,1,1,9,25,90,13,9,39,6,1,3,6,6,7,1,2,2,4,1,3
32,1,15,1,0,40,82,13,82,19,90,7,3,6,3,3,3,3,5,4,5,2,2
32,1,15,1,1,13,81,9,17,9,90,6,3,6,3,6,3,4,3,1,5,1,2
32,1,15,1,0,27,82,9,13,90,9,5,3,6,6,3,6,3,5,1,4,2,1
32,1,15,1,1,23,31,13,39,90,89,3,6,6,7,3,7,4,4,4,3,2,6
32,1,15,1,0,29,39,90,86,34,13,0,7,3,2,1,6,5,3,2,2,3,4
32,1,15,1,1,39,90,9,9,36,29,7,3,6,6,6,0,3,2,1,1,1,5
32,1,15,1,1,46,90,9,25,9,88,6,3,6,1,6,3,5,2,1,2,1,0
32,1,15,1,1,90,46,9,25,29,82,3,6,6,1,0,3,2,5,1,2,5,5
32,1,15,1,0,9,79,25,89,46,90,6,4,1,7,6,3,1,1,2,6,5,2
32,1,15,1,0,46,90,9,69,19,9,6,3,6,1,3,6,5,2,1,3,2,1
32,1,15,1,1,82,9,13,87,90,9,3,6,6,1,3,6,5,1,4,1,2,1
32,1,15,1,1,82,88,90,9,89,42,3,3,3,6,7,2,5,0,2,1,6,1
22,6,1,4,1,52,78,7,22,9,96,1,7,4,3,6,0,2,2,1,1,1,5
4,7,2,5,0,55,71,7,90,55,38,1,4,4,3,1,2,2,1,1,2,2,3
4,7,2,5,0,7,1,69,55,29,13,4,7,1,1,0,6,1,3,3,2,5,4
22,6,1,4,1,52,50,24,41,81,89,1,0,1,5,3,7,2,3,2,3,3,6
22,6,1,4,0,98,80,9,41,89,81,2,5,6,5,7,3,3,4,1,3,6,3
22,6,1,4,1,41,89,81,13,8,27,5,7,3,6,5,5,3,6,3,4,1,3
22,6,1,4,0,41,31,50,25,13,81,5,6,0,1,6,3,3,4,3,2,4,3
22,6,1,4,0,5,31,41,94,13,80,0,6,5,3,6,5,4,4,3,2,4,4
22,6,1,4,1,31,41,50,56,60,18,6,5,0,1,4,2,4,3,3,3,1,3
22,6,1,4,1,92,82,27,41,31,69,2,3,5,5,6,1,3,5,3,3,4,3
22,6,1,4,0,46,27,16,41,31,89,6,5,5,5,6,7,5,3,3,3,4,6
22,6,1,4,1,9,31,41,13,8,69,6,6,5,6,5,1,1,4,3,4,1,3
22,6,1,4,1,69,7,5,96,25,9,1,4,0,0,1,6,3,1,4,5,2,1
27,4,8,2,0,7,32,25,13,75,11,4,2,1,6,5,4,1,1,2,4,1,1
27,4,8,2,0,7,79,69,12,15,34,4,4,1,4,1,1,1,1,3,4,3,3
3,0,13,0,0,23,3,7,77,67,78,3,4,4,0,7,7,4,1,1,5,3,2
3,0,13,0,1,79,71,69,61,7,18,4,4,1,4,4,2,1,1,3,1,1,3
3,0,13,0,1,7,55,6,78,79,44,4,1,4,7,4,5,1,2,1,2,1,5
3,0,13,0,0,89,7,69,79,61,82,7,4,1,4,4,3,6,1,3,1,1,5
3,0,13,0,0,61,44,63,7,69,23,4,5,7,4,1,3,1,5,1,1,3,4
2,3,0,1,0,51,52,7,55,93,34,7,1,4,1,1,1,6,2,1,2,1,3
2,3,0,1,1,55,9,7,79,34,23,1,6,4,4,1,3,2,1,1,1,3,4
32,1,15,1,1,29,25,89,89,9,32,0,1,7,7,6,2,5,2,6,6,1,1
32,1,15,1,0,82,9,55,29,25,89,3,6,1,0,1,7,5,1,2,5,2,6
32,1,15,1,0,25,88,23,29,25,89,1,3,3,0,1,7,2,0,4,5,2,6
32,1,15,1,0,9,90,82,89,82,9,6,3,3,7,3,6,1,2,5,6,5,1
32,1,15,1,1,89,82,9,13,9,89,7,3,6,6,6,7,6,5,1,4,1,6
32,1,15,1,1,82,89,9,29,69,9,3,7,6,0,1,6,5,6,1,5,3,1
32,1,15,1,1,9,35,9,82,9,89,6,7,6,3,6,7,1,3,1,5,1,6
32,1,15,1,0,13,90,88,89,82,9,6,3,3,7,3,6,4,2,0,6,5,1
32,1,15,1,1,89,82,9,89,69,88,7,3,6,7,1,3,6,5,1,6,3,0
32,1,15,1,1,89,82,9,9,74,17,7,3,6,6,2,3,6,5,1,1,3,5
32,1,15,1,1,89,82,9,90,9,6,7,3,6,3,6,4,6,5,1,2,1,1
32,1,15,1,0,82,87,9,89,82,9,3,1,6,7,3,6,5,1,1,6,5,1
32,1,15,1,1,89,82,9,69,82,13,7,3,6,1,3,6,6,5,1,3,5,4
32,1,15,1,0,87,13,9,82,9,89,1,6,6,3,6,7,1,4,1,5,1,6
32,1,15,1,0,88,89,82,89,82,9,3,7,3,7,3,6,0,6,5,6,5,1
32,1,15,1,0,25,9,89,89,82,9,1,6,7,7,3,6,2,1,6,6,5,1
32,1,15,1,0,82,32,89,89,9,82,3,2,7,7,6,3,5,1,6,6,1,5
32,1,15,1,1,89,82,9,15,82,9,7,3,6,1,3,6,6,5,1,3,5,1
32,1,15,1,1,89,9,82,9,82,9,7,6,3,6,3,6,6,1,5,1,5,1
32,1,15,1,1,9,82,13,89,9,82,6,3,6,7,6,3,1,5,4,6,1,5
32,1,15,1,1,82,89,9,82,9,6,3,7,6,3,6,4,5,6,1,5,1,1
32,1,15,1,0,82,13,89,89,82,9,3,6,7,7,3,6,5,4,6,6,5,1
32,1,15,1,1,89,82,9,23,82,25,7,3,6,3,3,1,6,5,1,4,5,2
32,1,15,1,1,82,89,9,88,6,13,3,7,6,3,4,6,5,6,1,0,1,4
4,7,2,5,1,55,82,50,69,55,77,1,3,0,1,1,0,2,5,3,3,2,5
4,7,2,5,1,55,82,50,78,16,54,1,3,0,7,5,0,2,5,3,2,3,1
2,3,0,1,1,14,9,13,15,23,69,6,6,6,1,3,1,3,1,4,3,4,3
2,3,0,1,1,0,69,65,23,69,25,3,1,1,3,1,1,5,3,3,4,3,2
2,3,0,1,0,16,69,23,31,30,6,5,1,3,6,1,4,3,3,4,4,1,1
2,3,0,1,1,19,69,13,23,89,13,3,1,6,3,7,6,2,3,4,4,6,4
2,3,0,1,1,36,23,61,69,32,9,6,3,4,1,2,6,1,4,1,3,1,1
2,3,0,1,1,23,9,34,23,6,34,3,6,1,3,4,1,4,1,3,4,1,3
2,3,0,1,1,96,25,9,13,9,23,0,1,6,6,6,3,5,2,1,4,1,4
2,3,0,1,1,69,9,23,36,89,9,1,6,3,6,7,6,3,1,4,1,6,1
2,3,0,1,0,23,90,32,32,13,23,3,3,2,2,6,3,4,2,1,1,4,4
2,3,0,1,1,37,93,9,95,90,69,2,1,6,3,3,1,1,1,1,3,2,3
4,7,2,5,1,43,30,82,25,99,16,0,1,3,1,7,5,1,1,5,2,3,3
4,7,2,5,0,93,88,79,16,99,25,1,3,4,5,7,1,1,0,1,3,3,2
4,7,2,5,0,55,69,35,25,99,16,1,1,7,1,7,5,2,3,3,2,3,3
4,7,2,5,1,16,99,25,23,79,82,5,7,1,3,4,3,3,3,2,4,1,5
13,7,1,5,1,72,70,89,10,89,90,3,2,7,2,7,3,4,3,6,1,6,2
4,7,2,5,1,90,25,24,41,27,9,3,1,1,5,5,6,2,2,2,3,3,1
4,7,2,5,1,0,40,69,27,41,16,3,7,1,5,5,5,5,3,3,3,3,3
4,7,2,5,1,41,27,3,26,79,12,5,5,4,6,4,4,3,3,1,5,1,4
4,7,2,5,1,27,41,14,66,53,93,5,5,6,1,5,1,3,3,3,3,2,1
4,7,2,5,0,37,10,25,27,41,14,2,2,1,5,5,6,1,1,2,3,3,3
4,7,2,5,1,40,74,92,27,41,14,7,2,2,5,5,6,3,3,3,3,3,3
4,7,2,5,1,27,41,14,16,25,80,5,5,6,5,1,5,3,3,3,3,2,4
4,7,2,5,0,54,6,55,27,41,14,0,4,1,5,5,6,1,1,2,3,3,3
4,7,2,5,1,27,41,14,33,55,25,5,5,6,3,1,1,3,3,3,3,2,2
4,7,2,5,0,27,41,14,89,55,32,5,5,6,7,1,2,3,3,3,6,2,1
4,7,2,5,0,16,90,12,41,14,27,5,3,4,5,6,5,3,2,4,3,3,3
4,7,2,5,1,27,41,14,69,96,92,5,5,6,1,0,2,3,3,3,3,5,3
4,7,2,5,0,37,56,47,41,27,14,2,1,7,5,5,6,1,3,3,3,3,3
4,7,2,5,1,27,41,14,79,14,61,5,5,6,4,6,4,3,3,3,1,3,1
4,7,2,5,1,41,27,14,56,99,25,5,5,6,1,7,1,3,3,3,3,3,2
4,7,2,5,1,27,41,14,56,36,51,5,5,6,1,6,7,3,3,3,3,1,6
32,1,15,1,1,94,9,13,32,4,89,3,6,6,2,6,7,2,1,4,1,1,6
32,1,15,1,0,9,82,25,89,32,4,6,3,1,7,2,6,1,5,2,6,1,1
32,1,15,1,1,32,89,4,90,13,9,2,7,6,3,6,6,1,6,1,2,4,1
32,1,15,1,0,24,9,31,32,4,89,1,6,6,2,6,7,2,1,4,1,1,6
32,1,15,1,0,10,82,9,89,32,4,2,3,6,7,2,6,1,5,1,6,1,1
32,1,15,1,0,9,30,34,89,4,32,6,1,1,7,6,2,1,1,3,6,1,1
32,1,15,1,1,89,32,4,69,9,82,7,2,6,1,6,3,6,1,1,3,1,5
32,1,15,1,1,4,89,32,13,24,82,6,7,2,6,1,3,1,6,1,4,2,5
32,1,15,1,1,89,32,4,24,13,29,7,2,6,1,6,0,6,1,1,2,4,5
32,1,15,1,1,89,32,4,27,80,95,7,2,6,5,5,3,6,1,1,3,4,3
32,1,15,1,0,9,31,37,89,32,4,6,6,2,7,2,6,1,4,1,6,1,1
32,1,15,1,0,90,18,82,72,26,9,3,2,3,3,6,6,2,3,5,4,5,1
4,7,2,5,0,9,55,94,79,30,26,6,1,3,4,1,6,1,2,2,1,1,5
32,1,15,1,0,89,19,9,13,82,9,7,3,6,6,3,6,6,2,1,4,5,1
32,1,15,1,0,36,69,9,9,82,89,6,1,6,6,3,7,1,3,1,1,5,6
32,1,15,1,1,13,82,9,9,89,82,6,3,6,6,7,3,4,5,1,1,6,5
32,1,15,1,0,9,55,46,9,13,82,6,1,6,6,6,3,1,2,5,1,4,5
32,1,15,1,1,9,9,82,86,13,34,6,6,3,2,6,1,1,1,5,2,4,3
32,1,15,1,1,82,13,9,87,9,82,3,6,6,1,6,3,5,4,1,1,1,5
32,1,15,1,0,82,27,28,90,13,82,3,5,6,3,6,3,5,3,2,2,4,5
32,1,15,1,1,13,82,89,13,46,89,6,3,7,6,6,7,4,5,6,4,5,6
32,1,15,1,0,74,97,9,13,42,9,2,7,6,6,2,6,3,1,1,4,1,1
32,1,15,1,0,13,89,46,13,89,86,6,7,6,6,7,2,4,6,5,4,6,2
13,7,1,5,0,79,42,43,79,56,43,4,2,0,4,1,0,1,1,1,1,3,1
2,3,0,1,0,69,96,13,23,9,58,1,0,6,3,6,2,3,5,4,4,1,3
2,3,0,1,1,58,23,9,77,9,69,2,3,6,0,6,1,3,4,1,5,1,3
2,3,0,1,1,69,9,71,90,58,9,1,6,4,3,2,6,3,1,1,2,3,1
2,3,0,1,0,34,69,9,58,9,34,1,1,6,2,6,1,3,3,1,3,1,3
2,3,0,1,1,82,9,15,82,69,9,3,6,1,3,1,6,5,1,3,5,3,1
2,3,0,1,0,9,82,15,69,37,13,6,3,1,1,2,6,1,5,3,3,1,4
2,3,0,1,1,9,15,82,13,9,69,6,1,3,6,6,1,1,3,5,4,1,3
2,3,0,1,0,37,13,96,82,9,15,2,6,0,3,6,1,1,4,5,5,1,3
2,3,0,1,1,9,82,15,13,56,15,6,3,1,6,1,1,1,5,3,4,3,3
2,3,0,1,0,93,96,9,15,9,82,1,0,6,1,6,3,1,5,1,3,1,5
2,3,0,1,0,69,14,9,82,15,9,1,6,6,3,1,6,3,3,1,5,3,1
2,3,0,1,0,82,34,55,34,23,69,3,1,1,1,3,1,5,3,2,3,4,3
33,3,0,1,0,69,17,9,25,82,10,1,3,6,1,3,2,3,5,1,2,5,1
33,3,0,1,1,19,82,13,69,17,9,3,3,6,1,3,6,2,5,4,3,5,1
33,3,0,1,1,17,69,9,6,13,9,3,1,6,4,6,6,5,3,1,1,4,1
33,3,0,1,1,17,69,9,10,42,13,3,1,6,2,2,6,5,3,1,1,1,4
33,3,0,1,0,69,46,17,9,55,69,1,6,3,6,1,1,3,5,5,1,2,3
33,3,0,1,1,69,17,46,25,69,96,1,3,6,1,1,0,3,5,5,2,3,5
33,3,0,1,1,69,17,21,42,23,15,1,3,3,2,3,1,3,5,3,1,4,3
33,3,0,1,1,69,17,89,67,23,96,1,3,7,7,3,0,3,5,6,3,4,5
33,3,0,1,0,69,17,9,45,35,30,1,3,6,6,7,1,3,5,1,1,3,1
33,3,0,1,0,58,82,25,25,89,9,2,3,1,1,7,6,3,5,2,2,6,1
33,3,0,1,1,69,82,34,82,46,23,1,3,1,3,6,3,3,5,3,5,5,4
33,3,0,1,1,9,65,89,82,41,74,6,1,7,3,5,2,1,3,6,5,3,3
33,3,0,1,1,89,65,9,41,74,82,7,1,6,5,2,3,6,3,1,3,3,5
6,7,12,5,0,6,25,78,78,7,90,4,1,7,7,4,3,1,2,2,2,1,2
7,4,10,2,1,15,80,13,95,17,9,1,5,6,3,3,6,3,4,4,3,5,1
8,6,13,4,1,9,96,19,13,89,8,6,0,3,6,7,5,1,5,2,4,6,1
8,6,13,4,1,9,16,94,96,9,24,6,5,3,0,6,1,1,3,2,5,1,2
8,6,13,4,1,42,13,9,9,95,32,2,6,6,6,3,2,1,4,1,1,3,1
11,1,15,1,0,82,69,89,9,13,69,3,1,7,6,6,1,5,3,6,1,4,3
23,5,8,3,1,49,66,87,27,51,89,2,1,1,5,7,7,5,3,1,3,6,6
23,5,8,3,1,39,66,87,17,88,79,7,1,1,3,3,4,3,3,1,5,0,1
23,5,8,3,0,66,87,72,82,13,89,1,1,3,3,6,7,3,1,4,5,4,6
23,5,8,3,0,87,66,89,9,23,13,1,1,7,6,3,6,1,3,6,1,4,4
23,5,8,3,0,13,87,66,72,23,9,6,1,1,3,3,6,4,1,3,4,4,1
23,5,8,3,1,49,66,87,72,66,21,2,1,1,3,1,3,5,3,1,4,3,3
23,5,8,3,1,66,87,13,9,13,89,1,1,6,6,6,7,3,1,4,1,4,6
23,5,8,3,1,66,87,48,77,89,9,1,1,4,0,7,6,3,1,3,5,6,1
23,5,8,3,1,87,66,9,52,69,9,1,1,6,1,1,6,1,3,1,2,3,1
23,5,8,3,0,12,85,30,66,87,24,4,1,1,1,1,1,4,1,1,3,1,2
23,5,8,3,0,49,23,89,87,66,89,2,3,7,1,1,7,5,4,6,1,3,6
23,5,8,3,0,66,87,9,72,13,9,1,1,6,3,6,6,3,1,1,4,4,1
23,5,8,3,0,8,13,72,66,87,49,5,6,3,1,1,2,1,4,4,3,1,5
23,5,8,3,1,49,66,87,72,9,89,2,1,1,3,6,7,5,3,1,4,1,6
23,5,8,3,1,89,66,87,30,9,13,7,1,1,1,6,6,6,3,1,1,1,4
23,5,8,3,1,87,66,13,66,13,27,1,1,6,1,6,5,1,3,4,3,4,3
23,5,8,3,0,9,23,82,13,66,87,6,3,3,6,1,1,1,4,5,4,3,1
23,5,8,3,1,66,87,65,25,65,72,1,1,1,1,1,3,3,1,3,2,3,4
23,5,8,3,1,87,66,19,9,32,13,1,1,3,6,2,6,1,3,2,1,1,4
32,1,15,1,0,10,13,31,25,1,77,2,6,6,1,7,0,1,4,4,2,3,5
32,1,15,1,1,9,77,56,80,85,74,6,0,1,5,1,2,1,5,3,4,1,3
32,1,15,1,0,63,26,42,83,13,10,7,6,2,6,6,2,1,5,1,4,4,1
32,1,15,1,0,26,23,63,9,82,90,6,3,7,6,3,3,5,4,1,1,5,2
32,1,15,1,1,13,82,63,36,69,82,6,3,7,6,1,3,4,5,1,1,3,5
32,1,15,1,0,63,31,25,9,13,29,7,6,1,6,6,0,1,4,2,1,4,5
32,1,15,1,1,61,31,63,63,0,87,4,6,7,7,3,1,1,4,1,1,5,1
32,1,15,1,0,29,90,32,82,13,89,0,3,2,3,6,7,5,2,1,5,4,6
32,1,15,1,1,69,13,29,12,74,92,1,6,0,4,2,2,3,4,5,4,3,3
3,0,13,0,0,12,2,79,55,16,53,4,2,4,1,5,5,4,2,1,2,3,2
3,0,13,0,0,12,58,79,16,53,7,4,2,4,5,5,4,4,3,1,3,2,1
3,0,13,0,0,79,44,78,25,79,16,4,5,7,1,4,5,1,5,2,2,1,3
3,0,13,0,0,55,41,90,12,69,16,1,5,3,4,1,5,2,3,2,4,3,3
4,7,2,5,1,89,16,34,11,82,8,7,5,1,4,3,5,6,3,3,1,5,1
4,7,2,5,1,56,12,53,34,16,53,1,4,5,1,5,5,3,4,2,3,3,2
3,0,13,0,0,27,16,34,12,25,6,5,5,1,4,1,4,3,3,3,4,2,1
3,0,13,0,1,3,37,79,27,16,34,4,2,4,5,5,1,1,1,1,3,3,3
3,0,13,0,0,79,3,6,27,16,34,4,4,4,5,5,1,1,1,1,3,3,3
3,0,13,0,1,82,61,71,27,16,34,3,4,4,5,5,1,5,1,1,3,3,3
3,0,13,0,0,69,48,16,34,16,27,1,4,5,1,5,5,3,3,3,3,3,3
3,0,13,0,0,55,69,62,34,78,27,1,1,5,1,7,5,2,3,3,3,2,3
3,0,13,0,0,23,34,38,38,34,25,3,1,2,2,1,1,4,3,3,3,3,2
3,0,13,0,0,23,90,29,23,34,38,3,3,0,3,1,2,4,2,5,4,3,3
3,0,13,0,1,23,55,69,55,80,79,3,1,1,1,5,4,4,2,3,2,4,1
4,7,2,5,0,25,55,12,25,23,69,1,1,4,1,3,1,2,2,4,2,4,3
4,7,2,5,1,89,3,25,69,25,34,7,4,1,1,1,1,6,1,2,3,2,3
4,7,2,5,0,79,32,61,25,34,69,4,2,4,1,1,1,1,1,1,2,3,3
4,7,2,5,1,69,25,34,59,79,55,1,1,1,3,4,1,3,2,3,3,1,2
4,7,2,5,1,16,87,55,69,82,34,5,1,1,1,3,1,3,1,2,3,5,3
4,7,2,5,0,69,25,34,95,55,61,1,1,1,3,1,4,3,2,3,3,2,1
4,7,2,5,1,69,25,34,43,94,30,1,1,1,0,3,1,3,2,3,1,2,1
4,7,2,5,1,69,25,34,1,77,79,1,1,1,7,0,4,3,2,3,3,5,1
4,7,2,5,0,61,9,96,69,25,34,4,6,0,1,1,1,1,1,5,3,2,3
4,7,2,5,0,17,61,55,69,25,34,3,4,1,1,1,1,5,1,2,3,2,3
4,7,2,5,1,47,34,90,69,25,34,7,1,3,1,1,1,3,3,2,3,2,3
4,7,2,5,1,69,34,25,69,55,3,1,1,1,1,1,4,3,3,2,3,2,1
4,7,2,5,1,63,25,89,79,25,34,7,1,7,4,1,1,1,2,6,1,2,3
4,7,2,5,0,79,12,25,25,34,67,4,4,1,1,1,7,1,4,2,2,3,3
3,0,13,0,1,16,55,7,7,62,9,5,1,4,4,5,6,3,2,1,1,3,1
3,0,13,0,1,55,80,44,16,7,55,1,5,5,5,4,1,2,4,5,3,1,2
3,0,13,0,1,7,16,55,25,23,26,4,5,1,1,3,6,1,3,2,2,4,5
3,0,13,0,1,92,60,25,16,7,55,2,4,1,5,4,1,3,1,2,3,1,2
3,0,13,0,0,25,61,16,16,7,55,1,4,5,5,4,1,2,1,3,3,1,2
3,0,13,0,1,79,25,69,16,7,40,4,1,1,5,4,7,1,2,3,3,1,3
3,0,13,0,1,16,7,40,41,77,93,5,4,7,5,0,1,3,1,3,3,5,1
3,0,13,0,1,7,40,16,29,3,38,4,7,5,0,4,2,1,3,3,5,1,3
3,0,13,0,1,16,7,40,23,41,10,5,4,7,3,5,2,3,1,3,4,3,1
3,0,13,0,1,16,40,7,79,50,23,5,7,4,4,0,3,3,3,1,1,3,4
3,0,13,0,1,7,40,16,25,61,92,4,7,5,1,4,2,1,3,3,2,1,3
3,0,13,0,1,7,23,76,16,7,40,4,3,3,5,4,7,1,4,1,3,1,3
3,0,13,0,0,23,6,79,16,7,40,3,4,4,5,4,7,4,1,1,3,1,3
3,0,13,0,0,77,90,79,16,7,40,0,3,4,5,4,7,5,2,1,3,1,3
3,0,13,0,0,90,3,79,16,7,40,3,4,4,5,4,7,2,1,1,3,1,3
3,0,13,0,1,16,7,40,79,32,92,5,4,7,4,2,2,3,1,3,1,1,3
3,0,13,0,1,16,7,40,79,30,94,5,4,7,4,1,3,3,1,3,1,1,2
3,0,13,0,0,36,67,47,16,7,40,6,7,7,5,4,7,1,3,3,3,1,3
3,0,13,0,1,12,91,16,16,7,40,4,0,5,5,4,7,4,3,3,3,1,3
3,0,13,0,1,16,7,40,0,79,55,5,4,7,3,4,1,3,1,3,5,1,2
3,0,13,0,0,61,78,43,16,7,40,4,7,0,5,4,7,1,2,1,3,1,3
3,0,13,0,1,16,7,40,71,23,69,5,4,7,4,3,1,3,1,3,1,4,3
3,0,13,0,1,16,7,40,30,31,33,5,4,7,1,6,3,3,1,3,1,4,3
3,0,13,0,0,12,79,77,16,7,40,4,4,0,5,4,7,4,1,5,3,1,3
3,0,13,0,1,16,7,40,84,0,25,5,4,7,5,3,1,3,1,3,3,5,2
32,1,15,1,1,13,67,14,94,13,23,6,7,6,3,6,3,4,3,3,2,4,4
32,1,15,1,0,86,90,88,67,14,13,2,3,3,7,6,6,2,2,0,3,3,4
3,0,13,0,1,43,89,55,65,69,44,0,7,1,1,1,5,1,6,2,3,3,5
3,0,13,0,1,55,71,82,69,65,44,1,4,3,1,1,5,2,1,5,3,3,5
32,1,15,1,1,9,27,25,15,9,89,6,5,1,1,6,7,1,3,2,3,1,6
32,1,15,1,1,23,31,9,13,25,89,3,6,6,6,1,7,4,4,1,4,2,6
32,1,15,1,0,72,60,31,89,36,83,3,4,6,7,6,6,4,1,4,6,1,4
32,1,15,1,0,82,31,16,60,31,72,3,6,5,4,6,3,5,4,3,1,4,4
32,1,15,1,0,60,31,72,31,9,82,4,6,3,6,6,3,1,4,4,4,1,5
29,1,4,1,0,60,58,69,67,25,89,4,2,1,7,1,7,1,3,3,3,2,6
29,1,4,1,1,82,60,58,13,54,19,3,4,2,6,0,3,5,1,3,4,1,2
29,1,4,1,0,86,37,36,9,89,97,2,2,6,6,7,7,2,1,1,1,6,1
29,1,4,1,1,13,37,36,80,50,9,6,2,6,5,0,6,4,1,1,4,3,1
29,1,4,1,1,13,69,9,28,29,13,6,1,6,6,0,6,4,3,1,2,5,4
29,1,4,1,0,95,34,31,82,89,19,3,1,6,3,7,3,3,3,4,5,6,2
29,1,4,1,0,15,73,9,95,34,27,1,7,6,3,1,5,3,3,1,3,3,3
29,1,4,1,0,19,82,9,95,34,85,3,3,6,3,1,1,2,5,1,3,3,1
29,1,4,1,1,36,13,30,36,34,82,6,6,1,6,1,3,1,4,1,1,3,5
29,1,4,1,0,14,42,34,90,29,85,6,2,1,3,0,1,3,1,3,2,5,1
29,1,4,1,0,23,82,13,98,14,42,3,3,6,2,6,2,4,5,4,3,3,1
29,1,4,1,1,82,14,42,72,99,13,3,6,2,3,7,6,5,3,1,4,3,4
29,1,4,1,0,14,42,36,34,9,29,6,2,6,1,6,0,3,1,1,3,1,5
29,1,4,1,0,9,82,36,42,14,9,6,3,6,2,6,6,1,5,1,1,3,1
29,1,4,1,0,43,73,25,42,14,69,0,7,1,2,6,1,1,3,2,1,3,3
29,1,4,1,1,89,13,94,83,42,13,7,6,3,6,2,6,6,4,2,4,1,4
29,1,4,1,0,19,42,83,36,2,65,3,2,6,6,2,1,2,1,4,1,2,3
29,1,4,1,0,69,27,13,55,83,42,1,5,6,1,6,2,3,3,4,2,4,1
21,7,14,5,1,71,60,79,79,38,12,4,4,4,4,2,4,1,1,1,1,3,4
21,7,14,5,1,60,71,79,61,80,16,4,4,4,4,5,5,1,1,1,1,4,3
21,7,14,5,1,53,41,56,71,60,61,5,5,1,4,4,4,2,3,3,1,1,1
21,7,14,5,0,16,7,23,60,71,40,5,4,3,4,4,7,3,1,4,1,1,3
21,7,14,5,0,16,27,61,60,71,12,5,5,4,4,4,4,3,3,1,1,1,4
21,7,14,5,1,60,71,25,79,60,61,4,4,1,4,4,4,1,1,2,1,1,1
21,7,14,5,0,79,69,71,7,71,60,4,1,4,4,4,4,1,3,1,1,1,1
32,1,15,1,0,9,13,90,9,19,88,6,6,3,6,3,3,1,4,2,1,2,0
32,1,15,1,1,9,19,88,82,94,9,6,3,3,3,3,6,1,2,0,5,2,1
32,1,15,1,1,19,88,9,82,13,9,3,3,6,3,6,6,2,0,1,5,4,1
32,1,15,1,1,9,19,88,80,34,23,6,3,3,5,1,3,1,2,0,4,3,4
32,1,15,1,1,19,9,88,89,13,36,3,6,3,7,6,6,2,1,0,6,4,1
32,1,15,1,1,19,9,88,82,90,89,3,6,3,3,3,7,2,1,0,5,2,6
32,1,15,1,1,27,9,88,82,87,72,5,6,3,3,1,3,3,1,0,5,1,4
32,1,15,1,1,88,9,89,29,27,9,3,6,7,0,5,6,0,1,6,5,3,1
32,1,15,1,0,9,46,13,9,88,82,6,6,6,6,3,3,1,5,4,1,0,5
32,1,15,1,0,9,90,25,88,9,32,6,3,1,3,6,2,1,2,2,0,1,1
32,1,15,1,1,9,88,23,36,89,82,6,3,3,6,7,3,1,0,4,1,6,5
32,1,15,1,1,9,13,57,82,49,86,6,6,3,3,2,2,1,4,1,5,5,2
32,1,15,1,0,13,94,34,13,82,95,6,3,1,6,3,3,4,2,3,4,5,3
32,1,15,1,0,82,25,9,13,82,95,3,1,6,6,3,3,5,2,1,4,5,3
32,1,15,1,0,23,13,88,13,82,95,3,6,3,6,3,3,4,4,0,4,5,3
32,1,15,1,0,13,82,95,23,32,31,6,3,3,3,2,6,4,5,3,4,1,4
32,1,15,1,1,82,95,13,69,82,86,3,3,6,1,3,2,5,3,4,3,5,2
32,1,15,1,0,81,31,89,13,82,95,3,6,7,6,3,3,3,4,6,4,5,3
32,1,15,1,1,13,82,95,89,9,82,6,3,3,7,6,3,4,5,3,6,1,5
32,1,15,1,0,80,94,9,82,95,13,5,3,6,3,3,6,4,2,1,5,3,4
32,1,15,1,1,13,82,95,31,52,89,6,3,3,6,1,7,4,5,3,4,2,6
32,1,15,1,1,13,95,82,89,82,52,6,3,3,7,3,1,4,3,5,6,5,2
32,1,15,1,0,23,90,29,82,95,13,3,3,0,3,3,6,4,2,5,5,3,4
32,1,15,1,1,82,13,95,13,9,21,3,6,3,6,6,3,5,4,3,4,1,3
32,1,15,1,0,94,13,23,95,13,82,3,6,3,3,6,3,2,4,4,3,4,5
4,7,2,5,0,12,25,64,26,98,53,4,1,6,6,2,5,4,2,2,5,3,2
4,7,2,5,0,23,25,72,79,10,70,3,1,3,4,2,2,4,2,4,1,1,3
4,7,2,5,1,71,65,25,9,90,25,4,1,1,6,3,1,1,3,2,1,2,2
32,1,15,1,0,19,25,9,82,53,37,3,1,6,3,5,2,2,2,1,5,2,1
32,1,15,1,0,9,82,67,36,9,19,6,3,7,6,6,3,1,5,3,1,1,2
32,1,15,1,0,5,23,19,23,90,9,0,3,3,3,3,6,4,4,2,4,2,1
32,1,15,1,0,9,90,31,15,19,23,6,3,6,1,3,3,1,2,4,3,2,4
32,1,15,1,0,46,31,82,19,86,25,6,6,3,3,2,1,5,4,5,2,2,2
32,1,15,1,1,82,13,19,54,25,9,3,6,3,0,1,6,5,4,2,1,2,1
32,1,15,1,1,19,96,23,93,52,9,3,0,3,1,1,6,2,5,4,1,2,1
32,1,15,1,1,19,90,13,13,19,9,3,3,6,6,3,6,2,2,4,4,2,1
32,1,15,1,1,42,69,82,13,81,19,2,1,3,6,3,3,1,3,5,4,3,2
32,1,15,1,1,13,82,19,82,9,23,6,3,3,3,6,3,4,5,2,5,1,4
32,1,15,1,1,9,15,82,82,13,19,6,1,3,3,6,3,1,3,5,5,4,2
32,1,15,1,0,88,29,23,19,82,86,3,0,3,3,3,2,0,5,4,2,5,2
32,1,15,1,0,89,19,27,27,24,23,7,3,5,5,1,3,6,2,3,3,2,4
32,1,15,1,0,26,24,36,9,19,13,6,1,6,6,3,6,5,2,1,1,2,4
32,1,15,1,0,31,13,82,52,90,19,6,6,3,1,3,3,4,4,5,2,2,2
32,1,15,1,0,24,69,17,24,19,13,1,1,3,1,3,6,2,3,5,2,2,4
32,1,15,1,1,19,72,69,82,13,69,3,3,1,3,6,1,2,4,3,5,4,3
32,1,15,1,0,9,82,72,19,89,13,6,3,3,3,7,6,1,5,4,2,6,4
32,1,15,1,1,19,42,29,19,42,82,3,2,0,3,2,3,2,1,5,2,1,5
32,1,15,1,1,13,19,9,25,9,27,6,3,6,1,6,5,4,2,1,2,1,3
32,1,15,1,1,13,19,96,53,69,25,6,3,0,5,1,1,4,2,5,2,3,2
32,1,15,1,0,22,17,24,19,69,46,3,3,1,3,1,6,1,5,2,2,3,5
32,1,15,1,1,31,19,80,45,87,43,6,3,5,6,1,0,4,2,4,1,1,1
32,1,15,1,1,60,13,27,82,19,9,4,6,5,3,3,6,1,4,3,5,2,1
32,1,15,1,0,52,82,19,89,49,82,1,3,3,7,2,3,2,5,2,6,5,5
8,6,13,4,0,32,9,41,32,36,24,2,6,5,2,6,1,1,1,3,1,1,2
6,7,12,5,0,16,79,6,55,71,0,5,4,4,1,4,3,3,1,1,2,1,5
23,5,8,3,1,13,9,89,29,9,30,6,6,7,0,6,1,4,1,6,5,1,1
23,5,8,3,1,23,9,89,49,30,19,3,6,7,2,1,3,4,1,6,5,1,2
23,5,8,3,0,87,65,9,36,49,30,1,1,6,6,2,1,1,3,1,1,5,1
23,5,8,3,1,49,13,89,30,36,22,2,6,7,1,6,3,5,4,6,1,1,1
23,5,8,3,0,9,13,20,30,2,51,6,6,3,1,2,7,1,4,3,1,2,6
23,5,8,3,1,36,32,30,23,13,15,6,2,1,3,6,1,1,1,1,4,4,3
23,5,8,3,1,23,65,32,32,36,30,3,1,2,2,6,1,4,3,1,1,1,1
23,5,8,3,1,36,32,30,24,20,9,6,2,1,1,3,6,1,1,1,2,3,1
23,5,8,3,1,36,32,30,53,65,23,6,2,1,5,1,3,1,1,1,2,3,4
23,5,8,3,1,13,89,30,24,23,30,6,7,1,1,3,1,4,6,1,2,4,1
23,5,8,3,0,66,20,65,24,30,87,1,3,1,1,1,1,3,3,3,2,1,1
23,5,8,3,0,66,13,87,25,30,24,1,6,1,1,1,1,3,4,1,2,1,2
23,5,8,3,0,30,9,59,9,89,85,1,6,3,6,7,1,1,1,3,1,6,1
23,5,8,3,1,90,13,23,66,30,17,3,6,3,1,1,3,2,4,4,3,1,5
23,5,8,3,0,30,66,61,66,30,19,1,1,4,1,1,3,1,3,1,3,1,2
23,5,8,3,1,30,42,9,20,22,9,1,2,6,3,3,6,1,1,1,3,1,1
23,5,8,3,1,25,66,23,30,9,20,1,1,3,1,6,3,2,3,4,1,1,3
23,5,8,3,1,30,13,30,28,65,13,1,6,1,6,1,6,1,4,1,2,3,4
23,5,8,3,1,13,23,9,13,20,30,6,3,6,6,3,1,4,4,1,4,3,1
20,6,14,4,1,89,10,64,6,29,89,7,2,6,4,0,7,6,1,2,1,5,6
20,6,14,4,1,32,84,9,89,64,10,2,5,6,7,6,2,1,3,1,6,2,1
20,6,14,4,1,64,10,89,34,89,9,6,2,7,1,7,6,2,1,6,3,6,1
4,7,2,5,0,71,25,80,76,79,53,4,1,5,3,4,5,1,2,4,1,1,2
4,7,2,5,0,68,69,80,10,26,53,3,1,5,2,6,5,3,3,4,1,5,2
4,7,2,5,0,14,25,19,80,56,90,6,1,3,5,1,3,3,2,2,4,3,2
4,7,2,5,0,23,25,89,12,80,91,3,1,7,4,5,0,4,2,6,4,4,3
4,7,2,5,1,91,52,55,91,12,80,0,1,1,0,4,5,3,2,2,3,4,4
4,7,2,5,0,63,23,39,41,80,68,7,3,7,5,5,3,1,4,3,3,4,3
4,7,2,5,1,80,41,68,72,23,31,5,5,3,3,3,6,4,3,3,4,4,4
4,7,2,5,1,9,89,15,80,56,83,6,7,1,5,1,6,1,6,3,4,3,4
4,7,2,5,1,31,36,61,80,69,25,6,6,4,5,1,1,4,1,1,4,3,2
4,7,2,5,1,52,23,13,61,53,80,1,3,6,4,5,5,2,4,4,1,2,4
4,7,2,5,1,53,61,80,6,82,48,5,4,5,4,3,4,2,1,4,1,5,3
4,7,2,5,0,14,96,74,3,80,91,6,0,2,4,5,0,3,5,3,1,4,3
4,7,2,5,1,80,92,99,32,10,0,5,2,7,2,2,3,4,3,3,1,1,5
32,1,15,1,0,9,26,80,82,9,89,6,6,5,3,6,7,1,5,4,5,1,6
32,1,15,1,0,80,9,19,9,89,82,5,6,3,6,7,3,4,1,2,1,6,5
32,1,15,1,0,80,9,13,24,13,95,5,6,6,1,6,3,4,1,4,2,4,3
32,1,15,1,1,9,80,82,9,13,82,6,5,3,6,6,3,1,4,5,1,4,5
32,1,15,1,1,82,80,89,82,13,29,3,5,7,3,6,0,5,4,6,5,4,5
32,1,15,1,1,88,80,23,4,13,34,3,5,3,6,6,1,0,4,4,1,4,3
4,7,2,5,0,10,52,82,80,90,12,2,1,3,5,3,4,1,2,5,4,2,4
4,7,2,5,1,56,34,55,80,70,32,1,1,1,5,2,2,3,3,2,4,3,1
4,7,2,5,0,94,25,80,13,79,12,3,1,5,6,4,4,2,2,4,4,1,4
4,7,2,5,0,13,66,89,80,13,79,6,1,7,5,6,4,4,3,6,4,4,1
4,7,2,5,0,53,56,78,80,13,79,5,1,7,5,6,4,2,3,2,4,4,1
4,7,2,5,1,30,71,0,29,12,80,1,4,3,0,4,5,1,1,5,5,4,4
32,1,15,1,1,89,25,13,69,9,25,7,1,6,1,6,1,6,2,4,3,1,2
32,1,15,1,1,25,89,82,69,25,13,1,7,3,1,1,6,2,6,5,3,2,4
3,0,13,0,0,61,70,78,79,30,71,4,2,7,4,1,4,1,3,2,1,1,1
3,0,13,0,1,71,90,79,55,12,96,4,3,4,1,4,0,1,2,1,2,4,5
3,0,13,0,1,71,79,16,85,69,7,4,4,5,1,1,4,1,1,3,1,3,1
29,1,4,1,1,32,67,65,25,82,32,2,7,1,1,3,2,1,3,3,2,5,1
29,1,4,1,1,25,82,32,69,60,88,1,3,2,1,4,3,2,5,1,3,1,0
29,1,4,1,0,25,89,32,90,89,82,1,7,2,3,7,3,2,6,1,2,6,5
4,7,2,5,0,40,90,79,25,89,32,7,3,4,1,7,2,3,2,1,2,6,1
29,1,4,1,0,46,69,9,89,32,25,6,1,6,7,2,1,5,3,1,6,1,2
29,1,4,1,1,25,89,32,25,15,9,1,7,2,1,1,6,2,6,1,2,3,1
29,1,4,1,0,52,23,36,25,89,32,1,3,6,1,7,2,2,4,1,2,6,1
28,2,9,1,0,69,26,89,30,95,26,1,6,7,1,3,6,3,5,6,1,3,5
28,2,9,1,1,26,89,23,15,96,61,6,7,3,1,0,4,5,6,4,3,5,1
28,2,9,1,0,9,69,96,26,89,82,6,1,0,6,7,3,1,3,5,5,6,5
28,2,9,1,0,70,55,80,26,13,79,2,1,5,6,6,4,3,2,4,5,4,1
28,2,9,1,1,13,79,23,9,89,34,6,4,3,6,7,1,4,1,4,1,6,3
28,2,9,1,1,13,79,26,13,34,84,6,4,6,6,1,5,4,1,5,4,3,3
28,2,9,1,1,13,79,26,24,77,27,6,4,6,1,0,5,4,1,5,2,5,3
28,2,9,1,0,12,99,89,13,79,82,4,7,7,6,4,3,4,3,6,4,1,5
28,2,9,1,1,79,13,23,34,25,89,4,6,3,1,1,7,1,4,4,3,2,6
28,2,9,1,1,13,79,82,96,48,52,6,4,3,0,4,1,4,1,5,5,3,2
28,2,9,1,1,13,79,64,25,23,89,6,4,6,1,3,7,4,1,2,2,4,6
32,1,15,1,1,31,82,98,15,82,13,6,3,2,1,3,6,4,5,3,3,5,4
32,1,15,1,1,13,82,15,13,25,31,6,3,1,6,1,6,4,5,3,4,2,4
32,1,15,1,1,9,42,80,15,9,82,6,2,5,1,6,3,1,1,4,3,1,5
32,1,15,1,1,82,61,13,15,82,9,3,4,6,1,3,6,5,1,4,3,5,1
32,1,15,1,1,25,9,13,15,9,82,1,6,6,1,6,3,2,1,4,3,1,5
32,1,15,1,0,89,9,14,15,9,82,7,6,6,1,6,3,6,1,3,3,1,5
32,1,15,1,1,15,9,82,90,82,9,1,6,3,3,3,6,3,1,5,2,5,1
32,1,15,1,0,9,42,30,9,15,82,6,2,1,6,1,3,1,1,1,1,3,5
32,1,15,1,0,32,82,9,23,16,13,2,3,6,3,5,6,1,5,1,4,3,4
32,1,15,1,1,9,89,8,82,9,32,6,7,5,3,6,2,1,6,1,5,1,1
32,1,15,1,1,32,9,82,13,9,82,2,6,3,6,6,3,1,1,5,4,1,5
32,1,15,1,1,89,6,9,9,82,31,7,4,6,6,3,6,6,1,1,1,5,4
32,1,15,1,0,13,51,42,72,34,9,6,7,2,3,1,6,4,6,1,4,3,1
32,1,15,1,1,15,82,9,13,9,34,1,3,6,6,6,1,3,5,1,4,1,3
32,1,15,1,1,13,23,34,31,64,13,6,3,1,6,6,6,4,4,3,4,2,4
32,1,15,1,1,82,46,9,89,96,19,3,6,6,7,0,3,5,5,1,6,5,2
32,1,15,1,0,69,30,9,19,89,9,1,1,6,3,7,6,3,1,1,2,6,1
32,1,15,1,1,19,32,6,86,9,13,3,2,4,2,6,6,2,1,1,2,1,4
32,1,15,1,1,19,13,9,13,15,9,3,6,6,6,1,6,2,4,1,4,3,1
32,1,15,1,1,19,9,36,9,6,55,3,6,6,6,4,1,2,1,1,1,1,2
32,1,15,1,0,31,82,19,19,13,90,6,3,3,3,6,3,4,5,2,2,4,2
32,1,15,1,1,90,9,13,19,69,31,3,6,6,3,1,6,2,1,4,2,3,4
32,1,15,1,0,9,72,82,9,19,82,6,3,3,6,3,3,1,4,5,1,2,5
32,1,15,1,1,82,89,19,13,82,9,3,7,3,6,3,6,5,6,2,4,5,1
32,1,15,1,0,27,90,13,27,90,19,5,3,6,5,3,3,3,2,4,3,2,2
24,1,4,1,1,19,2,83,72,75,83,3,2,6,3,5,6,2,2,4,4,1,4
24,1,4,1,1,96,0,2,83,70,75,0,3,2,6,2,5,5,5,2,4,3,1
24,1,4,1,1,2,89,82,80,15,13,2,7,3,5,1,6,2,6,5,4,3,4
24,1,4,1,1,2,82,9,5,96,56,2,3,6,0,0,1,2,5,1,4,5,3
24,1,4,1,1,69,2,82,79,84,13,1,2,3,4,5,6,3,2,5,1,3,4
24,1,4,1,1,34,5,13,26,68,83,1,0,6,6,3,6,3,4,4,5,3,4
24,1,4,1,1,34,7,50,5,15,23,1,4,0,0,1,3,3,1,3,4,3,4
32,1,15,1,1,9,82,23,19,13,82,6,3,3,3,6,3,1,5,4,2,4,5
32,1,15,1,0,82,19,9,13,89,82,3,3,6,6,7,3,5,2,1,4,6,5
32,1,15,1,1,82,42,9,13,9,82,3,2,6,6,6,3,5,1,1,4,1,5
32,1,15,1,0,19,13,82,82,9,89,3,6,3,3,6,7,2,4,5,5,1,6
32,1,15,1,1,82,89,72,96,89,9,3,7,3,0,7,6,5,6,4,5,6,1
32,1,15,1,1,82,72,89,13,9,72,3,3,7,6,6,3,5,4,6,4,1,4
32,1,15,1,0,87,9,25,89,82,72,1,6,1,7,3,3,1,1,2,6,5,4
32,1,15,1,0,9,82,88,82,72,89,6,3,3,3,3,7,1,5,0,5,4,6
32,1,15,1,0,32,9,82,82,89,72,2,6,3,3,7,3,1,1,5,5,6,4
3,0,13,0,1,44,55,16,10,16,12,5,1,5,2,5,4,5,2,3,1,3,4
3,0,13,0,1,44,55,16,79,82,33,5,1,5,4,3,3,5,2,3,1,5,3
3,0,13,0,0,61,71,82,44,55,16,4,4,3,5,1,5,1,1,5,5,2,3
3,0,13,0,1,44,55,16,79,44,78,5,1,5,4,5,7,5,2,3,1,5,2
3,0,13,0,0,55,16,61,44,55,16,1,5,4,5,1,5,2,3,1,5,2,3
3,0,13,0,1,44,55,16,61,25,79,5,1,5,4,1,4,5,2,3,1,2,1
3,0,13,0,0,78,69,55,44,55,16,7,1,1,5,1,5,2,3,2,5,2,3
3,0,13,0,0,78,6,55,44,55,16,7,4,1,5,1,5,2,1,2,5,2,3
3,0,13,0,1,34,55,16,55,53,3,1,1,5,1,5,4,3,2,3,2,2,1
3,0,13,0,1,55,63,23,55,16,79,1,7,3,1,5,4,2,1,4,2,3,1
3,0,13,0,1,61,19,23,23,55,16,4,3,3,3,1,5,1,2,4,4,2,3
3,0,13,0,0,61,79,55,23,55,16,4,4,1,3,1,5,1,1,2,4,2,3
3,0,13,0,0,11,38,12,23,55,16,4,2,4,3,1,5,1,3,4,4,2,3
3,0,13,0,0,11,61,85,23,55,16,4,4,1,3,1,5,1,1,1,4,2,3
3,0,13,0,0,90,79,61,23,16,55,3,4,4,3,5,1,2,1,1,4,3,2
3,0,13,0,0,9,79,12,23,55,16,6,4,4,3,1,5,1,1,4,4,2,3
3,0,13,0,0,89,12,79,55,16,23,7,4,4,1,5,3,6,4,1,2,3,4
3,0,13,0,0,78,79,61,55,16,79,7,4,4,1,5,4,2,1,1,2,3,1
3,0,13,0,1,71,55,69,7,12,78,4,1,1,4,4,7,1,2,3,1,4,2
3,0,13,0,1,51,57,55,61,25,79,7,3,1,4,1,4,6,1,2,1,2,1
3,0,13,0,0,16,79,82,37,46,23,5,4,3,2,6,3,3,1,5,1,5,4
3,0,13,0,1,23,12,82,37,46,23,3,4,3,2,6,3,4,4,5,1,5,4
3,0,13,0,1,37,46,23,43,67,9,2,6,3,0,7,6,1,5,4,1,3,1
3,0,13,0,0,46,23,37,79,17,44,6,3,2,4,3,5,5,4,1,1,5,5
3,0,13,0,1,7,12,79,37,23,46,4,4,4,2,3,6,1,4,1,1,4,5
23,5,8,3,1,85,13,66,90,65,53,1,6,1,3,1,5,1,4,3,2,3,2
23,5,8,3,1,87,65,53,89,13,9,1,1,5,7,6,6,1,3,2,6,4,1
29,1,4,1,0,36,13,89,87,65,53,6,6,7,1,1,5,1,4,6,1,3,2
32,1,15,1,0,9,13,69,9,72,82,6,6,1,6,3,3,1,4,3,1,4,5
32,1,15,1,1,24,9,13,13,82,9,1,6,6,6,3,6,2,1,4,4,5,1
32,1,15,1,0,32,9,93,29,89,9,2,6,1,0,7,6,1,1,1,5,6,1
32,1,15,1,1,9,13,89,9,25,89,6,6,7,6,1,7,1,4,6,1,2,6
32,1,15,1,0,9,82,13,9,42,13,6,3,6,6,2,6,1,5,4,1,1,4
32,1,15,1,0,85,89,9,89,9,81,1,7,6,7,6,3,1,6,1,6,1,3
2,3,0,1,1,90,74,34,25,9,13,3,2,1,1,6,6,2,3,3,2,1,4
2,3,0,1,0,64,55,88,9,55,23,6,1,3,6,1,3,2,2,0,1,2,4
2,3,0,1,0,72,6,43,9,89,36,3,4,0,6,7,6,4,1,1,1,6,1
32,1,15,1,1,13,36,15,9,72,69,6,6,1,6,3,1,4,1,3,1,4,3
32,1,15,1,0,13,31,85,60,55,9,6,6,1,4,1,6,4,4,1,1,2,1
32,1,15,1,1,9,13,95,9,55,13,6,6,3,6,1,6,1,4,3,1,2,4
2,3,0,1,1,69,15,19,69,93,82,1,1,3,1,1,3,3,3,2,3,1,5
2,3,0,1,1,24,93,69,34,82,69,1,1,1,1,3,1,2,1,3,3,5,3
2,3,0,1,1,69,4,9,93,19,69,1,6,6,1,3,1,3,1,1,1,2,3
32,1,15,1,1,52,6,72,36,82,9,1,4,3,6,3,6,2,1,4,1,5,1
32,1,15,1,1,36,82,9,82,13,9,6,3,6,3,6,6,1,5,1,5,4,1
32,1,15,1,0,13,46,9,36,82,9,6,6,6,6,3,6,4,5,1,1,5,1
32,1,15,1,1,94,82,9,82,60,13,3,3,6,3,4,6,2,5,1,5,1,4
32,1,15,1,1,82,60,13,9,25,29,3,4,6,6,1,0,5,1,4,1,2,5
32,1,15,1,0,34,86,13,82,60,13,1,2,6,3,4,6,3,2,4,5,1,4
32,1,15,1,0,82,19,13,11,9,90,3,3,6,4,6,3,5,2,4,1,1,2
32,1,15,1,0,23,89,9,19,13,82,3,7,6,3,6,3,4,6,1,2,4,5
32,1,15,1,0,82,19,13,9,55,82,3,3,6,6,1,3,5,2,4,1,2,5
32,1,15,1,0,25,13,9,82,19,13,1,6,6,3,3,6,2,4,1,5,2,4
32,1,15,1,1,82,19,13,9,19,82,3,3,6,6,3,3,5,2,4,1,2,5
32,1,15,1,0,82,90,13,13,25,89,3,3,6,6,1,7,5,2,4,4,2,6
32,1,15,1,0,90,13,9,82,13,90,3,6,6,3,6,3,2,4,1,5,4,2
32,1,15,1,0,9,69,23,90,82,13,6,1,3,3,3,6,1,3,4,2,5,4
32,1,15,1,1,82,90,13,9,81,23,3,3,6,6,3,3,5,2,4,1,3,4
32,1,15,1,0,72,89,42,90,13,82,3,7,2,3,6,3,4,6,1,2,4,5
32,1,15,1,1,82,90,13,82,87,13,3,3,6,3,1,6,5,2,4,5,1,4
32,1,15,1,0,27,46,13,13,82,90,5,6,6,6,3,3,3,5,4,4,5,2
32,1,15,1,0,36,27,80,13,82,90,6,5,5,6,3,3,1,3,4,4,5,2
32,1,15,1,0,9,95,13,82,90,13,6,3,6,3,3,6,1,3,4,5,2,4
32,1,15,1,1,9,13,30,82,90,13,6,6,1,3,3,6,1,4,1,5,2,4
32,1,15,1,1,82,90,13,25,67,88,3,3,6,1,7,3,5,2,4,2,3,0
32,1,15,1,0,96,10,25,82,90,13,0,2,1,3,3,6,5,1,2,5,2,4
32,1,15,1,1,82,13,90,13,9,82,3,6,3,6,6,3,5,4,2,4,1,5
32,1,15,1,1,82,90,13,29,69,82,3,3,6,0,1,3,5,2,4,5,3,5
32,1,15,1,0,9,1,12,13,82,90,6,7,4,6,3,3,1,3,4,4,5,2
32,1,15,1,0,82,90,13,26,24,31,3,3,6,6,1,6,5,2,4,5,2,4
32,1,15,1,1,90,13,82,32,9,46,3,6,3,2,6,6,2,4,5,1,1,5
3,0,13,0,0,61,9,17,0,3,71,4,6,3,3,4,4,1,1,5,5,1,1
4,7,2,5,1,26,1,96,96,40,56,6,7,0,0,7,1,5,3,5,5,3,3
33,3,0,1,1,24,36,67,87,32,31,1,6,7,1,2,6,2,1,3,1,1,4
4,7,2,5,1,6,34,81,89,96,34,4,1,3,7,0,1,1,3,3,6,5,3
4,7,2,5,1,12,0,23,48,25,38,4,3,3,4,1,2,4,5,4,3,2,3
29,1,4,1,1,31,9,19,82,83,37,6,6,3,3,6,2,4,1,2,5,4,1
4,7,2,5,1,16,65,61,61,63,79,5,1,4,4,7,4,3,3,1,1,1,1
4,7,2,5,1,0,29,44,13,80,30,3,0,5,6,5,1,5,5,5,4,4,1
4,7,2,5,1,30,92,40,78,43,61,1,2,7,7,0,4,1,3,3,2,1,1
19,1,4,1,1,52,82,89,23,32,19,1,3,7,3,2,3,2,5,6,4,1,2
19,1,4,1,1,9,69,89,44,13,19,6,1,7,5,6,3,1,3,6,5,4,2
19,1,4,1,0,44,13,19,32,9,69,5,6,3,2,6,1,5,4,2,1,1,3
19,1,4,1,0,82,13,9,44,19,13,3,6,6,5,3,6,5,4,1,5,2,4
20,6,14,4,1,13,59,9,9,19,13,6,3,6,6,3,6,4,3,1,1,2,4
19,1,4,1,0,13,59,9,32,89,25,6,3,6,2,7,1,4,3,1,1,6,2
22,6,1,4,0,27,77,97,89,27,97,5,0,7,7,5,7,3,5,1,6,3,1
22,6,1,4,1,97,32,9,28,89,80,7,2,6,6,7,5,1,1,1,2,6,4
22,6,1,4,0,27,42,9,94,4,97,5,2,6,3,6,7,3,1,1,2,1,1
22,6,1,4,0,45,27,19,97,52,99,6,5,3,7,1,7,1,3,2,1,2,3
22,6,1,4,0,87,5,50,46,82,97,1,0,0,6,3,7,1,4,3,5,5,1
22,6,1,4,0,9,50,81,82,87,97,6,0,3,3,1,7,1,3,3,5,1,1
22,6,1,4,1,50,87,13,13,54,85,0,1,6,6,0,1,3,1,4,4,1,1
22,6,1,4,0,31,91,66,45,87,50,6,0,1,6,1,0,4,3,3,1,1,3
22,6,1,4,1,89,93,83,87,81,41,7,1,6,1,3,5,6,1,4,1,3,3
22,6,1,4,1,30,2,10,9,87,8,1,2,2,6,1,5,1,2,1,1,1,1
22,6,1,4,1,8,87,9,32,65,94,5,1,6,2,1,3,1,1,1,1,3,2
22,6,1,4,0,29,89,87,52,54,9,0,7,1,1,0,6,5,6,1,2,1,1
22,6,1,4,1,24,52,89,87,52,89,1,1,7,1,1,7,2,2,6,1,2,6
22,6,1,4,0,69,36,87,9,54,46,1,6,1,6,0,6,3,1,1,1,1,5
22,6,1,4,0,89,25,69,27,89,87,7,1,1,5,7,1,6,2,3,3,6,1
22,6,1,4,1,9,94,87,97,89,9,6,3,1,7,7,6,1,2,1,1,6,1
22,6,1,4,1,85,54,97,97,27,67,1,0,7,7,5,7,1,1,1,1,3,3
22,6,1,4,1,9,97,54,78,87,41,6,7,0,7,1,5,1,1,1,2,1,3
22,6,1,4,1,66,89,32,45,10,97,1,7,2,6,2,7,3,6,1,1,1,1
22,6,1,4,0,30,94,70,97,30,13,1,3,2,7,1,6,1,2,3,1,1,4
22,6,1,4,1,19,97,89,66,69,9,3,7,7,1,1,6,2,1,6,3,3,1
32,1,15,1,1,34,82,9,82,52,9,1,3,6,3,1,6,3,5,1,5,2,1
8,6,13,4,0,29,9,10,58,30,18,0,6,2,2,1,2,5,1,1,3,1,3
11,1,15,1,0,89,69,24,40,9,47,7,1,1,7,6,7,6,3,2,3,1,3
8,6,13,4,1,40,96,9,82,10,45,7,0,6,3,2,6,3,5,1,5,1,1
28,2,9,1,0,86,69,65,10,89,78,2,1,1,2,7,7,2,3,3,1,6,2
28,2,9,1,0,25,69,61,13,86,74,1,1,4,6,2,2,2,3,1,4,2,3
28,2,9,1,0,6,25,61,74,69,65,4,1,4,2,1,1,1,2,1,3,3,3
28,2,9,1,0,74,86,13,89,13,61,2,2,6,7,6,4,3,2,4,6,4,1
2,3,0,1,0,42,34,13,98,93,62,2,1,6,2,1,5,1,3,4,3,1,3
2,3,0,1,0,9,55,53,98,93,34,6,1,5,2,1,1,1,2,2,3,1,3
2,3,0,1,0,69,93,19,93,34,98,1,1,3,1,1,2,3,1,2,1,3,3
2,3,0,1,0,30,41,69,98,93,34,1,5,1,2,1,1,1,3,3,3,1,3
2,3,0,1,1,98,93,34,82,69,9,2,1,1,3,1,6,3,1,3,5,3,1
2,3,0,1,0,41,90,15,15,25,9,5,3,1,1,1,6,3,2,3,3,2,1
2,3,0,1,0,41,15,90,25,30,9,5,1,3,1,1,6,3,3,2,2,1,1
2,3,0,1,1,41,90,15,34,89,42,5,3,1,1,7,2,3,2,3,3,6,1
2,3,0,1,0,69,37,2,41,90,15,1,2,2,5,3,1,3,1,2,3,2,3
2,3,0,1,0,10,26,23,41,90,15,2,6,3,5,3,1,1,5,4,3,2,3
2,3,0,1,0,41,90,15,23,69,55,5,3,1,3,1,1,3,2,3,4,3,2
2,3,0,1,0,69,34,93,41,90,15,1,1,1,5,3,1,3,3,1,3,2,3
2,3,0,1,0,0,10,52,41,15,90,3,2,1,5,1,3,5,1,2,3,3,2
2,3,0,1,1,41,90,15,69,23,82,5,3,1,1,3,3,3,2,3,3,4,5
2,3,0,1,0,93,13,40,41,15,90,1,6,7,5,1,3,1,4,3,3,3,2
2,3,0,1,0,23,94,55,90,15,41,3,3,1,3,1,5,4,2,2,2,3,3
2,3,0,1,0,53,55,69,41,15,90,5,1,1,5,1,3,2,2,3,3,3,2
2,3,0,1,0,82,52,69,41,15,90,3,1,1,5,1,3,5,2,3,3,3,2
2,3,0,1,1,41,90,15,27,17,42,5,3,1,5,3,2,3,2,3,3,5,1
2,3,0,1,0,41,90,15,25,24,9,5,3,1,1,1,6,3,2,3,2,2,1
2,3,0,1,1,41,90,15,23,16,34,5,3,1,3,5,1,3,2,3,4,3,3
2,3,0,1,0,69,31,89,90,41,15,1,6,7,3,5,1,3,4,6,2,3,3
2,3,0,1,0,92,82,69,41,90,15,2,3,1,5,3,1,3,5,3,3,2,3
2,3,0,1,0,34,9,69,41,15,90,1,6,1,5,1,3,3,1,3,3,3,2
2,3,0,1,0,52,69,94,15,41,90,1,1,3,1,5,3,2,3,2,3,3,2
11,1,15,1,1,90,89,23,37,89,82,3,7,3,2,7,3,2,6,4,1,6,5
7,4,10,2,1,95,90,10,95,13,89,3,3,2,3,6,7,3,2,1,3,4,6
8,6,13,4,1,9,10,30,30,13,5,6,2,1,1,6,0,1,1,1,1,4,4
29,1,4,1,0,29,10,39,32,9,26,0,2,7,2,6,6,5,1,3,1,1,5
29,1,4,1,1,29,10,39,9,82,25,0,2,7,6,3,1,5,1,3,1,5,2
29,1,4,1,0,6,25,17,23,24,13,4,1,3,3,1,6,1,2,5,4,2,4
29,1,4,1,1,17,89,82,89,9,32,3,7,3,7,6,2,5,6,5,6,1,1
29,1,4,1,1,89,9,17,29,30,9,7,6,3,0,1,6,6,1,5,5,1,1
7,4,10,2,1,10,13,42,88,35,45,2,6,2,3,7,6,1,4,1,0,3,1
8,6,13,4,1,25,32,89,10,65,32,1,2,7,2,1,2,2,1,6,1,3,1
29,1,4,1,0,9,82,69,69,29,52,6,3,1,1,0,1,1,5,3,3,5,2
29,1,4,1,1,1,95,69,15,32,89,7,3,1,1,2,7,3,3,3,3,1,6
29,1,4,1,0,69,79,76,32,55,98,1,4,3,2,1,2,3,1,1,1,2,3
29,1,4,1,1,24,82,9,10,8,67,1,3,6,2,5,7,2,5,1,1,1,3
29,1,4,1,0,23,19,69,26,9,69,3,3,1,6,6,1,4,2,3,5,1,3
29,1,4,1,0,93,12,9,26,25,31,1,4,6,6,1,6,1,4,1,5,2,4
29,1,4,1,1,9,91,26,80,9,52,6,0,6,5,6,1,1,3,5,4,1,2
29,1,4,1,1,36,26,24,30,55,29,6,6,1,1,1,0,1,5,2,1,2,5
29,1,4,1,0,93,69,82,10,9,69,1,1,3,2,6,1,1,3,5,1,1,3
29,1,4,1,1,69,24,9,10,82,89,1,1,6,2,3,7,3,2,1,1,5,6
29,1,4,1,0,69,13,10,92,82,19,1,6,2,2,3,3,3,4,1,3,5,2
29,1,4,1,1,10,62,15,82,69,9,2,5,1,3,1,6,1,3,3,5,3,1
29,1,4,1,0,88,69,9,10,39,52,3,1,6,2,7,1,0,3,1,1,3,2
29,1,4,1,0,10,94,69,82,25,69,2,3,1,3,1,1,1,2,3,5,2,3
29,1,4,1,0,68,31,32,10,61,25,3,6,2,2,4,1,3,4,1,1,1,2
29,1,4,1,0,82,9,23,10,69,23,3,6,3,2,1,3,5,1,4,1,3,4
29,1,4,1,0,23,13,43,89,25,9,3,6,0,7,1,6,4,4,1,6,2,1
29,1,4,1,1,25,9,13,90,82,43,1,6,6,3,3,0,2,1,4,2,5,1
29,1,4,1,1,43,32,29,82,89,29,0,2,0,3,7,0,1,1,5,5,6,5
29,1,4,1,0,82,89,80,82,43,96,3,7,5,3,0,0,5,6,4,5,1,5
29,1,4,1,1,43,69,82,19,72,89,0,1,3,3,3,7,1,3,5,2,4,6
29,1,4,1,0,34,69,13,69,43,89,1,1,6,1,0,7,3,3,4,3,1,6
29,1,4,1,0,9,89,69,31,90,43,6,7,1,6,3,0,1,6,3,4,2,1
29,1,4,1,0,23,29,94,23,13,43,3,0,3,3,6,0,4,5,2,4,4,1
29,1,4,1,1,55,9,94,69,9,43,1,6,3,1,6,0,2,1,2,3,1,1
29,1,4,1,1,94,13,52,94,43,79,3,6,1,3,0,4,2,4,2,2,1,1
29,1,4,1,0,13,96,9,67,43,9,6,0,6,7,0,6,4,5,1,3,1,1
29,1,4,1,1,25,43,98,36,94,93,1,0,2,6,3,1,2,1,3,1,2,1
19,1,4,1,1,25,82,16,82,46,9,1,3,5,3,6,6,2,5,3,5,5,1
29,1,4,1,0,24,32,13,90,24,33,1,2,6,3,1,3,2,1,4,2,2,3
29,1,4,1,1,9,24,33,9,71,13,6,1,3,6,4,6,1,2,3,1,1,4
29,1,4,1,1,9,24,33,69,25,55,6,1,3,1,1,1,1,2,3,3,2,2
29,1,4,1,0,15,19,34,9,24,33,1,3,1,6,1,3,3,2,3,1,2,3
29,1,4,1,1,74,24,33,32,65,13,2,1,3,2,1,6,3,2,3,1,3,4
29,1,4,1,0,69,16,33,9,23,82,1,5,3,6,3,3,3,3,3,1,4,5
29,1,4,1,1,31,94,13,16,69,33,6,3,6,5,1,3,4,2,4,3,3,3
29,1,4,1,1,16,69,33,9,89,72,5,1,3,6,7,3,3,3,3,1,6,4
29,1,4,1,1,9,16,15,82,29,69,6,5,1,3,0,1,1,3,3,5,5,3
29,1,4,1,1,44,32,9,82,26,16,5,2,6,3,6,5,5,1,1,5,5,3
29,1,4,1,0,89,9,13,16,26,13,7,6,6,5,6,6,6,1,4,3,5,4
29,1,4,1,0,31,13,42,25,26,16,6,6,2,1,6,5,4,4,1,2,5,3
29,1,4,1,0,16,26,74,13,9,31,5,6,2,6,6,6,3,5,3,4,1,4
29,1,4,1,0,16,34,89,32,9,82,5,1,7,2,6,3,3,3,6,1,1,5
29,1,4,1,0,13,65,9,25,16,34,6,1,6,1,5,1,4,3,1,2,3,3
29,1,4,1,0,32,9,82,89,34,16,2,6,3,7,1,5,1,1,5,6,3,3
29,1,4,1,0,31,9,89,16,52,9,6,6,7,5,1,6,4,1,6,3,2,1
32,1,15,1,0,13,82,32,25,82,46,6,3,2,1,3,6,4,5,1,2,5,5
32,1,15,1,1,13,32,82,9,17,19,6,2,3,6,3,3,4,1,5,1,5,2
32,1,15,1,1,13,32,9,9,82,95,6,2,6,6,3,3,4,1,1,1,5,3
4,7,2,5,1,10,79,41,7,41,53,2,4,5,4,5,5,1,1,3,1,3,2
4,7,2,5,1,6,25,73,96,12,25,4,1,7,0,4,1,1,2,3,5,4,2
32,1,15,1,0,82,15,96,13,82,25,3,1,0,6,3,1,5,3,5,4,5,2
29,1,4,1,0,75,9,89,95,52,23,5,6,7,3,1,3,1,1,6,3,2,4
29,1,4,1,0,95,52,23,15,9,17,3,1,3,1,6,3,3,2,4,3,1,5
29,1,4,1,0,98,82,9,95,52,23,2,3,6,3,1,3,3,5,1,3,2,4
29,1,4,1,0,69,9,13,23,52,95,1,6,6,3,1,3,3,1,4,4,2,3
29,1,4,1,0,86,9,23,52,95,23,2,6,3,1,3,3,2,1,4,2,3,4
29,1,4,1,1,95,36,23,29,53,89,3,6,3,0,5,7,3,1,4,5,2,6
29,1,4,1,0,95,36,23,82,13,84,3,6,3,3,6,5,3,1,4,5,4,3
29,1,4,1,0,9,24,36,95,36,23,6,1,6,3,6,3,1,2,1,3,1,4
29,1,4,1,0,23,89,13,95,36,23,3,7,6,3,6,3,4,6,4,3,1,4
29,1,4,1,1,95,23,13,23,12,82,3,3,6,3,4,3,3,4,4,4,4,5
29,1,4,1,0,95,13,23,25,89,19,3,6,3,1,7,3,3,4,4,2,6,2
29,1,4,1,0,86,82,9,23,95,13,2,3,6,3,3,6,2,5,1,4,3,4
29,1,4,1,0,9,22,13,95,36,23,6,3,6,3,6,3,1,1,4,3,1,4
29,1,4,1,0,69,88,9,95,36,23,1,3,6,3,6,3,3,0,1,3,1,4
29,1,4,1,1,95,36,23,63,8,37,3,6,3,7,5,2,3,1,4,1,1,1
29,1,4,1,0,95,36,23,9,89,60,3,6,3,6,7,4,3,1,4,1,6,1
29,1,4,1,0,95,23,19,9,25,89,3,3,3,6,1,7,3,4,2,1,2,6
29,1,4,1,1,95,23,9,9,89,25,3,3,6,6,7,1,3,4,1,1,6,2
29,1,4,1,0,9,23,34,95,79,23,6,3,1,3,4,3,1,4,3,3,1,4
29,1,4,1,0,95,66,23,36,9,29,3,1,3,6,6,0,3,3,4,1,1,5
29,1,4,1,0,60,9,23,25,19,65,4,6,3,1,3,1,1,1,4,2,2,3
29,1,4,1,1,9,23,60,9,13,89,6,3,4,6,6,7,1,4,1,1,4,6
29,1,4,1,0,13,24,69,9,23,36,6,1,1,6,3,6,4,2,3,1,4,1
29,1,4,1,0,95,25,86,69,23,36,3,1,2,1,3,6,3,2,2,3,4,1
29,1,4,1,1,6,23,36,23,9,13,4,3,6,3,6,6,1,4,1,4,1,4
28,2,9,1,0,40,23,61,43,98,96,7,3,4,0,2,0,3,4,1,1,3,5
28,2,9,1,0,93,79,58,89,98,88,1,4,2,7,2,3,1,1,3,6,3,0
28,2,9,1,1,34,90,62,69,25,80,1,3,5,1,1,5,3,2,3,3,2,4
28,2,9,1,0,23,56,29,32,79,90,3,1,0,2,4,3,4,3,5,1,1,2
32,1,15,1,0,9,58,90,93,19,29,6,2,3,1,3,0,1,3,2,1,2,5
32,1,15,1,0,28,5,19,23,72,13,6,0,3,3,3,6,2,4,2,4,4,4
32,1,15,1,0,95,74,36,9,5,19,3,2,6,6,0,3,3,3,1,1,4,2
32,1,15,1,1,25,5,19,94,89,36,1,0,3,3,7,6,2,4,2,2,6,1
32,1,15,1,1,5,19,9,69,82,13,0,3,6,1,3,6,4,2,1,3,5,4
32,1,15,1,0,19,5,89,83,82,72,3,0,7,6,3,3,2,4,6,4,5,4
32,1,15,1,1,90,5,19,13,72,89,3,0,3,6,3,7,2,4,2,4,4,6
32,1,15,1,0,5,19,32,13,56,55,0,3,2,6,1,1,4,2,1,4,3,2
32,1,15,1,1,19,5,94,82,56,85,3,0,3,3,1,1,2,4,2,5,3,1
32,1,15,1,1,5,19,69,31,89,88,0,3,1,6,7,3,4,2,3,4,6,0
32,1,15,1,0,19,5,13,34,90,13,3,0,6,1,3,6,2,4,4,3,2,4
32,1,15,1,1,19,5,82,16,9,82,3,0,3,5,6,3,2,4,5,3,1,5
32,1,15,1,0,46,69,82,5,93,19,6,1,3,0,1,3,5,3,5,4,1,2
32,1,15,1,1,5,93,52,59,82,29,0,1,1,3,3,0,4,1,2,3,5,5
32,1,15,1,0,5,67,9,9,13,10,0,7,6,6,6,2,4,3,1,1,4,1
32,1,15,1,1,5,67,9,13,94,55,0,7,6,6,3,1,4,3,1,4,2,2
32,1,15,1,1,9,25,36,5,67,42,6,1,6,0,7,2,1,2,1,4,3,1
32,1,15,1,0,67,5,9,13,9,46,7,0,6,6,6,6,3,4,1,4,1,5
32,1,15,1,0,94,35,13,28,5,67,3,7,6,6,0,7,2,3,4,2,4,3
32,1,15,1,0,15,82,22,5,67,13,1,3,3,0,7,6,3,5,1,4,3,4
32,1,15,1,1,19,13,9,5,67,13,3,6,6,0,7,6,2,4,1,4,3,4
32,1,15,1,1,9,5,67,77,31,23,6,0,7,0,6,3,1,4,3,5,4,4
32,1,15,1,0,5,67,9,15,9,82,0,7,6,1,6,3,4,3,1,3,1,5
32,1,15,1,0,9,5,67,89,15,13,6,0,7,7,1,6,1,4,3,6,3,4
32,1,15,1,0,29,9,82,5,67,82,0,6,3,0,7,3,5,1,5,4,3,5
4,7,2,5,0,43,55,52,48,41,27,0,1,1,4,5,5,1,2,2,3,3,3
4,7,2,5,1,19,53,61,27,48,55,3,5,4,5,4,1,2,2,1,3,3,2
22,6,1,4,0,5,87,81,27,9,89,0,1,3,5,6,7,4,1,3,3,1,6
22,6,1,4,1,5,94,24,66,58,35,0,3,1,1,2,7,4,2,2,3,3,3
22,6,1,4,0,94,24,5,13,36,5,3,1,0,6,6,0,2,2,4,4,1,4
32,1,15,1,1,89,13,32,82,9,89,7,6,2,3,6,7,6,4,1,5,1,6
29,1,4,1,0,13,88,53,9,25,89,6,3,5,6,1,7,4,0,2,1,2,6
29,1,4,1,0,82,90,25,13,53,88,3,3,1,6,5,3,5,2,2,4,2,0
29,1,4,1,0,9,15,24,53,13,88,6,1,1,5,6,3,1,3,2,2,4,0
29,1,4,1,1,53,13,88,32,89,82,5,6,3,2,7,3,2,4,0,1,6,5
29,1,4,1,1,89,25,69,52,25,72,7,1,1,1,1,3,6,2,3,2,2,4
29,1,4,1,1,36,25,82,88,72,52,6,1,3,3,3,1,1,2,5,0,4,2
29,1,4,1,1,13,9,89,52,88,72,6,6,7,1,3,3,4,1,6,2,0,4
29,1,4,1,1,52,72,88,9,13,82,1,3,3,6,6,3,2,4,0,1,4,5
29,1,4,1,0,19,89,13,52,72,88,3,7,6,1,3,3,2,6,4,2,4,0
29,1,4,1,0,13,42,23,52,72,88,6,2,3,1,3,3,4,1,4,2,4,0
29,1,4,1,1,52,72,88,82,19,13,1,3,3,3,3,6,2,4,0,5,2,4
29,1,4,1,0,13,24,25,52,72,88,6,1,1,1,3,3,4,2,2,2,4,0
29,1,4,1,1,52,72,88,23,36,25,1,3,3,3,6,1,2,4,0,4,1,2
29,1,4,1,0,52,88,72,85,89,9,1,3,3,1,7,6,2,0,4,1,6,1
29,1,4,1,1,94,9,74,72,88,52,3,6,2,3,3,1,2,1,3,4,0,2
29,1,4,1,1,52,72,88,82,69,9,1,3,3,3,1,6,2,4,0,5,3,1
29,1,4,1,0,55,42,25,72,88,52,1,2,1,3,3,1,2,1,2,4,0,2
29,1,4,1,0,9,61,25,52,72,88,6,4,1,1,3,3,1,1,2,2,4,0
29,1,4,1,1,52,72,88,53,13,25,1,3,3,5,6,1,2,4,0,2,4,2
29,1,4,1,0,32,29,72,69,82,32,2,0,3,1,3,2,1,5,4,3,5,1
29,1,4,1,0,32,72,86,89,13,9,2,3,2,7,6,6,1,4,2,6,4,1
29,1,4,1,1,32,72,86,89,69,82,2,3,2,7,1,3,1,4,2,6,3,5
29,1,4,1,1,32,72,86,42,6,69,2,3,2,2,4,1,1,4,2,1,1,3
29,1,4,1,0,89,19,13,32,67,86,7,3,6,2,7,2,6,2,4,1,3,2
29,1,4,1,0,25,11,69,32,2,86,1,4,1,2,2,2,2,1,3,1,2,2
32,1,15,1,0,9,25,55,9,89,13,6,1,1,6,7,6,1,2,2,1,6,4
32,1,15,1,0,19,9,82,9,89,13,3,6,3,6,7,6,2,1,5,1,6,4
32,1,15,1,0,9,13,89,9,89,13,6,6,7,6,7,6,1,4,6,1,6,4
32,1,15,1,1,9,89,13,13,82,9,6,7,6,6,3,6,1,6,4,4,5,1
32,1,15,1,1,9,89,13,60,89,9,6,7,6,4,7,6,1,6,4,1,6,1
32,1,15,1,0,82,9,13,89,9,13,3,6,6,7,6,6,5,1,4,6,1,4
32,1,15,1,0,9,89,13,9,1,82,6,7,6,6,7,3,1,6,4,1,3,5
32,1,15,1,0,9,89,13,29,78,83,6,7,6,0,7,6,1,6,4,5,2,4
32,1,15,1,1,9,89,13,82,9,89,6,7,6,3,6,7,1,6,4,5,1,6
32,1,15,1,0,13,30,25,9,13,89,6,1,1,6,6,7,4,1,2,1,4,6
32,1,15,1,0,9,89,13,13,23,88,6,7,6,6,3,3,1,6,4,4,4,0
32,1,15,1,0,82,90,65,89,13,9,3,3,1,7,6,6,5,2,3,6,4,1
32,1,15,1,1,9,25,13,13,89,9,6,1,6,6,7,6,1,2,4,4,6,1
32,1,15,1,0,13,9,69,13,89,9,6,6,1,6,7,6,4,1,3,4,6,1
32,1,15,1,0,9,30,89,89,13,9,6,1,7,7,6,6,1,1,6,6,4,1
32,1,15,1,0,9,90,82,9,89,13,6,3,3,6,7,6,1,2,5,1,6,4
32,1,15,1,1,9,89,13,19,9,34,6,7,6,3,6,1,1,6,4,2,1,3
32,1,15,1,1,9,89,13,9,89,12,6,7,6,6,7,4,1,6,4,1,6,4
32,1,15,1,0,9,45,89,9,13,89,6,6,7,6,6,7,1,1,6,1,4,6
32,1,15,1,0,9,13,89,9,89,89,6,6,7,6,7,7,1,4,6,1,6,6
32,1,15,1,1,9,89,13,89,13,9,6,7,6,7,6,6,1,6,4,6,4,1
32,1,15,1,0,82,89,13,9,24,32,3,7,6,6,1,2,5,6,4,1,2,1
32,1,15,1,0,89,13,31,89,82,13,7,6,6,7,3,6,6,4,4,6,5,4
32,1,15,1,0,82,13,89,9,19,89,3,6,7,6,3,7,5,4,6,1,2,6
32,1,15,1,1,82,9,89,82,13,89,3,6,7,3,6,7,5,1,6,5,4,6
27,4,8,2,0,23,19,82,16,44,17,3,3,3,5,5,3,4,2,5,3,5,5
27,4,8,2,0,25,44,78,0,10,19,1,5,7,3,2,3,2,5,2,5,1,2
27,4,8,2,1,25,78,44,25,96,55,1,7,5,1,0,1,2,2,5,2,5,2
27,4,8,2,0,44,32,79,77,23,48,5,2,4,0,3,4,5,1,1,5,4,3
27,4,8,2,0,11,16,90,29,40,10,4,5,3,0,7,2,1,3,2,5,3,1
27,4,8,2,0,13,9,10,29,10,40,6,6,2,0,2,7,4,1,1,5,1,3
27,4,8,2,1,40,25,10,55,25,34,7,1,2,1,1,1,3,2,1,2,2,3
27,4,8,2,1,25,40,10,16,95,25,1,7,2,5,3,1,2,3,1,3,3,2
27,4,8,2,1,32,9,90,40,80,23,2,6,3,7,5,3,1,1,2,3,4,4
27,4,8,2,1,25,40,72,96,23,12,1,7,3,0,3,4,2,3,4,5,4,4
27,4,8,2,1,57,25,80,55,40,95,3,1,5,1,7,3,1,2,4,2,3,3
27,4,8,2,1,78,23,89,23,55,40,7,3,7,3,1,7,2,4,6,4,2,3
27,4,8,2,0,40,55,25,84,77,32,7,1,1,5,0,2,3,2,2,3,5,1
27,4,8,2,1,34,32,40,49,22,69,1,2,7,2,3,1,3,1,3,5,1,3
27,4,8,2,1,25,40,27,86,52,55,1,7,5,2,1,1,2,3,3,2,2,2
27,4,8,2,0,25,96,10,40,25,44,1,0,2,7,1,5,2,5,1,3,2,5
23,5,8,3,1,49,13,20,30,12,49,2,6,3,1,4,2,5,4,3,1,4,5
4,7,2,5,1,61,79,90,55,14,25,4,4,3,1,6,1,1,1,2,2,3,2
4,7,2,5,0,61,79,90,55,41,56,4,4,3,1,5,1,1,1,2,2,3,3
4,7,2,5,0,83,92,79,79,61,90,6,2,4,4,4,3,4,3,1,1,1,2
4,7,2,5,0,56,79,12,61,79,90,1,4,4,4,4,3,3,1,4,1,1,2
32,1,15,1,1,69,27,46,9,19,31,1,5,6,6,3,6,3,3,5,1,2,4
32,1,15,1,1,69,89,24,9,88,46,1,7,1,6,3,6,3,6,2,1,0,5
32,1,15,1,1,34,42,46,23,52,9,1,2,6,3,1,6,3,1,5,4,2,1
32,1,15,1,0,13,88,82,46,19,39,6,3,3,6,3,7,4,0,5,5,2,3
32,1,15,1,0,42,9,15,9,15,46,2,6,1,6,1,6,1,1,3,1,3,5
32,1,15,1,1,29,82,9,19,89,9,0,3,6,3,7,6,5,5,1,2,6,1
22,6,1,4,0,69,96,9,9,52,66,1,0,6,6,1,1,3,5,1,1,2,3
22,6,1,4,1,52,9,13,66,25,82,1,6,6,1,1,3,2,1,4,3,2,5
22,6,1,4,1,94,9,87,52,29,9,3,6,1,1,0,6,2,1,1,2,5,1
22,6,1,4,1,9,87,60,89,52,49,6,1,4,7,1,2,1,1,1,6,2,5
22,6,1,4,0,66,9,89,52,89,54,1,6,7,1,7,0,3,1,6,2,6,1
22,6,1,4,1,50,9,89,20,55,52,0,6,7,3,1,1,3,1,6,3,2,2
32,1,15,1,1,61,13,51,52,89,32,4,6,7,1,7,2,1,4,6,2,6,1
2,3,0,1,1,89,9,6,32,13,9,7,6,4,2,6,6,6,1,1,1,4,1
2,3,0,1,1,89,6,9,82,89,9,7,4,6,3,7,6,6,1,1,5,6,1
2,3,0,1,0,69,55,34,89,6,9,1,1,1,7,4,6,3,2,3,6,1,1
2,3,0,1,1,9,6,89,96,65,34,6,4,7,0,1,1,1,1,6,5,3,3
2,3,0,1,0,37,23,82,6,89,9,2,3,3,4,7,6,1,4,5,1,6,1
2,3,0,1,1,6,9,89,96,9,81,4,6,7,0,6,3,1,1,6,5,1,3
2,3,0,1,0,13,9,89,6,89,9,6,6,7,4,7,6,4,1,6,1,6,1
2,3,0,1,0,13,9,49,6,89,9,6,6,2,4,7,6,4,1,5,1,6,1
2,3,0,1,1,89,9,6,46,31,24,7,6,4,6,6,1,6,1,1,5,4,2
2,3,0,1,0,82,69,46,89,9,6,3,1,6,7,6,4,5,3,5,6,1,1
2,3,0,1,1,31,80,23,15,65,41,6,5,3,1,1,5,4,4,4,3,3,3
2,3,0,1,0,69,32,82,41,65,15,1,2,3,5,1,1,3,1,5,3,3,3
2,3,0,1,0,69,41,96,15,65,41,1,5,0,1,1,5,3,3,5,3,3,3
2,3,0,1,0,13,32,9,15,41,65,6,2,6,1,5,1,4,1,1,3,3,3
2,3,0,1,0,40,41,69,89,78,9,7,5,1,7,7,6,3,3,3,6,2,1
32,1,15,1,1,13,67,15,36,82,10,6,7,1,6,3,2,4,3,3,1,5,1
32,1,15,1,1,67,13,15,36,9,23,7,6,1,6,6,3,3,4,3,1,1,4
32,1,15,1,0,14,83,25,15,67,13,6,6,1,1,7,6,3,4,2,3,3,4
32,1,15,1,0,31,10,23,15,13,1,6,2,3,1,6,7,4,1,4,3,4,3
32,1,15,1,0,10,13,60,90,40,15,2,6,4,3,7,1,1,4,1,2,3,3
32,1,15,1,1,15,40,90,13,9,69,1,7,3,6,6,1,3,3,2,4,1,3
32,1,15,1,0,26,99,9,40,90,15,6,7,6,7,3,1,5,3,1,3,2,3
3,0,13,0,1,79,55,6,89,12,34,4,1,4,7,4,1,1,2,1,6,4,3
3,0,13,0,0,55,6,79,16,25,67,1,4,4,5,1,7,2,1,1,3,2,3
3,0,13,0,1,82,55,6,70,16,12,3,1,4,2,5,4,5,2,1,3,3,4
3,0,13,0,1,82,55,6,70,46,79,3,1,4,2,6,4,5,2,1,3,5,1
3,0,13,0,0,55,71,23,82,6,55,1,4,3,3,4,1,2,1,4,5,1,2
3,0,13,0,1,55,16,23,82,6,55,1,5,3,3,4,1,2,3,4,5,1,2
3,0,13,0,0,55,52,79,55,6,82,1,1,4,1,4,3,2,2,1,2,1,5
3,0,13,0,1,82,55,6,79,55,69,3,1,4,4,1,1,5,2,1,1,2,3
3,0,13,0,0,61,43,27,82,55,6,4,0,5,3,1,4,1,1,3,5,2,1
3,0,13,0,1,78,55,6,71,61,78,7,1,4,4,4,7,2,2,1,1,1,2
3,0,13,0,0,82,14,53,78,55,6,3,6,5,7,1,4,5,3,2,2,2,1
3,0,13,0,0,12,82,96,55,78,6,4,3,0,1,7,4,4,5,5,2,2,1
3,0,13,0,0,38,16,55,6,55,84,2,5,1,4,1,5,3,3,2,1,2,3
4,7,2,5,0,84,69,55,32,9,25,5,1,1,2,6,1,3,3,2,1,1,2
4,7,2,5,1,79,61,12,80,71,63,4,4,4,5,4,7,1,1,4,4,1,1
4,7,2,5,1,13,53,79,63,14,55,6,5,4,7,6,1,4,2,1,1,3,2
4,7,2,5,0,55,11,61,44,84,79,1,4,4,5,5,4,2,1,1,5,3,1
4,7,2,5,1,84,56,25,61,3,25,5,1,1,4,4,1,3,3,2,1,1,2
4,7,2,5,0,29,81,23,84,79,16,0,3,3,5,4,5,5,3,4,3,1,3
4,7,2,5,1,84,78,17,82,23,10,5,7,3,3,3,2,3,2,5,5,4,1
4,7,2,5,1,79,29,23,3,84,89,4,0,3,4,5,7,1,5,4,1,3,6
4,7,2,5,0,25,55,79,84,83,79,1,1,4,5,6,4,2,2,1,3,4,1
4,7,2,5,0,84,96,55,9,88,43,5,0,1,6,3,0,3,5,2,1,0,1
4,7,2,5,0,79,84,38,43,93,3,4,5,2,0,1,4,1,3,3,1,1,1
4,7,2,5,0,23,40,12,30,53,84,3,7,4,1,5,5,4,3,4,1,2,3
4,7,2,5,1,60,56,84,29,5,79,4,1,5,0,0,4,1,3,3,5,4,1
4,7,2,5,0,42,25,84,44,99,66,2,1,5,5,7,1,1,2,3,5,3,3
4,7,2,5,0,84,25,30,66,51,30,5,1,1,1,7,1,3,2,1,3,6,1
4,7,2,5,1,84,10,3,89,80,74,5,2,4,7,5,2,3,1,1,6,4,3
4,7,2,5,1,71,30,84,55,23,25,4,1,5,1,3,1,1,1,3,2,4,2
4,7,2,5,0,34,61,89,80,19,99,1,4,7,5,3,7,3,1,6,4,2,3
4,7,2,5,0,79,12,89,99,6,89,4,4,7,7,4,7,1,4,6,3,1,6
4,7,2,5,0,54,3,96,99,44,25,0,4,0,7,5,1,1,1,5,3,5,2
4,7,2,5,0,53,99,23,99,16,79,5,7,3,7,5,4,2,3,4,3,3,1
4,7,2,5,1,30,32,15,99,16,23,1,2,1,7,5,3,1,1,3,3,3,4
4,7,2,5,1,99,9,25,30,62,61,7,6,1,1,5,4,3,1,2,1,3,1
4,7,2,5,1,64,44,23,90,79,29,6,5,3,3,4,0,2,5,4,2,1,5
4,7,2,5,1,67,81,64,10,55,90,7,3,6,2,1,3,3,3,2,1,2,2
4,7,2,5,1,64,25,79,79,12,6,6,1,4,4,4,4,2,2,1,1,4,1
32,1,15,1,0,82,13,74,13,36,82,3,6,2,6,6,3,5,4,3,4,1,5
32,1,15,1,1,82,13,74,89,19,69,3,6,2,7,3,1,5,4,3,6,2,3
32,1,15,1,1,72,9,89,13,97,74,3,6,7,6,7,2,4,1,6,4,1,3
32,1,15,1,0,77,9,13,89,82,9,0,6,6,7,3,6,5,1,4,6,5,1
32,1,15,1,1,77,13,9,9,13,55,0,6,6,6,6,1,5,4,1,1,4,2
32,1,15,1,0,46,9,82,9,13,77,6,6,3,6,6,0,5,1,5,1,4,5
32,1,15,1,1,77,9,13,82,9,13,0,6,6,3,6,6,5,1,4,5,1,4
32,1,15,1,0,9,89,82,77,9,13,6,7,3,0,6,6,1,6,5,5,1,4
32,1,15,1,1,32,13,58,77,9,13,2,6,2,0,6,6,1,4,3,5,1,4
28,2,9,1,1,9,90,13,25,69,48,6,3,6,1,1,4,1,2,4,2,3,3
28,2,9,1,0,98,23,61,9,90,69,2,3,4,6,3,1,3,4,1,1,2,3
28,2,9,1,0,69,34,61,9,69,90,1,1,4,6,1,3,3,3,1,1,3,2
28,2,9,1,1,23,9,69,25,34,61,3,6,1,1,1,4,4,1,3,2,3,1
28,2,9,1,1,9,69,90,25,23,90,6,1,3,1,3,3,1,3,2,2,4,2
28,2,9,1,0,69,26,62,9,69,90,1,6,5,6,1,3,3,5,3,1,3,2
28,2,9,1,1,9,69,13,61,8,89,6,1,6,4,5,7,1,3,4,1,1,6
28,2,9,1,1,9,13,69,82,89,48,6,6,1,3,7,4,1,4,3,5,6,3
28,2,9,1,1,9,69,90,34,43,96,6,1,3,1,0,0,1,3,2,3,1,5
28,2,9,1,0,69,24,19,9,69,90,1,1,3,6,1,3,3,2,2,1,3,2
2,3,0,1,0,9,62,69,59,6,23,6,5,1,3,4,3,1,3,3,3,1,4
2,3,0,1,1,23,59,6,25,9,89,3,3,4,1,6,7,4,3,1,2,1,6
2,3,0,1,1,23,59,6,46,13,9,3,3,4,6,6,6,4,3,1,5,4,1
32,1,15,1,0,42,13,87,9,89,13,2,6,1,6,7,6,1,4,1,1,6,4
32,1,15,1,1,13,42,87,15,31,72,6,2,1,1,6,3,4,1,1,3,4,4
32,1,15,1,0,89,87,9,6,69,13,7,1,6,4,1,6,6,1,1,1,3,4
32,1,15,1,1,13,89,82,9,13,82,6,7,3,6,6,3,4,6,5,1,4,5
32,1,15,1,0,89,82,69,89,13,82,7,3,1,7,6,3,6,5,3,6,4,5
32,1,15,1,0,25,88,19,89,82,13,1,3,3,7,3,6,2,0,2,6,5,4
32,1,15,1,0,90,82,13,89,13,82,3,3,6,7,6,3,2,5,4,6,4,5
32,1,15,1,0,9,13,82,89,13,82,6,6,3,7,6,3,1,4,5,6,4,5
32,1,15,1,1,89,13,82,72,89,32,7,6,3,3,7,2,6,4,5,4,6,1
32,1,15,1,1,89,13,82,46,89,13,7,6,3,6,7,6,6,4,5,5,6,4
32,1,15,1,0,23,9,88,89,13,82,3,6,3,7,6,3,4,1,0,6,4,5
32,1,15,1,0,31,89,6,82,89,13,6,7,4,3,7,6,4,6,1,5,6,4
32,1,15,1,1,89,82,13,25,9,84,7,3,6,1,6,5,6,5,4,2,1,3
32,1,15,1,1,13,82,89,13,89,23,6,3,7,6,7,3,4,5,6,4,6,4
32,1,15,1,1,6,32,82,89,13,82,4,2,3,7,6,3,1,1,5,6,4,5
32,1,15,1,1,13,82,89,82,13,89,6,3,7,3,6,7,4,5,6,5,4,6
32,1,15,1,0,82,69,9,89,82,13,3,1,6,7,3,6,5,3,1,6,5,4
32,1,15,1,0,89,32,9,89,13,82,7,2,6,7,6,3,6,1,1,6,4,5
32,1,15,1,1,89,13,82,90,62,13,7,6,3,3,5,6,6,4,5,2,3,4
32,1,15,1,1,89,82,13,89,25,88,7,3,6,7,1,3,6,5,4,6,2,0
32,1,15,1,1,89,13,82,36,9,13,7,6,3,6,6,6,6,4,5,1,1,4
32,1,15,1,1,89,82,13,15,23,82,7,3,6,1,3,3,6,5,4,3,4,5
32,1,15,1,1,60,13,36,9,31,23,4,6,6,6,6,3,1,4,1,1,4,4
32,1,15,1,0,42,82,94,31,13,83,2,3,3,6,6,6,1,5,2,4,4,4
32,1,15,1,1,90,83,67,80,85,53,3,6,7,5,1,5,2,4,3,4,1,2
32,1,15,1,0,30,83,13,13,25,83,1,6,6,6,1,6,1,4,4,4,2,4
32,1,15,1,0,83,29,10,24,13,9,6,0,2,1,6,6,4,5,1,2,4,1
32,1,15,1,1,9,36,82,9,36,82,6,6,3,6,6,3,1,1,5,1,1,5
32,1,15,1,1,65,88,82,29,88,73,1,3,3,0,3,7,3,0,5,5,0,3
32,1,15,1,1,19,73,9,31,74,80,3,7,6,6,2,5,2,3,1,4,3,4
32,1,15,1,1,16,55,9,73,82,23,5,1,6,7,3,3,3,2,1,3,5,4
32,1,15,1,1,82,98,73,82,69,95,3,2,7,3,1,3,5,3,3,5,3,3
32,1,15,1,1,32,27,73,90,94,27,2,5,7,3,3,5,1,3,3,2,2,3
32,1,15,1,1,82,5,25,42,82,97,3,0,1,2,3,7,5,4,2,1,5,1
32,1,15,1,1,52,24,13,74,82,85,1,1,6,2,3,1,2,2,4,3,5,1
32,1,15,1,0,25,82,42,1,13,27,1,3,2,7,6,5,2,5,1,3,4,3
32,1,15,1,0,72,82,1,9,27,30,3,3,7,6,5,1,4,5,3,1,3,1
32,1,15,1,1,42,15,36,29,96,1,2,1,6,0,0,7,1,3,1,5,5,3
32,1,15,1,0,56,69,9,9,13,1,1,1,6,6,6,7,3,3,1,1,4,3
32,1,15,1,1,24,88,94,9,1,13,1,3,3,6,7,6,2,0,2,1,3,4
32,1,15,1,1,82,46,25,27,9,36,3,6,1,5,6,6,5,5,2,3,1,1
29,1,4,1,0,90,94,38,24,19,27,3,3,2,1,3,5,2,2,3,2,2,3
29,1,4,1,1,69,38,26,32,37,69,1,2,6,2,2,1,3,3,5,1,1,3
29,1,4,1,1,19,37,90,46,19,10,3,2,3,6,3,2,2,1,2,5,2,1
29,1,4,1,0,13,97,69,42,55,13,6,7,1,2,1,6,4,1,3,1,2,4
29,1,4,1,0,9,69,90,9,69,25,6,1,3,6,1,1,1,3,2,1,3,2
29,1,4,1,0,24,89,9,25,13,90,1,7,6,1,6,3,2,6,1,2,4,2
32,1,15,1,1,89,28,69,31,88,95,7,6,1,6,3,3,6,2,3,4,0,3
32,1,15,1,1,55,45,89,19,90,89,1,6,7,3,3,7,2,1,6,2,2,6
32,1,15,1,1,72,9,89,82,9,22,3,6,7,3,6,3,4,1,6,5,1,1
32,1,15,1,0,51,32,9,73,89,80,7,2,6,7,7,5,6,1,1,3,6,4
32,1,15,1,0,64,89,41,9,90,69,6,7,5,6,3,1,2,6,3,1,2,3
32,1,15,1,0,53,89,13,32,89,9,5,7,6,2,7,6,2,6,4,1,6,1
32,1,15,1,1,88,17,45,9,89,92,3,3,6,6,7,2,0,5,1,1,6,3
28,2,9,1,1,21,13,90,49,34,90,3,6,3,2,1,3,3,4,2,5,3,2
28,2,9,1,0,43,61,19,90,21,13,0,4,3,3,3,6,1,1,2,2,3,4
28,2,9,1,1,90,21,13,96,89,79,3,3,6,0,7,4,2,3,4,5,6,1
28,2,9,1,1,90,21,13,65,6,99,3,3,6,1,4,7,2,3,4,3,1,3
28,2,9,1,1,62,90,21,69,8,34,5,3,3,1,5,1,3,2,3,3,1,3
28,2,9,1,1,25,13,69,71,7,61,1,6,1,4,4,4,2,4,3,1,1,1
28,2,9,1,0,94,90,13,25,13,47,3,3,6,1,6,7,2,2,4,2,4,3
28,2,9,1,0,78,9,82,13,25,47,7,6,3,6,1,7,2,1,5,4,2,3
28,2,9,1,0,69,82,6,25,13,47,1,3,4,1,6,7,3,5,1,2,4,3
28,2,9,1,1,25,47,13,10,9,96,1,7,6,2,6,0,2,3,4,1,1,5
28,2,9,1,1,25,47,69,34,25,43,1,7,1,1,1,0,2,3,3,3,2,1
28,2,9,1,1,90,47,69,31,30,13,3,7,1,6,1,6,2,3,3,4,1,4
28,2,9,1,1,90,47,69,42,23,13,3,7,1,2,3,6,2,3,3,1,4,4
28,2,9,1,1,90,47,69,61,32,34,3,7,1,4,2,1,2,3,3,1,1,3
28,2,9,1,0,30,25,34,69,90,62,1,1,1,1,3,5,1,2,3,3,2,3
28,2,9,1,1,90,47,88,96,98,42,3,7,3,0,2,2,2,3,0,5,3,1
28,2,9,1,0,36,96,9,90,47,26,6,0,6,3,7,6,1,5,1,2,3,5
28,2,9,1,0,89,55,96,90,47,26,7,1,0,3,7,6,6,2,5,2,3,5
27,4,8,2,1,25,0,55,25,55,40,1,3,1,1,1,7,2,5,2,2,2,3
27,4,8,2,0,69,55,16,89,55,25,1,1,5,7,1,1,3,2,3,6,2,2
27,4,8,2,1,90,25,5,53,43,48,3,1,0,5,0,4,2,2,4,2,1,3
29,1,4,1,1,9,90,88,13,87,82,6,3,3,6,1,3,1,2,0,4,1,5
29,1,4,1,0,87,9,82,89,9,13,1,6,3,7,6,6,1,1,5,6,1,4
29,1,4,1,0,29,82,27,82,87,9,0,3,5,3,1,6,5,5,3,5,1,1
29,1,4,1,1,9,82,87,17,12,30,6,3,1,3,4,1,1,5,1,5,4,1
29,1,4,1,0,29,87,88,25,23,9,0,1,3,1,3,6,5,1,0,2,4,1
29,1,4,1,0,87,13,55,25,23,13,1,6,1,1,3,6,1,4,2,2,4,4
29,1,4,1,0,55,82,87,2,52,27,1,3,1,2,1,5,2,5,1,2,2,3
29,1,4,1,1,98,87,82,32,82,19,2,1,3,2,3,3,3,1,5,1,5,2
29,1,4,1,1,52,74,45,69,9,87,1,2,6,1,6,1,2,3,1,3,1,1
29,1,4,1,1,99,87,24,5,29,66,7,1,1,0,0,1,3,1,2,4,5,3
29,1,4,1,0,28,9,87,89,42,9,6,6,1,7,2,6,2,1,1,6,1,1
33,3,0,1,1,69,34,31,13,89,69,1,1,6,6,7,1,3,3,4,4,6,3
33,3,0,1,1,69,34,60,69,34,41,1,1,4,1,1,5,3,3,1,3,3,3
33,3,0,1,0,21,69,9,69,34,67,3,1,6,1,1,7,3,3,1,3,3,3
33,3,0,1,1,80,69,34,45,34,69,5,1,1,6,1,1,4,3,3,1,3,3
33,3,0,1,1,69,82,34,48,77,74,1,3,1,4,0,2,3,5,3,3,5,3
33,3,0,1,1,69,36,23,69,23,89,1,6,3,1,3,7,3,1,4,3,4,6
33,3,0,1,0,93,21,69,13,46,52,1,3,1,6,6,1,1,3,3,4,5,2
33,3,0,1,1,69,9,34,80,69,82,1,6,1,5,1,3,3,1,3,4,3,5
33,3,0,1,1,80,21,69,9,69,27,5,3,1,6,1,5,4,3,3,1,3,3
33,3,0,1,0,69,9,95,69,9,29,1,6,3,1,6,0,3,1,3,3,1,5
33,3,0,1,1,34,60,69,66,14,86,1,4,1,1,6,2,3,1,3,3,3,2
32,1,15,1,1,9,82,69,89,19,13,6,3,1,7,3,6,1,5,3,6,2,4
32,1,15,1,0,9,23,13,89,19,13,6,3,6,7,3,6,1,4,4,6,2,4
32,1,15,1,0,9,82,13,89,19,13,6,3,6,7,3,6,1,5,4,6,2,4
32,1,15,1,1,89,19,13,15,25,82,7,3,6,1,1,3,6,2,4,3,2,5
32,1,15,1,0,13,9,60,13,89,19,6,6,4,6,7,3,4,1,1,4,6,2
32,1,15,1,0,89,13,19,9,89,23,7,6,3,6,7,3,6,4,2,1,6,4
32,1,15,1,1,19,13,89,23,82,9,3,6,7,3,3,6,2,4,6,4,5,1
32,1,15,1,0,89,82,94,13,82,19,7,3,3,6,3,3,6,5,2,4,5,2
32,1,15,1,0,82,9,27,82,13,19,3,6,5,3,6,3,5,1,3,5,4,2
32,1,15,1,0,13,34,89,13,19,82,6,1,7,6,3,3,4,3,6,4,2,5
32,1,15,1,1,13,32,9,82,19,13,6,2,6,3,3,6,4,1,1,5,2,4
32,1,15,1,1,19,13,82,29,63,17,3,6,3,0,7,3,2,4,5,5,1,5
32,1,15,1,1,82,6,88,82,19,13,3,4,3,3,3,6,5,1,0,5,2,4
32,1,15,1,1,82,13,19,84,82,36,3,6,3,5,3,6,5,4,2,3,5,1
32,1,15,1,1,82,19,13,9,25,89,3,3,6,6,1,7,5,2,4,1,2,6
32,1,15,1,1,13,19,82,88,69,9,6,3,3,3,1,6,4,2,5,0,3,1
32,1,15,1,1,82,19,13,13,42,9,3,3,6,6,2,6,5,2,4,4,1,1
32,1,15,1,1,42,25,9,23,98,69,2,1,6,3,2,1,1,2,1,4,3,3
32,1,15,1,0,34,13,9,23,42,55,1,6,6,3,2,1,3,4,1,4,1,2
32,1,15,1,1,9,89,88,9,97,69,6,7,3,6,7,1,1,6,0,1,1,3
32,1,15,1,0,89,82,13,88,80,13,7,3,6,3,5,6,6,5,4,0,4,4
32,1,15,1,1,23,89,13,34,9,56,3,7,6,1,6,1,4,6,4,3,1,3
32,1,15,1,1,9,89,15,56,36,90,6,7,1,1,6,3,1,6,3,3,1,2
32,1,15,1,0,9,46,13,9,56,13,6,6,6,6,1,6,1,5,4,1,3,4
32,1,15,1,1,89,13,56,81,9,14,7,6,1,3,6,6,6,4,3,3,1,3
3,0,13,0,0,16,79,10,16,47,55,5,4,2,5,7,1,3,1,1,3,3,2
3,0,13,0,0,16,79,12,16,79,55,5,4,4,5,4,1,3,1,4,3,1,2
3,0,13,0,1,79,16,90,61,79,3,4,5,3,4,4,4,1,3,2,1,1,1
3,0,13,0,1,30,55,61,16,55,96,1,1,4,5,1,0,1,2,1,3,2,5
3,0,13,0,1,25,16,3,69,78,17,1,5,4,1,7,3,2,3,1,3,2,5
3,0,13,0,0,79,25,78,78,48,40,4,1,7,7,4,7,1,2,2,2,3,3
4,7,2,5,0,69,58,79,78,6,55,1,2,4,7,4,1,3,3,1,2,1,2
32,1,15,1,1,13,24,69,25,69,80,6,1,1,1,1,5,4,2,3,2,3,4
32,1,15,1,0,13,9,34,13,24,15,6,6,1,6,1,1,4,1,3,4,2,3
32,1,15,1,0,5,10,13,94,24,82,0,2,6,3,1,3,4,1,4,2,2,5
32,1,15,1,0,13,82,15,24,9,94,6,3,1,1,6,3,4,5,3,2,1,2
32,1,15,1,1,82,52,24,82,52,9,3,1,1,3,1,6,5,2,2,5,2,1
22,6,1,4,0,1,9,29,15,27,9,7,6,0,1,5,6,3,1,5,3,3,1
32,1,15,1,1,1,69,9,72,16,28,7,1,6,3,5,6,3,3,1,4,3,2
32,1,15,1,1,82,13,24,52,24,1,3,6,1,1,1,7,5,4,2,2,2,3
32,1,15,1,0,13,80,88,89,13,82,6,5,3,7,6,3,4,4,0,6,4,5
4,7,2,5,0,53,10,36,25,14,89,5,2,6,1,6,7,2,1,1,2,3,6
4,7,2,5,1,53,10,36,25,92,44,5,2,6,1,2,5,2,1,1,2,3,5
4,7,2,5,0,1,55,89,53,10,36,7,1,7,5,2,6,3,2,6,2,1,1
4,7,2,5,0,9,23,80,53,10,36,6,3,5,5,2,6,1,4,4,2,1,1
4,7,2,5,0,79,89,7,53,36,10,4,7,4,5,6,2,1,6,1,2,1,1
4,7,2,5,1,89,61,10,55,27,48,7,4,2,1,5,4,6,1,1,2,3,3
4,7,2,5,0,25,15,6,61,89,10,1,1,4,4,7,2,2,3,1,1,6,1
4,7,2,5,1,61,89,10,25,16,55,4,7,2,1,5,1,1,6,1,2,3,2
4,7,2,5,1,61,89,10,63,77,9,4,7,2,7,0,6,1,6,1,1,5,1
4,7,2,5,0,56,61,10,61,19,56,1,4,2,4,3,1,3,1,1,1,2,3
32,1,15,1,1,9,89,13,26,29,82,6,7,6,6,0,3,1,6,4,5,5,5
32,1,15,1,1,13,19,90,29,89,13,6,3,3,0,7,6,4,2,2,5,6,4
32,1,15,1,1,89,13,25,13,31,69,7,6,1,6,6,1,6,4,2,4,4,3
32,1,15,1,0,19,72,55,25,89,13,3,3,1,1,7,6,2,4,2,2,6,4
32,1,15,1,0,29,89,13,15,88,95,0,7,6,1,3,3,5,6,4,3,0,3
32,1,15,1,0,25,36,9,13,89,29,1,6,6,6,7,0,2,1,1,4,6,5
32,1,15,1,0,82,69,23,13,89,29,3,1,3,6,7,0,5,3,4,4,6,5
32,1,15,1,1,13,89,29,89,9,82,6,7,0,7,6,3,4,6,5,6,1,5
32,1,15,1,0,89,82,13,89,13,29,7,3,6,7,6,0,6,5,4,6,4,5
32,1,15,1,0,82,9,36,89,13,29,3,6,6,7,6,0,5,1,1,6,4,5
32,1,15,1,1,13,29,89,15,13,9,6,0,7,1,6,6,4,5,6,3,4,1
32,1,15,1,0,80,13,29,89,13,29,5,6,0,7,6,0,4,4,5,6,4,5
32,1,15,1,0,23,19,13,89,13,29,3,3,6,7,6,0,4,2,4,6,4,5
32,1,15,1,1,29,89,13,69,19,82,0,7,6,1,3,3,5,6,4,3,2,5
32,1,15,1,1,13,89,9,90,24,9,6,7,6,3,1,6,4,6,1,2,2,1
32,1,15,1,0,82,72,13,89,13,36,3,3,6,7,6,6,5,4,4,6,4,1
32,1,15,1,0,89,13,82,93,13,82,7,6,3,1,6,3,6,4,5,1,4,5
32,1,15,1,1,9,31,89,89,13,25,6,6,7,7,6,1,1,4,6,6,4,2
32,1,15,1,1,89,13,82,65,88,23,7,6,3,1,3,3,6,4,5,3,0,4
32,1,15,1,1,89,13,29,89,14,13,7,6,0,7,6,6,6,4,5,6,3,4
32,1,15,1,1,13,89,29,9,37,36,6,7,0,6,2,6,4,6,5,1,1,1
32,1,15,1,0,9,13,27,89,13,69,6,6,5,7,6,1,1,4,3,6,4,3
32,1,15,1,0,53,69,62,89,13,69,5,1,5,7,6,1,2,3,3,6,4,3
32,1,15,1,0,19,13,94,25,13,89,3,6,3,1,6,7,2,4,2,2,4,6
32,1,15,1,1,6,31,94,60,82,9,4,6,3,4,3,6,1,4,2,1,5,1
5,8,6,5,0,89,16,41,44,12,32,7,5,5,5,4,2,6,3,3,5,4,1
5,8,6,5,1,89,41,45,61,79,25,7,5,6,4,4,1,6,3,1,1,1,2
4,7,2,5,0,35,9,56,79,78,41,7,6,1,4,7,5,3,1,3,1,2,3
32,1,15,1,1,82,72,13,9,82,13,3,3,6,6,3,6,5,4,4,1,5,4
32,1,15,1,1,90,55,72,13,82,29,3,1,3,6,3,0,2,2,4,4,5,5
32,1,15,1,1,85,82,9,82,72,9,1,3,6,3,3,6,1,5,1,5,4,1
11,1,15,1,1,89,32,37,13,32,89,7,2,2,6,2,7,6,1,1,4,1,6
11,1,15,1,0,23,13,89,9,89,32,3,6,7,6,7,2,4,4,6,1,6,1
6,7,12,5,0,16,79,12,40,16,25,5,4,4,7,5,1,3,1,4,3,3,2
31,3,0,1,0,36,69,93,89,55,41,6,1,1,7,1,5,1,3,1,6,2,3
11,1,15,1,0,9,23,89,13,89,8,6,3,7,6,7,5,1,4,6,4,6,1
8,6,13,4,1,89,13,9,45,63,9,7,6,6,6,7,6,6,4,1,1,1,1
19,1,4,1,1,89,13,9,89,53,9,7,6,6,7,5,6,6,4,1,6,2,1
19,1,4,1,0,89,9,69,89,53,23,7,6,1,7,5,3,6,1,3,6,2,4
19,1,4,1,0,9,31,80,89,53,69,6,6,5,7,5,1,1,4,4,6,2,3
19,1,4,1,0,82,55,19,53,19,9,3,1,3,5,3,6,5,2,2,2,2,1
19,1,4,1,1,60,9,53,9,89,82,4,6,5,6,7,3,1,1,2,1,6,5
30,1,4,1,1,49,82,13,69,82,53,2,3,6,1,3,5,5,5,4,3,5,2
30,1,4,1,1,9,13,53,9,82,55,6,6,5,6,3,1,1,4,2,1,5,2
30,1,4,1,0,13,72,94,9,31,53,6,3,3,6,6,5,4,4,2,1,4,2
30,1,4,1,1,0,90,72,77,9,89,3,3,3,0,6,7,5,2,4,5,1,6
30,1,4,1,1,82,90,94,13,72,30,3,3,3,6,3,1,5,2,2,4,4,1
30,1,4,1,1,56,72,83,12,5,93,1,3,6,4,0,1,3,4,4,4,4,1
30,1,4,1,1,82,94,32,90,82,72,3,3,2,3,3,3,5,2,1,2,5,4
32,1,15,1,0,75,88,7,13,23,82,5,3,4,6,3,3,1,0,1,4,4,5
32,1,15,1,1,75,7,88,13,9,36,5,4,3,6,6,6,1,1,0,4,1,1
32,1,15,1,0,9,69,86,75,7,88,6,1,2,5,4,3,1,3,2,1,1,0
32,1,15,1,1,75,88,7,56,9,90,5,3,4,1,6,3,1,0,1,3,1,2
32,1,15,1,0,53,9,82,75,88,7,5,6,3,5,3,4,2,1,5,1,0,1
32,1,15,1,1,75,88,7,24,9,82,5,3,4,1,6,3,1,0,1,2,1,5
32,1,15,1,1,75,7,88,13,82,36,5,4,3,6,3,6,1,1,0,4,5,1
32,1,15,1,1,75,88,7,90,19,89,5,3,4,3,3,7,1,0,1,2,2,6
32,1,15,1,1,75,88,7,29,21,13,5,3,4,0,3,6,1,0,1,5,3,4
32,1,15,1,1,75,88,7,29,23,9,5,3,4,0,3,6,1,0,1,5,4,1
32,1,15,1,1,75,88,7,36,69,25,5,3,4,6,1,1,1,0,1,1,3,2
32,1,15,1,1,88,7,75,10,82,23,3,4,5,2,3,3,0,1,1,1,5,4
32,1,15,1,1,88,37,72,13,51,10,3,2,3,6,7,2,0,1,4,4,6,1
32,1,15,1,0,13,82,94,88,37,72,6,3,3,3,2,3,4,5,2,0,1,4
32,1,15,1,0,24,13,88,37,88,72,1,6,3,2,3,3,2,4,0,1,0,4
32,1,15,1,0,80,46,84,9,13,25,5,6,5,6,6,1,4,5,3,1,4,2
32,1,15,1,1,80,46,84,88,53,28,5,6,5,3,5,6,4,5,3,0,2,2
32,1,15,1,0,9,13,23,86,46,84,6,6,3,2,6,5,1,4,4,2,5,3
32,1,15,1,0,69,82,13,84,46,86,1,3,6,5,6,2,3,5,4,3,5,2
32,1,15,1,1,13,27,9,86,84,46,6,5,6,2,5,6,4,3,1,2,3,5
32,1,15,1,1,46,84,86,42,88,82,6,5,2,2,3,3,5,3,2,1,0,5
32,1,15,1,0,69,13,23,79,84,46,1,6,3,4,5,6,3,4,4,1,3,5
32,1,15,1,1,79,46,9,13,69,19,4,6,6,6,1,3,1,5,1,4,3,2
32,1,15,1,0,82,19,13,13,89,82,3,3,6,6,7,3,5,2,4,4,6,5
32,1,15,1,0,13,82,45,82,19,13,6,3,6,3,3,6,4,5,1,5,2,4
32,1,15,1,0,82,13,89,89,23,90,3,6,7,7,3,3,5,4,6,6,4,2
32,1,15,1,1,31,89,82,82,90,25,6,7,3,3,3,1,4,6,5,5,2,2
32,1,15,1,1,9,13,90,42,6,21,6,6,3,2,4,3,1,4,2,1,1,3
32,1,15,1,0,82,68,13,82,13,60,3,3,6,3,6,4,5,3,4,5,4,1
32,1,15,1,1,82,89,23,13,69,9,3,7,3,6,1,6,5,6,4,4,3,1
32,1,15,1,0,13,60,25,19,23,9,6,4,1,3,3,6,4,1,2,2,4,1
4,7,2,5,0,69,92,50,61,90,78,1,2,0,4,3,7,3,3,3,1,2,2
4,7,2,5,1,90,61,78,79,10,11,3,4,7,4,2,4,2,1,2,1,1,1
4,7,2,5,0,90,78,61,99,43,77,3,7,4,7,0,0,2,2,1,3,1,5
4,7,2,5,0,70,92,25,61,90,78,2,2,1,4,3,7,3,3,2,1,2,2
4,7,2,5,1,61,90,78,77,14,96,4,3,7,0,6,0,1,2,2,5,3,5
4,7,2,5,0,12,55,56,90,61,78,4,1,1,3,4,7,4,2,3,2,1,2
4,7,2,5,0,79,10,6,90,78,61,4,2,4,3,7,4,1,1,1,2,2,1
4,7,2,5,0,1,9,53,61,90,78,7,6,5,4,3,7,3,1,2,1,2,2
4,7,2,5,0,23,56,25,90,61,78,3,1,1,3,4,7,4,3,2,2,1,2
4,7,2,5,0,44,90,55,61,90,78,5,3,1,4,3,7,5,2,2,1,2,2
4,7,2,5,0,61,90,78,89,11,0,4,3,7,7,4,3,1,2,2,6,1,5
32,1,15,1,0,88,82,86,9,82,1,3,3,2,6,3,7,0,5,2,1,5,3
32,1,15,1,1,89,9,54,9,36,13,7,6,0,6,6,6,6,1,1,1,1,4
32,1,15,1,0,9,69,54,9,14,13,6,1,0,6,6,6,1,3,1,1,3,4
32,1,15,1,0,9,60,36,9,82,32,6,4,6,6,3,2,1,1,1,1,5,1
32,1,15,1,1,9,13,69,88,23,19,6,6,1,3,3,3,1,4,3,0,4,2
32,1,15,1,0,13,43,34,13,72,89,6,0,1,6,3,7,4,1,3,4,4,6
29,1,4,1,1,82,9,89,72,69,90,3,6,7,3,1,3,5,1,6,4,3,2
29,1,4,1,0,72,69,23,32,29,9,3,1,3,2,0,6,4,3,4,1,5,1
32,1,15,1,0,26,10,13,13,1,82,6,2,6,6,7,3,5,1,4,4,3,5
32,1,15,1,0,9,82,23,13,82,1,6,3,3,6,3,7,1,5,4,4,5,3
32,1,15,1,0,32,13,1,89,82,13,2,6,7,7,3,6,1,4,3,6,5,4
32,1,15,1,1,32,13,1,81,36,82,2,6,7,3,6,3,1,4,3,3,1,5
32,1,15,1,1,19,89,42,13,89,1,3,7,2,6,7,7,2,6,1,4,6,3
32,1,15,1,1,13,89,1,82,69,39,6,7,7,3,1,7,4,6,3,5,3,3
32,1,15,1,1,13,1,89,82,13,69,6,7,7,3,6,1,4,3,6,5,4,3
32,1,15,1,0,13,89,1,23,88,9,6,7,7,3,3,6,4,6,3,4,0,1
32,1,15,1,0,9,42,13,13,89,1,6,2,6,6,7,7,1,1,4,4,6,3
32,1,15,1,0,31,24,29,13,89,1,6,1,0,6,7,7,4,2,5,4,6,3
32,1,15,1,0,9,82,13,13,89,1,6,3,6,6,7,7,1,5,4,4,6,3
32,1,15,1,0,13,12,27,89,1,13,6,4,5,7,7,6,4,4,3,6,3,4
32,1,15,1,0,69,61,9,1,13,36,1,4,6,7,6,6,3,1,1,3,4,1
2,3,0,1,0,32,45,89,23,34,89,2,6,7,3,1,7,1,1,6,4,3,6
2,3,0,1,1,9,34,23,23,34,89,6,1,3,3,1,7,1,3,4,4,3,6
2,3,0,1,1,23,34,89,34,96,56,3,1,7,1,0,1,4,3,6,3,5,3
2,3,0,1,1,23,34,89,89,94,69,3,1,7,7,3,1,4,3,6,6,2,3
2,3,0,1,0,61,69,94,89,34,23,4,1,3,7,1,3,1,3,2,6,3,4
2,3,0,1,0,89,31,69,23,34,89,7,6,1,3,1,7,6,4,3,4,3,6
2,3,0,1,0,34,23,89,25,82,9,1,3,7,1,3,6,3,4,6,2,5,1
2,3,0,1,0,25,55,82,34,89,23,1,1,3,1,7,3,2,2,5,3,6,4
2,3,0,1,1,34,23,89,9,15,96,1,3,7,6,1,0,3,4,6,1,3,5
2,3,0,1,0,34,23,89,34,93,9,1,3,7,1,1,6,3,4,6,3,1,1
2,3,0,1,0,44,9,24,23,34,89,5,6,1,3,1,7,5,1,2,4,3,6
32,1,15,1,0,36,69,84,9,13,89,6,1,5,6,6,7,1,3,3,1,4,6
32,1,15,1,0,69,84,29,13,9,82,1,5,0,6,6,3,3,3,5,4,1,5
32,1,15,1,1,31,36,89,84,69,9,6,6,7,5,1,6,4,1,6,3,3,1
32,1,15,1,1,84,13,69,9,13,25,5,6,1,6,6,1,3,4,3,1,4,2
32,1,15,1,1,13,64,19,84,69,13,6,6,3,5,1,6,4,2,2,3,3,4
32,1,15,1,0,9,82,25,69,84,13,6,3,1,1,5,6,1,5,2,3,3,4
32,1,15,1,1,13,84,69,23,31,29,6,5,1,3,6,0,4,3,3,4,4,5
32,1,15,1,0,69,52,13,9,82,88,1,1,6,6,3,3,3,2,4,1,5,0
32,1,15,1,0,6,69,67,32,13,82,4,1,7,2,6,3,1,3,3,1,4,5
32,1,15,1,0,69,89,9,69,6,67,1,7,6,1,4,7,3,6,1,3,1,3
32,1,15,1,1,6,69,67,13,29,9,4,1,7,6,0,6,1,3,3,4,5,1
32,1,15,1,0,69,67,6,13,9,25,1,7,4,6,6,1,3,3,1,4,1,2
4,7,2,5,1,6,25,56,56,89,12,4,1,1,1,7,4,1,2,3,3,6,4
4,7,2,5,0,25,62,43,0,7,55,1,5,0,3,4,1,2,3,1,5,1,2
4,7,2,5,1,61,38,29,41,25,79,4,2,0,5,1,4,1,3,5,3,2,1
4,7,2,5,0,63,56,54,69,41,25,7,1,0,1,5,1,1,3,1,3,3,2
4,7,2,5,0,29,79,82,41,25,79,0,4,3,5,1,4,5,1,5,3,2,1
4,7,2,5,1,79,41,25,73,12,53,4,5,1,7,4,5,1,3,2,3,4,2
4,7,2,5,0,9,82,25,50,41,25,6,3,1,0,5,1,1,5,2,3,3,2
4,7,2,5,0,2,79,39,41,25,1,2,4,7,5,1,7,2,1,3,3,2,3
4,7,2,5,1,25,41,69,49,39,54,1,5,1,2,7,0,2,3,3,5,3,1
4,7,2,5,1,32,89,61,23,41,13,2,7,4,3,5,6,1,6,1,4,3,4
4,7,2,5,1,38,13,61,66,23,11,2,6,4,1,3,4,3,4,1,3,4,1
4,7,2,5,0,19,56,61,12,66,13,3,1,4,4,1,6,2,3,1,4,3,4
4,7,2,5,0,34,82,32,56,55,13,1,3,2,1,1,6,3,5,1,3,2,4
4,7,2,5,1,13,61,12,82,56,43,6,4,4,3,1,0,4,1,4,5,3,1
4,7,2,5,0,25,69,79,30,25,13,1,1,4,1,1,6,2,3,1,1,2,4
4,7,2,5,1,82,43,13,56,82,55,3,0,6,1,3,1,5,1,4,3,5,2
4,7,2,5,1,89,61,55,13,43,32,7,4,1,6,0,2,6,1,2,4,1,1
4,7,2,5,1,13,32,12,56,76,12,6,2,4,1,3,4,4,1,4,3,1,4
4,7,2,5,1,13,90,71,56,55,53,6,3,4,1,1,5,4,2,1,3,2,2
4,7,2,5,0,41,13,79,38,17,43,5,6,4,2,3,0,3,4,1,3,5,1
4,7,2,5,1,41,13,79,69,48,88,5,6,4,1,4,3,3,4,1,3,3,0
4,7,2,5,1,41,79,13,56,69,25,5,4,6,1,1,1,3,1,4,3,3,2
4,7,2,5,1,41,79,13,79,25,23,5,4,6,4,1,3,3,1,4,1,2,4
4,7,2,5,0,12,6,13,30,2,89,4,4,6,1,2,7,4,1,4,1,2,6
4,7,2,5,1,19,31,13,63,41,27,3,6,6,7,5,5,2,4,4,1,3,3
32,1,15,1,1,81,15,98,13,82,69,3,1,2,6,3,1,3,3,3,4,5,3
32,1,15,1,1,13,81,36,19,21,25,6,3,6,3,3,1,4,3,1,2,3,2
32,1,15,1,1,13,82,81,22,30,25,6,3,3,3,1,1,4,5,3,1,1,2
32,1,15,1,0,69,30,88,82,4,81,1,1,3,3,6,3,3,1,0,5,1,3
32,1,15,1,0,27,34,23,82,81,88,5,1,3,3,3,3,3,3,4,5,3,0
32,1,15,1,1,36,49,81,80,56,96,6,2,3,5,1,0,1,5,3,4,3,5
29,1,4,1,1,89,56,86,89,78,30,7,1,2,7,7,1,6,3,2,6,2,1
29,1,4,1,0,52,13,89,89,30,94,1,6,7,7,1,3,2,4,6,6,1,2
29,1,4,1,0,49,23,25,94,30,89,2,3,1,3,1,7,5,4,2,2,1,6
29,1,4,1,1,89,94,30,95,9,55,7,3,1,3,6,1,6,2,1,3,1,2
29,1,4,1,1,29,25,19,89,40,41,0,1,3,7,7,5,5,2,2,6,3,3
29,1,4,1,1,89,40,41,99,55,52,7,7,5,7,1,1,6,3,3,3,2,2
29,1,4,1,0,13,24,23,89,40,41,6,1,3,7,7,5,4,2,4,6,3,3
29,1,4,1,1,40,31,89,69,23,29,7,6,7,1,3,0,3,4,6,3,4,5
29,1,4,1,0,23,94,88,89,40,31,3,3,3,7,7,6,4,2,0,6,3,4
29,1,4,1,0,29,23,90,89,40,32,0,3,3,7,7,2,5,4,2,6,3,1
29,1,4,1,1,89,40,32,88,53,25,7,7,2,3,5,1,6,3,1,0,2,2
29,1,4,1,0,30,69,23,89,40,32,1,1,3,7,7,2,1,3,4,6,3,1
29,1,4,1,1,89,40,32,30,36,23,7,7,2,1,6,3,6,3,1,1,1,4
29,1,4,1,1,89,40,32,29,9,52,7,7,2,0,6,1,6,3,1,5,1,2
29,1,4,1,1,40,32,89,80,9,26,7,2,7,5,6,6,3,1,6,4,1,5
29,1,4,1,0,30,82,68,40,89,32,1,3,3,7,7,2,1,5,3,3,6,1
4,7,2,5,0,89,71,16,89,78,44,7,4,5,7,7,5,6,1,3,6,2,5
32,1,15,1,1,82,19,95,9,13,80,3,3,3,6,6,5,5,2,3,1,4,4
32,1,15,1,0,69,9,25,19,90,82,1,6,1,3,3,3,3,1,2,2,2,5
4,7,2,5,1,55,79,71,48,77,92,1,4,4,4,0,2,2,1,1,3,5,3
4,7,2,5,0,79,13,61,55,71,79,4,6,4,1,4,4,1,4,1,2,1,1
4,7,2,5,1,55,79,71,94,55,82,1,4,4,3,1,3,2,1,1,2,2,5
4,7,2,5,1,55,71,79,55,92,16,1,4,4,1,2,5,2,1,1,2,3,3
4,7,2,5,1,55,71,79,30,24,14,1,4,4,1,1,6,2,1,1,1,2,3
4,7,2,5,1,55,79,71,43,16,94,1,4,4,0,5,3,2,1,1,1,3,2
4,7,2,5,0,78,55,16,79,71,55,7,1,5,4,4,1,2,2,3,1,1,2
4,7,2,5,1,90,55,79,55,71,61,3,1,4,1,4,4,2,2,1,2,1,1
4,7,2,5,0,61,35,12,43,55,71,4,7,4,0,1,4,1,3,4,1,2,1
4,7,2,5,1,3,53,12,93,55,40,4,5,4,1,1,7,1,2,4,1,2,3
32,1,15,1,0,36,30,82,31,21,19,6,1,3,6,3,3,1,1,5,4,3,2
32,1,15,1,1,82,30,36,89,13,9,3,1,6,7,6,6,5,1,1,6,4,1
32,1,15,1,1,36,30,82,13,23,31,6,1,3,6,3,6,1,1,5,4,4,4
2,3,0,1,1,30,36,37,2,13,82,1,6,2,2,6,3,1,1,1,2,4,5
2,3,0,1,0,29,89,42,37,36,30,0,7,2,2,6,1,5,6,1,1,1,1
2,3,0,1,1,36,13,9,36,30,63,6,6,6,6,1,7,1,4,1,1,1,1
32,1,15,1,1,34,13,31,52,63,82,1,6,6,1,7,3,3,4,4,2,1,5
32,1,15,1,0,13,19,52,36,55,25,6,3,1,6,1,1,4,2,2,1,2,2
32,1,15,1,0,88,36,52,54,74,82,3,6,1,0,2,3,0,1,2,1,3,5
32,1,15,1,1,82,19,52,29,92,25,3,3,1,0,2,1,5,2,2,5,3,2
32,1,15,1,1,29,27,82,81,94,21,0,5,3,3,3,3,5,3,5,3,2,3
32,1,15,1,0,82,36,69,53,81,17,3,6,1,5,3,3,5,1,3,2,3,5
32,1,15,1,1,32,42,96,27,17,82,2,2,0,5,3,3,1,1,5,3,5,5
32,1,15,1,1,89,9,9,9,89,82,7,6,6,6,7,3,6,1,1,1,6,5
32,1,15,1,0,13,10,9,89,9,82,6,2,6,7,6,3,4,1,1,6,1,5
32,1,15,1,0,23,9,13,89,9,82,3,6,6,7,6,3,4,1,4,6,1,5
32,1,15,1,0,2,89,82,9,89,82,2,7,3,6,7,3,2,6,5,1,6,5
32,1,15,1,1,82,89,9,19,9,82,3,7,6,3,6,3,5,6,1,2,1,5
32,1,15,1,1,89,9,82,25,13,89,7,6,3,1,6,7,6,1,5,2,4,6
32,1,15,1,1,89,97,9,89,13,82,7,7,6,7,6,3,6,1,1,6,4,5
32,1,15,1,1,13,82,89,89,9,59,6,3,7,7,6,3,4,5,6,6,1,3
32,1,15,1,1,82,89,46,89,13,82,3,7,6,7,6,3,5,6,5,6,4,5
32,1,15,1,0,82,19,9,13,89,82,3,3,6,6,7,3,5,2,1,4,6,5
3,0,13,0,0,69,25,78,25,12,51,1,1,7,1,4,7,3,2,2,2,4,6
3,0,13,0,0,25,7,34,69,78,25,1,4,1,1,7,1,2,1,3,3,2,2
3,0,13,0,1,69,25,78,89,12,23,1,1,7,7,4,3,3,2,2,6,4,4
3,0,13,0,1,25,69,78,25,16,69,1,1,7,1,5,1,2,3,2,2,3,3
32,1,15,1,0,9,34,88,59,68,87,6,1,3,3,3,1,1,3,0,3,3,1
32,1,15,1,1,59,69,32,10,69,27,3,1,2,2,1,5,3,3,1,1,3,3
32,1,15,1,1,59,68,4,32,36,13,3,3,6,2,6,6,3,3,1,1,1,4
32,1,15,1,1,59,68,4,32,82,13,3,3,6,2,3,6,3,3,1,1,5,4
2,3,0,1,0,19,48,42,40,82,46,3,4,2,7,3,6,2,3,1,3,5,5
2,3,0,1,0,40,82,27,49,34,69,7,3,5,2,1,1,3,5,3,5,3,3
2,3,0,1,0,69,9,2,82,40,27,1,6,2,3,7,5,3,1,2,5,3,3
2,3,0,1,1,69,89,9,40,41,27,1,7,6,7,5,5,3,6,1,3,3,3
2,3,0,1,1,9,40,89,41,40,97,6,7,7,5,7,7,1,3,6,3,3,1
2,3,0,1,1,97,40,41,25,32,34,7,7,5,1,2,1,1,3,3,2,1,3
2,3,0,1,1,40,41,97,69,9,82,7,5,7,1,6,3,3,3,1,3,1,5
2,3,0,1,1,41,40,97,12,89,9,5,7,7,4,7,6,3,3,1,4,6,1
28,2,9,1,1,90,26,88,9,25,77,3,6,3,6,1,0,2,5,0,1,2,5
28,2,9,1,1,90,47,26,89,61,24,3,7,6,7,4,1,2,3,5,6,1,2
28,2,9,1,0,34,43,90,90,47,26,1,0,3,3,7,6,3,1,2,2,3,5
28,2,9,1,0,10,69,78,90,47,26,2,1,7,3,7,6,1,3,2,2,3,5
28,2,9,1,0,61,35,34,90,47,26,4,7,1,3,7,6,1,3,3,2,3,5
28,2,9,1,0,90,65,25,90,47,88,3,1,1,3,7,3,2,3,2,2,3,0
28,2,9,1,1,90,47,32,24,10,42,3,7,2,1,2,2,2,3,1,2,1,1
28,2,9,1,1,90,47,32,89,69,14,3,7,2,7,1,6,2,3,1,6,3,3
28,2,9,1,0,89,34,86,90,47,32,7,1,2,3,7,2,6,3,2,2,3,1
28,2,9,1,1,90,47,32,96,9,82,3,7,2,0,6,3,2,3,1,5,1,5
28,2,9,1,0,55,62,26,90,34,32,1,5,6,3,1,2,2,3,5,2,3,1
28,2,9,1,0,23,67,69,61,32,90,3,7,1,4,2,3,4,3,3,1,1,2
28,2,9,1,0,95,43,25,9,90,32,3,0,1,6,3,2,3,1,2,1,2,1
28,2,9,1,0,7,34,32,96,10,9,4,1,2,0,2,6,1,3,1,5,1,1
28,2,9,1,0,90,7,93,12,71,55,3,4,1,4,4,1,2,1,1,4,1,2
28,2,9,1,1,90,93,34,40,69,93,3,1,1,7,1,1,2,1,3,3,3,1
32,1,15,1,0,82,9,46,52,24,82,3,6,6,1,1,3,5,1,5,2,2,5
32,1,15,1,1,9,82,13,42,82,87,6,3,6,2,3,1,1,5,4,1,5,1
3,0,13,0,1,12,82,10,79,23,3,4,3,2,4,3,4,4,5,1,1,4,1
22,6,1,4,1,81,13,9,54,52,89,3,6,6,0,1,7,3,4,1,1,2,6
22,6,1,4,1,81,13,9,25,89,29,3,6,6,1,7,0,3,4,1,2,6,5
22,6,1,4,0,27,81,15,9,81,25,5,3,1,6,3,1,3,3,3,1,3,2
22,6,1,4,0,50,27,81,45,34,9,0,5,3,6,1,6,3,3,3,1,3,1
22,6,1,4,0,27,81,89,81,13,89,5,3,7,3,6,7,3,3,6,3,4,6
22,6,1,4,0,89,88,26,27,81,89,7,3,6,5,3,7,6,0,5,3,3,6
22,6,1,4,1,27,81,89,66,89,9,5,3,7,1,7,6,3,3,6,3,6,1
4,7,2,5,1,53,79,12,6,12,61,5,4,4,4,4,4,2,1,4,1,4,1
4,7,2,5,1,61,11,79,81,6,12,4,4,4,3,4,4,1,1,1,3,1,4
4,7,2,5,1,81,6,12,16,25,96,3,4,4,5,1,0,3,1,4,3,2,5
4,7,2,5,0,6,12,14,78,13,53,4,4,6,7,6,5,1,4,3,2,4,2
4,7,2,5,0,16,69,56,6,53,14,5,1,1,4,5,6,3,3,3,1,2,3
4,7,2,5,0,6,53,14,89,34,32,4,5,6,7,1,2,1,2,3,6,3,1
4,7,2,5,0,79,93,90,6,12,14,4,1,3,4,4,6,1,1,2,1,4,3
4,7,2,5,1,6,12,14,13,55,19,4,4,6,6,1,3,1,4,3,4,2,2
23,5,8,3,1,13,89,9,26,89,72,6,7,6,6,7,3,4,6,1,5,6,4
23,5,8,3,0,32,74,13,72,89,26,2,2,6,3,7,6,1,3,4,4,6,5
23,5,8,3,1,32,74,13,79,81,66,2,2,6,4,3,1,1,3,4,1,3,3
23,5,8,3,1,72,13,9,20,32,25,3,6,6,3,2,1,4,4,1,3,1,2
23,5,8,3,1,23,13,65,32,20,25,3,6,1,2,3,1,4,4,3,1,3,2
23,5,8,3,0,25,23,29,32,20,25,1,3,0,2,3,1,2,4,5,1,3,2
23,5,8,3,0,32,20,25,25,17,65,2,3,1,1,3,1,1,3,2,2,5,3
32,1,15,1,0,51,82,52,19,46,80,7,3,1,3,6,5,6,5,2,2,5,4
32,1,15,1,0,89,19,31,24,31,9,7,3,6,1,6,6,6,2,4,2,4,1
32,1,15,1,1,82,72,31,42,80,9,3,3,6,2,5,6,5,4,4,1,4,1
32,1,15,1,0,56,13,27,77,13,31,1,6,5,0,6,6,3,4,3,5,4,4
32,1,15,1,1,52,88,69,24,69,82,1,3,1,1,1,3,2,0,3,2,3,5
32,1,15,1,1,27,19,88,82,27,22,5,3,3,3,5,3,3,2,0,5,3,1
29,1,4,1,0,82,69,94,16,32,89,3,1,3,5,2,7,5,3,2,3,1,6
29,1,4,1,0,25,69,42,16,32,89,1,1,2,5,2,7,2,3,1,3,1,6
29,1,4,1,1,19,89,32,9,82,89,3,7,2,6,3,7,2,6,1,1,5,6
29,1,4,1,1,19,89,32,2,23,69,3,7,2,2,3,1,2,6,1,2,4,3
29,1,4,1,0,23,9,13,32,89,19,3,6,6,2,7,3,4,1,4,1,6,2
29,1,4,1,1,32,19,89,15,24,74,2,3,7,1,1,2,1,2,6,3,2,3
29,1,4,1,1,32,19,89,13,46,89,2,3,7,6,6,7,1,2,6,4,5,6
29,1,4,1,0,32,19,89,56,9,82,2,3,7,1,6,3,1,2,6,3,1,5
29,1,4,1,1,32,19,89,96,89,17,2,3,7,0,7,3,1,2,6,5,6,5
29,1,4,1,0,52,82,27,32,19,89,1,3,5,2,3,7,2,5,3,1,2,6
29,1,4,1,1,19,32,89,15,9,72,3,2,7,1,6,3,2,1,6,3,1,4
29,1,4,1,0,55,13,24,32,19,89,1,6,1,2,3,7,2,4,2,1,2,6
29,1,4,1,0,9,34,65,32,19,89,6,1,1,2,3,7,1,3,3,1,2,6
29,1,4,1,0,86,25,64,19,32,89,2,1,6,3,2,7,2,2,2,2,1,6
29,1,4,1,0,69,13,19,32,19,89,1,6,3,2,3,7,3,4,2,1,2,6
29,1,4,1,0,32,82,41,32,19,89,2,3,5,2,3,7,1,5,3,1,2,6
29,1,4,1,1,32,52,89,32,13,89,2,1,7,2,6,7,1,2,6,1,4,6
4,7,2,5,1,29,23,55,27,38,48,0,3,1,5,2,4,5,4,2,3,3,3
4,7,2,5,1,89,55,12,27,38,48,7,1,4,5,2,4,6,2,4,3,3,3
4,7,2,5,0,56,53,69,27,48,38,1,5,1,5,4,2,3,2,3,3,3,3
4,7,2,5,0,25,70,79,27,38,48,1,2,4,5,2,4,2,3,1,3,3,3
4,7,2,5,1,27,48,38,70,25,61,5,4,2,2,1,4,3,3,3,3,2,1
4,7,2,5,1,89,25,34,38,48,27,7,1,1,2,4,5,6,2,3,3,3,3
4,7,2,5,0,27,38,48,53,25,63,5,2,4,5,1,7,3,3,3,2,2,1
4,7,2,5,1,27,38,48,55,25,79,5,2,4,1,1,4,3,3,3,2,2,1
4,7,2,5,0,27,38,48,44,16,14,5,2,4,5,5,6,3,3,3,5,3,3
4,7,2,5,0,94,12,92,27,38,48,3,4,2,5,2,4,2,4,3,3,3,3
4,7,2,5,0,92,10,67,27,38,48,2,2,7,5,2,4,3,1,3,3,3,3
4,7,2,5,1,27,38,48,89,66,48,5,2,4,7,1,4,3,3,3,6,3,3
4,7,2,5,1,27,38,48,30,90,85,5,2,4,1,3,1,3,3,3,1,2,1
4,7,2,5,0,55,78,89,27,38,48,1,7,7,5,2,4,2,2,6,3,3,3
4,7,2,5,1,79,78,19,27,38,48,4,7,3,5,2,4,1,2,2,3,3,3
4,7,2,5,1,27,38,48,25,16,55,5,2,4,1,5,1,3,3,3,2,3,2
4,7,2,5,0,9,17,3,27,38,48,6,3,4,5,2,4,1,5,1,3,3,3
4,7,2,5,1,27,38,48,70,89,25,5,2,4,2,7,1,3,3,3,3,6,2
4,7,2,5,1,27,38,48,48,99,27,5,2,4,4,7,5,3,3,3,3,3,3
4,7,2,5,0,32,89,79,27,38,48,2,7,4,5,2,4,1,6,1,3,3,3
4,7,2,5,0,43,12,55,27,38,48,0,4,1,5,2,4,1,4,2,3,3,3
4,7,2,5,1,27,38,48,55,25,32,5,2,4,1,1,2,3,3,3,2,2,1
4,7,2,5,0,23,74,70,27,38,48,3,2,2,5,2,4,4,3,3,3,3,3
4,7,2,5,1,27,38,48,61,55,27,5,2,4,4,1,5,3,3,3,1,2,3
4,7,2,5,1,27,38,48,32,78,44,5,2,4,2,7,5,3,3,3,1,2,5
4,7,2,5,1,82,56,43,92,71,41,3,1,0,2,4,5,5,3,1,3,1,3
4,7,2,5,0,71,41,79,89,49,60,4,5,4,7,2,4,1,3,1,6,5,1
4,7,2,5,1,16,78,89,71,3,41,5,7,7,4,4,5,3,2,6,1,1,3
4,7,2,5,1,3,71,41,38,13,61,4,4,5,2,6,4,1,1,3,3,4,1
4,7,2,5,1,3,41,71,29,55,43,4,5,4,0,1,0,1,3,1,5,2,1
4,7,2,5,1,71,41,3,89,15,78,4,5,4,7,1,7,1,3,1,6,3,2
4,7,2,5,1,90,55,89,41,71,3,3,1,7,5,4,4,2,2,6,3,1,1
4,7,2,5,1,3,71,41,82,61,43,4,4,5,3,4,0,1,1,3,5,1,1
4,7,2,5,1,3,71,41,55,12,53,4,4,5,1,4,5,1,1,3,2,4,2
4,7,2,5,0,79,96,93,71,3,41,4,0,1,4,4,5,1,5,1,1,1,3
4,7,2,5,0,43,25,7,66,93,79,0,1,4,1,1,4,1,2,1,3,1,1
4,7,2,5,0,93,79,88,25,7,12,1,4,3,1,4,4,1,1,0,2,1,4
4,7,2,5,0,94,23,7,25,7,42,3,3,4,1,4,2,2,4,1,2,1,1
4,7,2,5,0,48,94,44,25,7,22,4,3,5,1,4,3,3,2,5,2,1,1
4,7,2,5,1,25,7,93,53,94,9,1,4,1,5,3,6,2,1,1,2,2,1
4,7,2,5,1,25,7,89,56,82,70,1,4,7,1,3,2,2,1,6,3,5,3
4,7,2,5,1,79,32,25,25,7,96,4,2,1,1,4,0,1,1,2,2,1,5
4,7,2,5,0,98,82,94,71,25,7,2,3,3,4,1,4,3,5,2,1,2,1
4,7,2,5,0,82,44,43,25,7,66,3,5,0,1,4,1,5,5,1,2,1,3
7,4,10,2,0,6,27,25,32,9,13,4,5,1,2,6,6,1,3,2,1,1,4
11,1,15,1,1,13,9,96,82,95,29,6,6,0,3,3,0,4,1,5,5,3,5
7,4,10,2,0,25,13,1,13,32,9,1,6,7,6,2,6,2,4,3,4,1,1
7,4,10,2,0,13,9,89,89,10,9,6,6,7,7,2,6,4,1,6,6,1,1
7,4,10,2,0,90,21,83,89,9,13,3,3,6,7,6,6,2,3,4,6,1,4
8,6,13,4,1,13,9,89,9,32,36,6,6,7,6,2,6,4,1,6,1,1,1
21,7,14,5,1,40,69,23,53,55,96,7,1,3,5,1,0,3,3,4,2,2,5
21,7,14,5,1,40,69,23,79,17,6,7,1,3,4,3,4,3,3,4,1,5,1
21,7,14,5,0,79,93,84,40,69,23,4,1,5,7,1,3,1,1,3,3,3,4
21,7,14,5,1,40,69,23,6,55,61,7,1,3,4,1,4,3,3,4,1,2,1
21,7,14,5,1,69,10,29,40,69,90,1,2,0,7,1,3,3,1,5,3,3,2
21,7,14,5,1,55,69,12,40,69,33,1,1,4,7,1,3,2,3,4,3,3,3
21,7,14,5,0,40,69,79,25,76,69,7,1,4,1,3,1,3,3,1,2,1,3
21,7,14,5,1,40,69,9,76,90,16,7,1,6,3,3,5,3,3,1,1,2,3
21,7,14,5,0,40,69,66,56,79,61,7,1,1,1,4,4,3,3,3,3,1,1
21,7,14,5,1,69,40,55,30,61,89,1,7,1,1,4,7,3,3,2,1,1,6
32,1,15,1,1,82,90,13,13,9,31,3,3,6,6,6,6,5,2,4,4,1,4
32,1,15,1,1,58,14,82,5,17,82,2,6,3,0,3,3,3,3,5,4,5,5
32,1,15,1,0,31,26,13,82,31,88,6,6,6,3,6,3,4,5,4,5,4,0
32,1,15,1,0,13,26,82,62,29,31,6,6,3,5,0,6,4,5,5,3,5,4
32,1,15,1,1,31,96,25,9,30,23,6,0,1,6,1,3,4,5,2,1,1,4
32,1,15,1,1,36,32,31,31,69,46,6,2,6,6,1,6,1,1,4,4,3,5
32,1,15,1,1,31,9,13,80,85,13,6,6,6,5,1,6,4,1,4,4,1,4
32,1,15,1,1,80,31,14,42,59,31,5,6,6,2,3,6,4,4,3,1,3,4
32,1,15,1,0,31,52,88,82,89,27,6,1,3,3,7,5,4,2,0,5,6,3
32,1,15,1,1,13,19,32,31,13,24,6,3,2,6,6,1,4,2,1,4,4,2
32,1,15,1,0,13,31,9,13,94,9,6,6,6,6,3,6,4,4,1,4,2,1
32,1,15,1,0,36,29,13,22,88,31,6,0,6,3,3,6,1,5,4,1,0,4
1,1,15,1,0,85,29,63,86,90,67,1,0,7,2,3,7,1,5,1,2,2,3
7,4,10,2,1,13,9,96,69,9,89,6,6,0,1,6,7,4,1,5,3,1,6
7,4,10,2,1,13,9,49,24,95,13,6,6,2,1,3,6,4,1,5,2,3,4
11,1,15,1,1,40,89,13,13,25,78,7,7,6,6,1,7,3,6,4,4,2,2
11,1,15,1,0,25,89,74,9,89,13,1,7,2,6,7,6,2,6,3,1,6,4
8,6,13,4,1,9,77,89,89,17,9,6,0,7,7,3,6,1,5,6,6,5,1
32,1,15,1,1,82,9,68,36,9,80,3,6,3,6,6,5,5,1,3,1,1,4
32,1,15,1,1,36,80,9,13,9,82,6,5,6,6,6,3,1,4,1,4,1,5
32,1,15,1,1,36,80,9,27,9,43,6,5,6,5,6,0,1,4,1,3,1,1
32,1,15,1,0,82,9,13,80,9,36,3,6,6,5,6,6,5,1,4,4,1,1
32,1,15,1,0,36,80,9,13,9,34,6,5,6,6,6,1,1,4,1,4,1,3
29,1,4,1,0,80,34,13,13,42,89,5,1,6,6,2,7,4,3,4,4,1,6
29,1,4,1,1,69,89,26,80,34,13,1,7,6,5,1,6,3,6,5,4,3,4
29,1,4,1,1,80,34,13,89,13,55,5,1,6,7,6,1,4,3,4,6,4,2
29,1,4,1,1,13,34,80,49,23,89,6,1,5,2,3,7,4,3,4,5,4,6
29,1,4,1,1,9,13,36,80,34,13,6,6,6,5,1,6,1,4,1,4,3,4
29,1,4,1,1,80,34,13,89,82,69,5,1,6,7,3,1,4,3,4,6,5,3
13,7,1,5,0,27,14,83,64,23,89,5,6,6,6,3,7,3,3,4,2,4,6
13,7,1,5,1,27,14,83,53,3,90,5,6,6,5,4,3,3,3,4,2,1,2
13,7,1,5,1,27,14,83,55,13,89,5,6,6,1,6,7,3,3,4,2,4,6
13,7,1,5,0,27,14,83,43,9,25,5,6,6,0,6,1,3,3,4,1,1,2
13,7,1,5,1,89,0,99,27,14,83,7,3,7,5,6,6,6,5,3,3,3,4
13,7,1,5,0,32,59,89,27,14,83,2,3,7,5,6,6,1,3,6,3,3,4
13,7,1,5,0,55,89,79,27,14,83,1,7,4,5,6,6,2,6,1,3,3,4
13,7,1,5,1,27,14,83,89,56,55,5,6,6,7,1,1,3,3,4,6,3,2
13,7,1,5,1,27,14,83,9,13,16,5,6,6,6,6,5,3,3,4,1,4,3
13,7,1,5,0,9,32,27,27,14,83,6,2,5,5,6,6,1,1,3,3,3,4
13,7,1,5,0,10,25,98,27,14,83,2,1,2,5,6,6,1,2,3,3,3,4
13,7,1,5,0,25,87,60,27,14,83,1,1,4,5,6,6,2,1,1,3,3,4
23,5,8,3,0,24,51,59,65,89,23,1,7,3,1,7,3,2,6,3,3,6,4
23,5,8,3,1,13,82,89,13,24,9,6,3,7,6,1,6,4,5,6,4,2,1
34,9,16,3,1,57,77,32,66,31,89,3,0,2,1,6,7,1,5,1,3,4,6
34,9,16,3,0,9,49,13,57,77,13,6,2,6,3,0,6,1,5,4,1,5,4
34,9,16,3,0,13,32,66,23,90,68,6,2,1,3,3,3,4,1,3,4,2,3
34,9,16,3,1,32,23,4,65,82,49,2,3,6,1,3,2,1,4,1,3,5,5
34,9,16,3,0,8,66,9,23,66,96,5,1,6,3,1,0,1,3,1,4,3,5
34,9,16,3,0,36,30,23,72,77,23,6,1,3,3,0,3,1,1,4,4,5,4
34,9,16,3,0,30,23,72,77,81,90,1,3,3,0,3,3,1,4,4,5,3,2
34,9,16,3,0,72,76,13,72,23,30,3,3,6,3,3,1,4,1,4,4,4,1
4,7,2,5,1,69,23,25,50,70,89,1,3,1,0,2,7,3,4,2,3,3,6
4,7,2,5,1,70,50,0,67,12,89,2,0,3,7,4,7,3,3,5,3,4,6
4,7,2,5,1,23,25,82,23,12,29,3,1,3,3,4,0,4,2,5,4,4,5
13,7,1,5,0,16,90,27,69,27,38,5,3,5,1,5,2,3,2,3,3,3,3
13,7,1,5,0,41,27,26,55,89,27,5,5,6,1,7,5,3,3,5,2,6,3
13,7,1,5,1,81,9,43,41,26,27,3,6,0,5,6,5,3,1,1,3,5,3
13,7,1,5,0,69,30,92,26,96,27,1,1,2,6,0,5,3,1,3,5,5,3
13,7,1,5,1,26,27,96,44,35,36,6,5,0,5,7,6,5,3,5,5,3,1
13,7,1,5,0,12,15,31,96,26,27,4,1,6,0,6,5,4,3,4,5,5,3
13,7,1,5,0,55,26,27,89,12,44,1,6,5,7,4,5,2,5,3,6,4,5
13,7,1,5,1,55,26,27,13,60,74,1,6,5,6,4,2,2,5,3,4,1,3
13,7,1,5,0,55,26,27,25,82,30,1,6,5,1,3,1,2,5,3,2,5,1
19,1,4,1,0,65,77,23,9,89,34,1,0,3,6,7,1,3,5,4,1,6,3
19,1,4,1,1,89,29,25,65,23,26,7,0,1,1,3,6,6,5,2,3,4,5
19,1,4,1,0,52,34,69,65,26,23,1,1,1,1,6,3,2,3,3,3,5,4
19,1,4,1,1,26,67,23,22,54,82,6,7,3,3,0,3,5,3,4,1,1,5
19,1,4,1,1,89,13,16,26,67,23,7,6,5,6,7,3,6,4,3,5,3,4
19,1,4,1,0,22,9,23,26,67,23,3,6,3,6,7,3,1,1,4,5,3,4
19,1,4,1,1,26,67,23,25,13,9,6,7,3,1,6,6,5,3,4,2,4,1
19,1,4,1,0,67,26,23,55,97,93,7,6,3,1,7,1,3,5,4,2,1,1
4,7,2,5,1,66,17,47,50,34,6,1,3,7,0,1,4,3,5,3,3,3,1
4,7,2,5,1,6,9,47,41,31,72,4,6,7,5,6,3,1,1,3,3,4,4
4,7,2,5,1,56,61,43,50,47,79,1,4,0,0,7,4,3,1,1,3,3,1
32,1,15,1,1,82,9,13,13,47,9,3,6,6,6,7,6,5,1,4,4,3,1
32,1,15,1,0,94,58,95,88,82,78,3,2,3,3,3,7,2,3,3,0,5,2
32,1,15,1,0,78,94,9,81,4,73,7,3,6,3,6,7,2,2,1,3,1,3
32,1,15,1,1,82,78,23,82,25,13,3,7,3,3,1,6,5,2,4,5,2,4
32,1,15,1,0,45,27,78,39,13,94,6,5,7,7,6,3,1,3,2,3,4,2
4,7,2,5,1,56,53,6,70,90,56,1,5,4,2,3,1,3,2,1,3,2,3
4,7,2,5,0,10,9,24,74,12,6,2,6,1,2,4,4,1,1,2,3,4,1
4,7,2,5,0,80,15,27,6,69,25,5,1,5,4,1,1,4,3,3,1,3,2
4,7,2,5,1,79,16,19,17,41,79,4,5,3,3,5,4,1,3,2,5,3,1
4,7,2,5,0,32,37,79,53,79,16,2,2,4,5,4,5,1,1,1,2,1,3
4,7,2,5,0,26,56,66,16,25,30,6,1,1,5,1,1,5,3,3,3,2,1
4,7,2,5,0,79,70,16,79,43,74,4,2,5,4,0,2,1,3,3,1,1,3
4,7,2,5,0,25,44,89,79,70,16,1,5,7,4,2,5,2,5,6,1,3,3
4,7,2,5,0,23,92,16,25,23,6,3,2,5,1,3,4,4,3,3,2,4,1
32,1,15,1,1,82,19,16,12,14,55,3,3,5,4,6,1,5,2,3,4,3,2
32,1,15,1,1,90,27,13,36,94,16,3,5,6,6,3,5,2,3,4,1,2,3
32,1,15,1,0,96,25,69,94,13,9,0,1,1,3,6,6,5,2,3,2,4,1
32,1,15,1,0,17,82,65,94,13,9,3,3,1,3,6,6,5,5,3,2,4,1
32,1,15,1,0,94,88,13,94,9,13,3,3,6,3,6,6,2,0,4,2,1,4
32,1,15,1,1,82,24,9,94,27,9,3,1,6,3,5,6,5,2,1,2,3,1
32,1,15,1,1,27,94,29,85,94,81,5,3,0,1,3,3,3,2,5,1,2,3
32,1,15,1,0,88,9,94,58,9,31,3,6,3,2,6,6,0,1,2,3,1,4
22,6,1,4,0,9,27,32,81,52,87,6,5,2,3,1,1,1,3,1,3,2,1
22,6,1,4,0,97,55,81,9,12,89,7,1,3,6,4,7,1,2,3,1,4,6
22,6,1,4,1,81,63,29,12,83,44,3,7,0,4,6,5,3,1,5,4,4,5
22,6,1,4,1,97,24,50,81,24,8,7,1,0,3,1,5,1,2,3,3,2,1
22,6,1,4,0,54,81,46,29,52,9,0,3,6,0,1,6,1,3,5,5,2,1
22,6,1,4,1,15,27,9,87,81,52,1,5,6,1,3,1,3,3,1,1,3,2
22,6,1,4,0,15,27,13,81,54,89,1,5,6,3,0,7,3,3,4,3,1,6
32,1,15,1,0,25,9,13,25,9,89,1,6,6,1,6,7,2,1,4,2,1,6
32,1,15,1,1,25,9,13,19,9,27,1,6,6,3,6,5,2,1,4,2,1,3
32,1,15,1,0,25,9,13,89,9,23,1,6,6,7,6,3,2,1,4,6,1,4
32,1,15,1,0,89,25,9,9,13,25,7,1,6,6,6,1,6,2,1,1,4,2
32,1,15,1,0,9,13,89,9,25,13,6,6,7,6,1,6,1,4,6,1,2,4
32,1,15,1,0,73,95,9,13,25,82,7,3,6,6,1,3,3,3,1,4,2,5
32,1,15,1,0,9,15,34,13,31,9,6,1,1,6,6,6,1,3,3,4,4,1
32,1,15,1,0,82,25,89,82,36,9,3,1,7,3,6,6,5,2,6,5,1,1
4,7,2,5,0,53,56,89,89,7,79,5,1,7,7,4,4,2,3,6,6,1,1
4,7,2,5,0,34,15,89,79,12,89,1,1,7,4,4,7,3,3,6,1,4,6
4,7,2,5,1,12,66,90,91,89,79,4,1,3,0,7,4,4,3,2,3,6,1
4,7,2,5,1,70,89,79,79,55,69,2,7,4,4,1,1,3,6,1,1,2,3
4,7,2,5,1,34,53,27,79,69,32,1,5,5,4,1,2,3,2,3,1,3,1
4,7,2,5,0,41,82,79,37,32,38,5,3,4,2,2,2,3,5,1,1,1,3
4,7,2,5,0,43,13,25,12,55,79,0,6,1,4,1,4,1,4,2,4,2,1
4,7,2,5,1,27,25,66,61,79,83,5,1,1,4,4,6,3,2,3,1,1,4
4,7,2,5,1,68,79,6,30,6,79,3,4,4,1,4,4,3,1,1,1,1,1
4,7,2,5,1,79,11,82,2,78,80,4,4,3,2,7,5,1,1,5,2,2,4
4,7,2,5,1,40,25,79,32,53,25,7,1,4,2,5,1,3,2,1,1,2,2
4,7,2,5,1,63,23,79,69,44,23,7,3,4,1,5,3,1,4,1,3,5,4
4,7,2,5,1,55,41,23,79,55,34,1,5,3,4,1,1,2,3,4,1,2,3
4,7,2,5,0,2,24,79,53,43,67,2,1,4,5,0,7,2,2,1,2,1,3
4,7,2,5,1,19,79,56,55,53,92,3,4,1,1,5,2,2,1,3,2,2,3
4,7,2,5,0,30,55,13,56,79,55,1,1,6,1,4,1,1,2,4,3,1,2
2,3,0,1,1,67,25,54,25,69,17,7,1,0,1,1,3,3,2,1,2,3,5
2,3,0,1,0,69,9,37,25,54,67,1,6,2,1,0,7,3,1,1,2,1,3
2,3,0,1,0,41,9,87,25,67,54,5,6,1,1,7,0,3,1,1,2,3,1
2,3,0,1,0,25,67,54,69,15,23,1,7,0,1,1,3,2,3,1,3,3,4
2,3,0,1,1,31,67,54,69,52,9,6,7,0,1,1,6,4,3,1,3,2,1
2,3,0,1,1,31,54,67,96,89,58,6,0,7,0,7,2,4,1,3,5,6,3
2,3,0,1,0,13,74,98,31,67,54,6,2,2,6,7,0,4,3,3,4,3,1
2,3,0,1,0,65,29,37,31,54,67,1,0,2,6,0,7,3,5,1,4,1,3
2,3,0,1,0,67,54,31,9,93,69,7,0,6,6,1,1,3,1,4,1,1,3
2,3,0,1,0,82,13,89,31,54,67,3,6,7,6,0,7,5,4,6,4,1,3
2,3,0,1,1,9,21,69,67,31,54,6,3,1,7,6,0,1,3,3,3,4,1
2,3,0,1,1,31,67,54,36,26,9,6,7,0,6,6,6,4,3,1,1,5,1
2,3,0,1,1,31,67,54,69,34,82,6,7,0,1,1,3,4,3,1,3,3,5
2,3,0,1,1,31,67,54,93,9,82,6,7,0,1,6,3,4,3,1,1,1,5
2,3,0,1,0,9,32,34,31,67,54,6,2,1,6,7,0,1,1,3,4,3,1
2,3,0,1,0,67,54,31,32,9,69,7,0,6,2,6,1,3,1,4,1,1,3
2,3,0,1,1,31,67,54,25,69,36,6,7,0,1,1,6,4,3,1,2,3,1
2,3,0,1,1,31,67,54,9,13,40,6,7,0,6,6,7,4,3,1,1,4,3
2,3,0,1,0,97,69,25,67,54,31,7,1,1,7,0,6,1,3,2,3,1,4
2,3,0,1,0,19,9,18,54,67,31,3,6,2,0,7,6,2,1,3,1,3,4
32,1,15,1,1,54,13,9,52,19,25,0,6,6,1,3,1,1,4,1,2,2,2
2,3,0,1,0,69,25,15,69,7,96,1,1,1,1,4,0,3,2,3,3,1,5
2,3,0,1,1,9,89,58,65,99,78,6,7,2,1,7,7,1,6,3,3,3,2
2,3,0,1,1,69,36,78,5,31,10,1,6,7,0,6,2,3,1,2,4,4,1
33,3,0,1,0,9,78,68,25,82,13,6,7,3,1,3,6,1,2,3,2,5,4
13,7,1,5,1,82,23,76,27,1,16,3,3,3,5,7,5,5,4,1,3,3,3
13,7,1,5,1,1,27,16,77,88,75,7,5,5,0,3,5,3,3,3,5,0,1
32,1,15,1,1,82,89,9,23,88,17,3,7,6,3,3,3,5,6,1,4,0,5
32,1,15,1,0,23,88,82,36,82,9,3,3,3,6,3,6,4,0,5,1,5,1
32,1,15,1,1,23,9,32,82,9,89,3,6,2,3,6,7,4,1,1,5,1,6
32,1,15,1,1,23,9,13,13,13,89,3,6,6,6,6,7,4,1,4,4,4,6
32,1,15,1,0,9,82,13,13,23,89,6,3,6,6,3,7,1,5,4,4,4,6
32,1,15,1,1,89,82,9,69,67,23,7,3,6,1,7,3,6,5,1,3,3,4
32,1,15,1,1,52,23,27,1,5,83,1,3,5,7,0,6,2,4,3,3,4,4
32,1,15,1,1,23,52,82,52,89,82,3,1,3,1,7,3,4,2,5,2,6,5
32,1,15,1,1,9,23,52,69,13,31,6,3,1,1,6,6,1,4,2,3,4,4
32,1,15,1,1,52,23,13,19,82,60,1,3,6,3,3,4,2,4,4,2,5,1
32,1,15,1,0,24,25,95,13,65,23,1,1,3,6,1,3,2,2,3,4,3,4
32,1,15,1,1,89,23,65,9,29,95,7,3,1,6,0,3,6,4,3,1,5,3
22,6,1,4,0,23,65,52,24,9,49,3,1,1,1,6,2,4,3,2,2,1,5
22,6,1,4,1,9,13,99,35,10,56,6,6,7,7,2,1,1,4,3,3,1,3
22,6,1,4,1,87,9,65,15,9,69,1,6,1,1,6,1,1,1,3,3,1,3
29,1,4,1,1,25,69,13,25,45,23,1,1,6,1,6,3,2,3,4,2,1,4
29,1,4,1,0,13,89,9,69,25,13,6,7,6,1,1,6,4,6,1,3,2,4
4,7,2,5,1,92,56,82,99,3,25,2,1,3,7,4,1,3,3,5,3,1,2
4,7,2,5,0,82,92,56,77,34,30,3,2,1,0,1,1,5,3,3,5,3,1
4,7,2,5,0,30,10,66,82,56,92,1,2,1,3,1,2,1,1,3,5,3,3
4,7,2,5,0,61,30,12,82,56,92,4,1,4,3,1,2,1,1,4,5,3,3
4,7,2,5,0,12,92,69,92,56,82,4,2,1,2,1,3,4,3,3,3,3,5
4,7,2,5,1,92,69,61,15,93,92,2,1,4,1,1,2,3,3,1,3,1,3
4,7,2,5,1,92,30,25,34,27,76,2,1,1,1,5,3,3,1,2,3,3,1
4,7,2,5,1,92,38,85,44,88,80,2,2,1,5,3,5,3,3,1,5,0,4
4,7,2,5,1,71,56,30,92,82,61,4,1,1,2,3,4,1,3,1,3,5,1
4,7,2,5,0,92,23,61,38,71,55,2,3,4,2,4,1,3,4,1,3,1,2
4,7,2,5,1,89,41,43,92,89,82,7,5,0,2,7,3,6,3,1,3,6,5
4,7,2,5,0,12,84,61,22,36,92,4,5,4,3,6,2,4,3,1,1,1,3
4,7,2,5,0,14,92,90,43,79,96,6,2,3,0,4,0,3,3,2,1,1,5
4,7,2,5,1,79,55,77,14,30,92,4,1,0,6,1,2,1,2,5,3,1,3
4,7,2,5,0,79,12,29,92,25,68,4,4,0,2,1,3,1,4,5,3,2,3
4,7,2,5,1,92,25,68,12,53,60,2,1,3,4,5,4,3,2,3,4,2,1
4,7,2,5,0,29,92,79,79,61,10,0,2,4,4,4,2,5,3,1,1,1,1
4,7,2,5,0,11,55,60,92,79,41,4,1,4,2,4,5,1,2,1,3,1,3
22,6,1,4,1,55,89,53,13,9,50,1,7,5,6,6,0,2,6,2,4,1,3
22,6,1,4,0,9,55,24,13,9,50,6,1,1,6,6,0,1,2,2,4,1,3
22,6,1,4,1,69,9,50,52,89,32,1,6,0,1,7,2,3,1,3,2,6,1
22,6,1,4,0,69,9,50,9,89,85,1,6,0,6,7,1,3,1,3,1,6,1
22,6,1,4,0,23,13,9,9,50,15,3,6,6,6,0,1,4,4,1,1,3,3
32,1,15,1,0,64,9,89,32,87,15,6,6,7,2,1,1,2,1,6,1,1,3
32,1,15,1,0,32,6,82,9,82,32,2,4,3,6,3,2,1,1,5,1,5,1
32,1,15,1,0,32,6,9,13,9,36,2,4,6,6,6,6,1,1,1,4,1,1
21,7,14,5,1,25,82,55,61,44,78,1,3,1,4,5,7,2,5,2,1,5,2
21,7,14,5,1,61,44,78,44,97,25,4,5,7,5,7,1,1,5,2,5,1,2
21,7,14,5,1,7,44,78,43,71,82,4,5,7,0,4,3,1,5,2,1,1,5
21,7,14,5,1,53,23,41,7,44,78,5,3,5,4,5,7,2,4,3,1,5,2
21,7,14,5,0,55,78,12,7,44,78,1,7,4,4,5,7,2,2,4,1,5,2
21,7,14,5,1,7,44,78,9,7,89,4,5,7,6,4,7,1,5,2,1,1,6
21,7,14,5,0,23,61,3,7,44,78,3,4,4,4,5,7,4,1,1,1,5,2
32,1,15,1,1,89,13,16,25,45,13,7,6,5,1,6,6,6,4,3,2,1,4
32,1,15,1,1,29,9,13,13,45,19,0,6,6,6,6,3,5,1,4,4,1,2
32,1,15,1,1,45,13,9,13,9,89,6,6,6,6,6,7,1,4,1,4,1,6
32,1,15,1,1,23,90,36,45,13,9,3,3,6,6,6,6,4,2,1,1,4,1
32,1,15,1,1,13,82,9,13,45,82,6,3,6,6,6,3,4,5,1,4,1,5
32,1,15,1,1,45,13,34,25,82,13,6,6,1,1,3,6,1,4,3,2,5,4
32,1,15,1,0,82,9,13,89,45,13,3,6,6,7,6,6,5,1,4,6,1,4
29,1,4,1,0,9,99,25,60,29,9,6,7,1,4,0,6,1,3,2,1,5,1
29,1,4,1,1,49,23,9,9,89,25,2,3,6,6,7,1,5,4,1,1,6,2
29,1,4,1,0,9,13,89,9,89,25,6,6,7,6,7,1,1,4,6,1,6,2
29,1,4,1,0,89,69,9,9,89,25,7,1,6,6,7,1,6,3,1,1,6,2
29,1,4,1,0,23,9,74,95,89,25,3,6,2,3,7,1,4,1,3,3,6,2
29,1,4,1,0,82,89,13,89,25,95,3,7,6,7,1,3,5,6,4,6,2,3
29,1,4,1,1,95,89,25,58,13,69,3,7,1,2,6,1,3,6,2,3,4,3
29,1,4,1,0,95,89,25,36,82,9,3,7,1,6,3,6,3,6,2,1,5,1
29,1,4,1,1,95,89,25,13,34,9,3,7,1,6,1,6,3,6,2,4,3,1
29,1,4,1,0,13,89,9,95,91,25,6,7,6,3,0,1,4,6,1,3,3,2
29,1,4,1,1,95,27,25,89,93,36,3,5,1,7,1,6,3,3,2,6,1,1
29,1,4,1,1,22,13,32,23,82,32,3,6,2,3,3,2,1,4,1,4,5,1
29,1,4,1,0,13,32,9,13,22,32,6,2,6,6,3,2,4,1,1,4,1,1
29,1,4,1,1,82,9,34,67,9,39,3,6,1,7,6,7,5,1,3,3,1,3
29,1,4,1,1,67,9,39,69,82,9,7,6,7,1,3,6,3,1,3,3,5,1
13,7,1,5,0,95,38,12,83,27,14,3,2,4,6,5,6,3,3,4,4,3,3
13,7,1,5,0,32,92,9,12,95,38,2,2,6,4,3,2,1,3,1,4,3,3
32,1,15,1,1,82,9,13,9,82,89,3,6,6,6,3,7,5,1,4,1,5,6
32,1,15,1,0,69,9,13,13,82,9,1,6,6,6,3,6,3,1,4,4,5,1
32,1,15,1,1,13,82,9,55,9,82,6,3,6,1,6,3,4,5,1,2,1,5
32,1,15,1,1,13,82,9,78,9,82,6,3,6,7,6,3,4,5,1,2,1,5
32,1,15,1,0,90,74,36,9,6,82,3,2,6,6,4,3,2,3,1,1,1,5
32,1,15,1,1,69,93,9,82,9,6,1,1,6,3,6,4,3,1,1,5,1,1
32,1,15,1,0,89,82,72,82,9,6,7,3,3,3,6,4,6,5,4,5,1,1
32,1,15,1,1,88,13,82,82,9,6,3,6,3,3,6,4,0,4,5,5,1,1
32,1,15,1,1,82,9,6,9,90,89,3,6,4,6,3,7,5,1,1,1,2,6
32,1,15,1,0,9,62,89,9,6,82,6,5,7,6,4,3,1,3,6,1,1,5
32,1,15,1,1,82,6,9,95,82,9,3,4,6,3,3,6,5,1,1,3,5,1
32,1,15,1,1,29,89,13,10,13,19,0,7,6,2,6,3,5,6,4,1,4,2
32,1,15,1,0,10,9,13,65,82,9,2,6,6,1,3,6,1,1,4,3,5,1
32,1,15,1,0,9,27,32,9,13,23,6,5,2,6,6,3,1,3,1,1,4,4
32,1,15,1,0,9,27,81,9,13,82,6,5,3,6,6,3,1,3,3,1,4,5
32,1,15,1,0,10,5,25,69,89,27,2,0,1,1,7,5,1,4,2,3,6,3
32,1,15,1,1,9,82,27,13,34,9,6,3,5,6,1,6,1,5,3,4,3,1
32,1,15,1,0,82,55,52,82,42,27,3,1,1,3,2,5,5,2,2,5,1,3
23,5,8,3,1,66,51,60,78,5,52,1,7,4,7,0,1,3,6,1,2,4,2
23,5,8,3,0,89,13,66,8,9,13,7,6,1,5,6,6,6,4,3,1,1,4
20,6,14,4,1,35,57,52,34,35,65,7,3,1,1,7,1,3,1,2,3,3,3
20,6,14,4,1,40,25,9,84,57,69,7,1,6,5,3,1,3,2,1,3,1,3
20,6,14,4,1,78,69,57,29,89,0,7,1,3,0,7,3,2,3,1,5,6,5
20,6,14,4,1,10,8,59,18,67,57,2,5,3,2,7,3,1,1,3,3,3,1
20,6,14,4,1,57,67,18,80,13,32,3,7,2,5,6,2,1,3,3,4,4,1
20,6,14,4,0,90,36,24,18,67,57,3,6,1,2,7,3,2,1,2,3,3,1
20,6,14,4,0,55,52,9,18,67,57,1,1,6,2,7,3,2,2,1,3,3,1
20,6,14,4,1,9,90,52,10,86,69,6,3,1,2,2,1,1,2,2,1,2,3
20,6,14,4,1,10,69,86,13,10,99,2,1,2,6,2,7,1,3,2,4,1,3
20,6,14,4,1,52,9,29,10,69,86,1,6,0,2,1,2,2,1,5,1,3,2
20,6,14,4,1,10,69,86,97,17,13,2,1,2,7,3,6,1,3,2,1,5,4
20,6,14,4,1,67,86,10,80,65,52,7,2,2,5,1,1,3,2,1,4,3,2
20,6,14,4,0,52,36,86,42,10,58,1,6,2,2,2,2,2,1,2,1,1,3
20,6,14,4,1,94,86,36,10,59,13,3,2,6,2,3,6,2,2,1,1,3,4
20,6,14,4,0,16,8,10,86,36,65,5,5,2,2,6,1,3,1,1,2,1,3
20,6,14,4,0,86,97,69,32,10,8,2,7,1,2,2,5,2,1,3,1,1,1
20,6,14,4,0,87,99,80,9,40,86,1,7,5,6,7,2,1,3,4,1,3,2
20,6,14,4,0,69,20,96,40,25,80,1,3,0,7,1,5,3,3,5,3,2,4
20,6,14,4,1,9,14,89,40,25,96,6,6,7,7,1,0,1,3,6,3,2,5
20,6,14,4,1,80,9,32,10,13,55,5,6,2,2,6,1,4,1,1,1,4,2
20,6,14,4,1,13,55,10,86,9,61,6,1,2,2,6,4,4,2,1,2,1,1
20,6,14,4,1,55,13,10,16,9,55,1,6,2,5,6,1,2,4,1,3,1,2
20,6,14,4,1,13,10,55,49,89,9,6,2,1,2,7,6,4,1,2,5,6,1
20,6,14,4,0,19,10,32,13,55,10,3,2,2,6,1,2,2,1,1,4,2,1
20,6,14,4,0,6,85,13,13,55,10,4,1,6,6,1,2,1,1,4,4,2,1
2,3,0,1,0,37,13,34,34,93,9,2,6,1,1,1,6,1,4,3,3,1,1
2,3,0,1,1,37,13,34,15,17,69,2,6,1,1,3,1,1,4,3,3,5,3
2,3,0,1,0,36,55,69,13,34,37,6,1,1,6,1,2,1,2,3,4,3,1
2,3,0,1,0,69,93,9,37,13,34,1,1,6,2,6,1,3,1,1,1,4,3
2,3,0,1,0,9,10,34,13,25,42,6,2,1,6,1,2,1,1,3,4,2,1
2,3,0,1,0,83,89,10,13,32,9,6,7,2,6,2,6,4,6,1,4,1,1
2,3,0,1,0,77,9,83,52,85,96,0,6,6,1,1,0,5,1,4,2,1,5
2,3,0,1,1,77,83,9,69,82,9,0,6,6,1,3,6,5,4,1,3,5,1
2,3,0,1,0,69,9,34,9,83,77,1,6,1,6,6,0,3,1,3,1,4,5
33,3,0,1,0,25,42,9,94,72,93,1,2,6,3,3,1,2,1,1,2,4,1
33,3,0,1,0,37,77,13,69,9,25,2,0,6,1,6,1,1,5,4,3,1,2
33,3,0,1,0,37,77,13,88,9,57,2,0,6,3,6,3,1,5,4,0,1,1
33,3,0,1,1,14,89,32,19,13,21,6,7,2,3,6,3,3,6,1,2,4,3
32,1,15,1,1,13,89,36,32,13,5,6,7,6,2,6,0,4,6,1,1,4,4
32,1,15,1,1,93,13,36,42,80,72,1,6,6,2,5,3,1,4,1,1,4,4
32,1,15,1,0,13,36,82,89,82,13,6,6,3,7,3,6,4,1,5,6,5,4
32,1,15,1,0,13,36,9,82,13,89,6,6,6,3,6,7,4,1,1,5,4,6
32,1,15,1,0,93,19,17,82,94,36,1,3,3,3,3,6,1,2,5,5,2,1
32,1,15,1,1,9,89,36,43,12,97,6,7,6,0,4,7,1,6,1,1,4,1
32,1,15,1,1,9,19,13,9,69,36,6,3,6,6,1,6,1,2,4,1,3,1
32,1,15,1,1,88,9,25,36,31,23,3,6,1,6,6,3,0,1,2,1,4,4
32,1,15,1,1,55,13,82,36,19,82,1,6,3,6,3,3,2,4,5,1,2,5
32,1,15,1,1,89,85,36,13,82,93,7,1,6,6,3,1,6,1,1,4,5,1
32,1,15,1,0,82,89,36,34,89,9,3,7,6,1,7,6,5,6,1,3,6,1
32,1,15,1,0,13,36,84,13,9,89,6,6,5,6,6,7,4,1,3,4,1,6
32,1,15,1,0,82,36,9,19,9,94,3,6,6,3,6,3,5,1,1,2,1,2
32,1,15,1,0,24,73,90,9,13,94,1,7,3,6,6,3,2,3,2,1,4,2
32,1,15,1,1,56,13,94,23,26,0,1,6,3,3,6,3,3,4,2,4,5,5
32,1,15,1,0,15,31,36,54,13,82,1,6,6,0,6,3,3,4,1,1,4,5
32,1,15,1,1,25,94,88,82,88,80,1,3,3,3,3,5,2,2,0,5,0,4
32,1,15,1,0,82,52,19,82,88,32,3,1,3,3,3,2,5,2,2,5,0,1
32,1,15,1,0,28,9,82,88,36,37,6,6,3,3,6,2,2,1,5,0,1,1
32,1,15,1,0,23,31,9,94,88,13,3,6,6,3,3,6,4,4,1,2,0,4
32,1,15,1,1,19,88,82,13,19,46,3,3,3,6,3,6,2,0,5,4,2,5
3,0,13,0,1,25,38,12,23,34,44,1,2,4,3,1,5,2,3,4,4,3,5
3,0,13,0,0,6,44,61,38,34,16,4,5,4,2,1,5,1,5,1,3,3,3
3,0,13,0,1,6,44,61,79,44,82,4,5,4,4,5,3,1,5,1,1,5,5
3,0,13,0,0,44,6,61,16,61,23,5,4,4,5,4,3,5,1,1,3,1,4
22,6,1,4,1,85,50,54,82,50,63,1,0,0,3,0,7,1,3,1,5,3,1
22,6,1,4,0,82,50,63,24,13,52,3,0,7,1,6,1,5,3,1,2,4,2
22,6,1,4,0,46,66,69,82,50,63,6,1,1,3,0,7,5,3,3,5,3,1
22,6,1,4,1,32,81,24,34,50,63,2,3,1,1,0,7,1,3,2,3,3,1
22,6,1,4,1,9,50,13,34,50,63,6,0,6,1,0,7,1,3,4,3,3,1
22,6,1,4,1,34,50,63,9,33,37,1,0,7,6,3,2,3,3,1,1,3,1
22,6,1,4,1,34,63,50,52,89,69,1,7,0,1,7,1,3,1,3,2,6,3
22,6,1,4,1,34,50,63,55,89,94,1,0,7,1,7,3,3,3,1,2,6,2
22,6,1,4,1,32,31,13,34,50,63,2,6,6,1,0,7,1,4,4,3,3,1
22,6,1,4,1,13,9,30,50,34,63,6,6,1,0,1,7,4,1,1,3,3,1
22,6,1,4,0,66,27,45,34,50,63,1,5,6,1,0,7,3,3,1,3,3,1
22,6,1,4,0,50,28,95,34,50,63,0,6,3,1,0,7,3,2,3,3,3,1
22,6,1,4,0,50,34,93,9,85,50,0,1,1,6,1,0,3,3,1,1,1,3
22,6,1,4,0,96,81,55,34,50,93,0,3,1,1,0,1,5,3,2,3,3,1
22,6,1,4,1,50,66,32,34,50,93,0,1,2,1,0,1,3,3,1,3,3,1
22,6,1,4,0,5,64,31,34,50,93,0,6,6,1,0,1,4,2,4,3,3,1
32,1,15,1,1,69,13,28,82,19,49,1,6,6,3,3,2,3,4,2,5,2,5
32,1,15,1,1,23,9,69,13,55,9,3,6,1,6,1,6,4,1,3,4,2,1
32,1,15,1,0,21,32,95,82,9,95,3,2,3,3,6,3,3,1,3,5,1,3
32,1,15,1,1,82,13,9,89,80,27,3,6,6,7,5,5,5,4,1,6,4,3
32,1,15,1,0,95,13,60,82,13,9,3,6,4,3,6,6,3,4,1,5,4,1
32,1,15,1,1,9,13,82,25,13,82,6,6,3,1,6,3,1,4,5,2,4,5
13,7,1,5,0,29,83,55,55,14,40,0,6,1,1,6,7,5,4,2,2,3,3
22,6,1,4,1,89,50,9,52,89,9,7,0,6,1,7,6,6,3,1,2,6,1
22,6,1,4,1,74,82,89,89,50,9,2,3,7,7,0,6,3,5,6,6,3,1
22,6,1,4,0,99,89,56,50,9,89,7,7,1,0,6,7,3,6,3,3,1,6
22,6,1,4,1,89,50,9,14,9,97,7,0,6,6,6,7,6,3,1,3,1,1
22,6,1,4,1,89,50,9,27,9,96,7,0,6,5,6,0,6,3,1,3,1,5
22,6,1,4,0,52,25,89,89,52,9,1,1,7,7,1,6,2,2,6,6,2,1
22,6,1,4,0,89,32,81,89,52,50,7,2,3,7,1,0,6,1,3,6,2,3
22,6,1,4,1,89,50,52,55,27,65,7,0,1,1,5,1,6,3,2,2,3,3
22,6,1,4,0,34,30,89,52,89,50,1,1,7,1,7,0,3,1,6,2,6,3
22,6,1,4,1,52,50,89,46,32,96,1,0,7,6,2,0,2,3,6,5,1,5
22,6,1,4,1,89,52,50,82,89,9,7,1,0,3,7,6,6,2,3,5,6,1
22,6,1,4,0,89,9,45,89,52,50,7,6,6,7,1,0,6,1,1,6,2,3
22,6,1,4,0,89,45,34,89,52,50,7,6,1,7,1,0,6,1,3,6,2,3
22,6,1,4,1,89,52,50,89,45,9,7,1,0,7,6,6,6,2,3,6,1,1
22,6,1,4,1,52,50,89,9,89,27,1,0,7,6,7,5,2,3,6,1,6,3
22,6,1,4,1,89,52,50,9,89,29,7,1,0,6,7,0,6,2,3,1,6,5
22,6,1,4,0,9,45,69,89,52,50,6,6,1,7,1,0,1,1,3,6,2,3
22,6,1,4,1,50,89,52,89,45,13,0,7,1,7,6,6,3,6,2,6,1,4
22,6,1,4,0,9,89,88,52,89,50,6,7,3,1,7,0,1,6,0,2,6,3
22,6,1,4,0,9,5,32,89,52,50,6,0,2,7,1,0,1,4,1,6,2,3
22,6,1,4,1,50,52,89,45,17,60,0,1,7,6,3,4,3,2,6,1,5,1
22,6,1,4,0,89,52,66,52,89,50,7,1,1,1,7,0,6,2,3,2,6,3
22,6,1,4,0,66,13,55,89,52,50,1,6,1,7,1,0,3,4,2,6,2,3
22,6,1,4,1,89,50,52,89,13,56,7,0,1,7,6,1,6,3,2,6,4,3
22,6,1,4,0,9,66,69,89,50,52,6,1,1,7,0,1,1,3,3,6,3,2
29,1,4,1,0,89,9,95,23,55,13,7,6,3,3,1,6,6,1,3,4,2,4
29,1,4,1,0,9,80,13,23,55,13,6,5,6,3,1,6,1,4,4,4,2,4
29,1,4,1,0,13,82,9,23,13,55,6,3,6,3,6,1,4,5,1,4,4,2
29,1,4,1,0,89,13,32,55,13,23,7,6,2,1,6,3,6,4,1,2,4,4
29,1,4,1,1,23,55,13,82,43,9,3,1,6,3,0,6,4,2,4,5,1,1
29,1,4,1,0,90,89,82,55,23,13,3,7,3,1,3,6,2,6,5,2,4,4
29,1,4,1,1,23,55,13,89,90,9,3,1,6,7,3,6,4,2,4,6,2,1
29,1,4,1,1,13,9,32,13,23,55,6,6,2,6,3,1,4,1,1,4,4,2
29,1,4,1,0,82,1,93,23,13,55,3,7,1,3,6,1,5,3,1,4,4,2
29,1,4,1,0,82,13,19,23,55,13,3,6,3,3,1,6,5,4,2,4,2,4
29,1,4,1,1,23,55,13,82,15,9,3,1,6,3,1,6,4,2,4,5,3,1
29,1,4,1,1,55,23,13,9,33,23,1,3,6,6,3,3,2,4,4,1,3,4
29,1,4,1,1,60,55,13,55,90,13,4,1,6,1,3,6,1,2,4,2,2,4
29,1,4,1,0,82,9,55,60,55,13,3,6,1,4,1,6,5,1,2,1,2,4
29,1,4,1,1,89,9,69,60,55,13,7,6,1,4,1,6,6,1,3,1,2,4
29,1,4,1,1,60,55,13,89,87,9,4,1,6,7,1,6,1,2,4,6,1,1
29,1,4,1,1,60,55,13,31,19,34,4,1,6,6,3,1,1,2,4,4,2,3
29,1,4,1,1,60,55,13,52,9,82,4,1,6,1,6,3,1,2,4,2,1,5
29,1,4,1,0,23,13,25,60,55,13,3,6,1,4,1,6,4,4,2,1,2,4
29,1,4,1,0,23,36,82,60,55,13,3,6,3,4,1,6,4,1,5,1,2,4
29,1,4,1,0,55,22,36,60,55,13,1,3,6,4,1,6,2,1,1,1,2,4
29,1,4,1,0,13,9,69,60,55,13,6,6,1,4,1,6,4,1,3,1,2,4
29,1,4,1,1,60,55,13,82,24,25,4,1,6,3,1,1,1,2,4,5,2,2
29,1,4,1,0,13,9,15,55,60,13,6,6,1,1,4,6,4,1,3,2,1,4
29,1,4,1,1,60,55,13,15,9,42,4,1,6,1,6,2,1,2,4,3,1,1
20,6,14,4,0,9,94,35,58,55,32,6,3,7,2,1,2,1,2,3,3,2,1
20,6,14,4,0,55,58,25,77,25,19,1,2,1,0,1,3,2,3,2,5,2,2
20,6,14,4,1,51,58,25,32,30,31,7,2,1,2,1,6,6,3,2,1,1,4
20,6,14,4,0,98,58,32,90,9,89,2,2,2,3,6,7,3,3,1,2,1,6
20,6,14,4,1,51,96,9,27,41,32,7,0,6,5,5,2,6,5,1,3,3,1
20,6,14,4,1,27,46,41,23,17,72,5,6,5,3,3,3,3,5,3,4,5,4
20,6,14,4,0,27,41,13,32,25,93,5,5,6,2,1,1,3,3,4,1,2,1
20,6,14,4,1,34,89,96,27,45,41,1,7,0,5,6,5,3,6,5,3,1,3
20,6,14,4,0,27,45,41,92,9,52,5,6,5,2,6,1,3,1,3,3,1,2
20,6,14,4,1,41,27,45,9,25,67,5,5,6,6,1,7,3,3,1,1,2,3
20,6,14,4,1,77,24,15,95,32,10,0,1,1,3,2,2,5,2,3,3,1,1
20,6,14,4,0,96,72,4,15,24,77,0,3,6,1,1,0,5,4,1,3,2,5
20,6,14,4,1,80,9,25,15,77,24,5,6,1,1,0,1,4,1,2,3,5,2
20,6,14,4,0,89,9,28,29,84,77,7,6,6,0,5,0,6,1,2,5,3,5
20,6,14,4,1,29,15,77,9,21,41,0,1,0,6,3,5,5,3,5,1,3,3
20,6,14,4,0,10,51,77,29,77,15,2,7,0,0,0,1,1,6,5,5,5,3
20,6,14,4,0,29,77,15,96,69,13,0,0,1,0,1,6,5,5,3,5,3,4
20,6,14,4,1,29,15,77,84,6,88,0,1,0,5,4,3,5,3,5,3,1,0
20,6,14,4,1,77,8,99,29,15,77,0,5,7,0,1,0,5,1,3,5,3,5
20,6,14,4,1,80,9,23,29,15,77,5,6,3,0,1,0,4,1,4,5,3,5
20,6,14,4,0,55,25,89,29,7,77,1,1,7,0,4,0,2,2,6,5,1,5
20,6,14,4,0,30,2,77,29,52,10,1,2,0,0,1,2,1,2,5,5,2,1
20,6,14,4,1,75,89,10,2,30,77,5,7,2,2,1,0,1,6,1,2,1,5
20,6,14,4,1,2,30,77,56,9,29,2,1,0,1,6,0,2,1,5,3,1,5
20,6,14,4,0,75,10,55,30,77,15,5,2,1,1,0,1,1,1,2,1,5,3
23,5,8,3,1,13,9,72,24,27,23,6,6,3,1,5,3,4,1,4,2,3,4
23,5,8,3,1,72,49,23,25,24,49,3,2,3,1,1,2,4,5,4,2,2,5
23,5,8,3,1,65,24,2,81,30,20,1,1,2,3,1,3,3,2,2,3,1,3
23,5,8,3,0,30,2,61,65,24,13,1,2,4,1,1,6,1,2,1,3,2,4
23,5,8,3,0,25,0,31,65,24,8,1,3,6,1,1,5,2,5,4,3,2,1
23,5,8,3,0,72,56,0,65,24,31,3,1,3,1,1,6,4,3,5,3,2,4
23,5,8,3,1,87,65,24,49,24,66,1,1,1,2,1,1,1,3,2,5,2,3
23,5,8,3,1,17,65,24,31,25,51,3,1,1,6,1,7,5,3,2,4,2,6
23,5,8,3,1,66,65,24,49,30,29,1,1,1,2,1,0,3,3,2,5,1,5
23,5,8,3,1,95,57,13,29,65,24,3,3,6,0,1,1,3,1,4,5,3,2
23,5,8,3,0,12,13,31,65,24,49,4,6,6,1,1,2,4,4,4,3,2,5
23,5,8,3,0,65,23,20,13,65,9,1,3,3,6,1,6,3,4,3,4,3,1
23,5,8,3,1,65,23,25,89,87,49,1,3,1,7,1,2,3,4,2,6,1,5
4,7,2,5,0,23,25,36,70,71,79,3,1,6,2,4,4,4,2,1,3,1,1
4,7,2,5,1,79,70,71,76,26,92,4,2,4,3,6,2,1,3,1,1,5,3
4,7,2,5,1,16,30,23,26,92,71,5,1,3,6,2,4,3,1,4,5,3,1
4,7,2,5,0,23,69,71,55,93,11,3,1,4,1,1,4,4,3,1,2,1,1
4,7,2,5,1,91,19,34,6,55,71,0,3,1,4,1,4,3,2,3,1,2,1
4,7,2,5,0,90,71,55,90,25,23,3,4,1,3,1,3,2,1,2,2,2,4
4,7,2,5,0,79,3,32,16,79,71,4,4,2,5,4,4,1,1,1,3,1,1
4,7,2,5,1,15,61,30,69,10,71,1,4,1,1,2,4,3,1,1,3,1,1
4,7,2,5,0,69,94,68,29,14,71,1,3,3,0,6,4,3,2,3,5,3,1
32,1,15,1,0,82,9,53,82,94,9,3,6,5,3,3,6,5,1,2,5,2,1
32,1,15,1,1,9,13,82,94,9,82,6,6,3,3,6,3,1,4,5,2,1,5
32,1,15,1,0,89,13,23,82,9,94,7,6,3,3,6,3,6,4,4,5,1,2
32,1,15,1,0,29,19,13,94,9,82,0,3,6,3,6,3,5,2,4,2,1,5
32,1,15,1,1,9,82,94,89,98,19,6,3,3,7,2,3,1,5,2,6,3,2
32,1,15,1,1,13,9,25,9,74,94,6,6,1,6,2,3,4,1,2,1,3,2
32,1,15,1,0,23,1,74,74,95,9,3,7,2,2,3,6,4,3,3,3,3,1
4,7,2,5,1,30,44,79,26,67,53,1,5,4,6,7,5,1,5,1,5,3,2
4,7,2,5,1,82,44,23,26,98,53,3,5,3,6,2,5,5,5,4,5,3,2
4,7,2,5,1,12,13,90,53,98,26,4,6,3,5,2,6,4,4,2,2,3,5
4,7,2,5,0,43,32,55,98,53,26,0,2,1,2,5,6,1,1,2,3,2,5
4,7,2,5,1,92,77,44,26,53,98,2,0,5,6,5,2,3,5,5,5,2,3
4,7,2,5,1,53,98,26,25,53,69,5,2,6,1,5,1,2,3,5,2,2,3
4,7,2,5,1,98,53,26,79,6,89,2,5,6,4,4,7,3,2,5,1,1,6
4,7,2,5,1,53,26,98,89,1,50,5,6,2,7,7,0,2,5,3,6,3,3
4,7,2,5,1,53,98,26,32,89,25,5,2,6,2,7,1,2,3,5,1,6,2
4,7,2,5,0,43,19,17,26,98,53,0,3,3,6,2,5,1,2,5,5,3,2
4,7,2,5,0,44,90,91,26,98,53,5,3,0,6,2,5,5,2,3,5,3,2
4,7,2,5,0,89,68,82,26,98,53,7,3,3,6,2,5,6,3,5,5,3,2
4,7,2,5,1,53,26,98,90,48,7,5,6,2,3,4,4,2,5,3,2,3,1
4,7,2,5,0,76,9,29,53,26,98,3,6,0,5,6,2,1,1,5,2,5,3
4,7,2,5,1,26,53,98,55,23,25,6,5,2,1,3,1,5,2,3,2,4,2
4,7,2,5,1,26,98,53,43,12,23,6,2,5,0,4,3,5,3,2,1,4,4
4,7,2,5,0,38,6,43,53,26,98,2,4,0,5,6,2,3,1,1,2,5,3
32,1,15,1,1,65,34,88,60,82,10,1,1,3,4,3,2,3,3,0,1,5,1
32,1,15,1,0,13,9,36,13,22,9,6,6,6,6,3,6,4,1,1,4,1,1
32,1,15,1,1,36,9,13,1,36,13,6,6,6,7,6,6,1,1,4,3,1,4
32,1,15,1,0,10,25,85,36,13,9,2,1,1,6,6,6,1,2,1,1,4,1
32,1,15,1,0,13,82,9,9,13,36,6,3,6,6,6,6,4,5,1,1,4,1
32,1,15,1,0,82,31,9,82,34,28,3,6,6,3,1,6,5,4,1,5,3,2
32,1,15,1,0,13,34,28,36,9,13,6,1,6,6,6,6,4,3,2,1,1,4
32,1,15,1,1,28,42,52,0,88,13,6,2,1,3,3,6,2,1,2,5,0,4
32,1,15,1,0,1,36,82,88,28,82,7,6,3,3,6,3,3,1,5,0,2,5
34,9,16,5,1,71,16,78,44,52,88,4,5,7,5,1,3,1,3,2,5,2,0
34,9,16,5,1,9,16,37,48,55,82,6,5,2,4,1,3,1,3,1,3,2,5
34,9,16,5,1,61,82,16,79,23,69,4,3,5,4,3,1,1,5,3,1,4,3
34,9,16,5,1,23,88,16,23,16,89,3,3,5,3,5,7,4,0,3,4,3,6
34,9,16,5,0,25,23,88,16,24,69,1,3,3,5,1,1,2,4,0,3,2,3
34,9,16,5,0,79,69,89,40,93,16,4,1,7,7,1,5,1,3,6,3,1,3
34,9,16,5,1,9,25,44,25,16,44,6,1,5,1,5,5,1,2,5,2,3,5
34,9,16,5,0,82,61,39,30,16,23,3,4,7,1,5,3,5,1,3,1,3,4
34,9,16,5,1,48,16,9,16,6,69,4,5,6,5,4,1,3,3,1,3,1,3
34,9,16,5,0,35,69,16,9,69,66,7,1,5,6,1,1,3,3,3,1,3,3
34,9,16,5,1,9,16,61,89,16,53,6,5,4,7,5,5,1,3,1,6,3,2
34,9,16,5,0,16,89,36,78,79,23,5,7,6,7,4,3,3,6,1,2,1,4
34,9,16,5,0,16,82,79,93,29,23,5,3,4,1,0,3,3,5,1,1,5,4
32,1,15,1,1,9,27,88,34,19,13,6,5,3,1,3,6,1,3,0,3,2,4
32,1,15,1,1,27,9,88,9,94,13,5,6,3,6,3,6,3,1,0,1,2,4
32,1,15,1,1,9,13,88,13,19,59,6,6,3,6,3,3,1,4,0,4,2,3
32,1,15,1,0,19,72,31,89,99,18,3,3,6,7,7,2,2,4,4,6,3,3
32,1,15,1,1,31,72,9,29,72,9,6,3,6,0,3,6,4,4,1,5,4,1
32,1,15,1,1,13,72,34,13,94,31,6,3,1,6,3,6,4,4,3,4,2,4
32,1,15,1,0,5,72,13,13,47,72,0,3,6,6,7,3,4,4,4,4,3,4
32,1,15,1,1,13,9,23,82,31,72,6,6,3,3,6,3,4,1,4,5,4,4
32,1,15,1,1,72,25,27,13,10,82,3,1,5,6,2,3,4,2,3,4,1,5
32,1,15,1,1,25,31,72,56,72,82,1,6,3,1,3,3,2,4,4,3,4,5
32,1,15,1,1,9,69,82,95,9,72,6,1,3,3,6,3,1,3,5,3,1,4
32,1,15,1,0,56,89,82,82,32,72,1,7,3,3,2,3,3,6,5,5,1,4
32,1,15,1,1,30,13,72,13,94,9,1,6,3,6,3,6,1,4,4,4,2,1
32,1,15,1,0,69,13,82,72,52,73,1,6,3,3,1,7,3,4,5,4,2,3
32,1,15,1,0,72,13,31,13,82,72,3,6,6,6,3,3,4,4,4,4,5,4
32,1,15,1,1,72,82,9,13,55,9,3,3,6,6,1,6,4,5,1,4,2,1
32,1,15,1,1,58,9,72,32,27,94,2,6,3,2,5,3,3,1,4,1,3,2
32,1,15,1,1,19,90,72,13,27,32,3,3,3,6,5,2,2,2,4,4,3,1
29,1,4,1,0,82,23,32,82,19,9,3,3,2,3,3,6,5,4,1,5,2,1
29,1,4,1,1,25,61,32,82,25,9,1,4,2,3,1,6,2,1,1,5,2,1
29,1,4,1,0,98,32,88,32,9,25,2,2,3,2,6,1,3,1,0,1,1,2
29,1,4,1,0,90,69,80,32,89,69,3,1,5,2,7,1,2,3,4,1,6,3
29,1,4,1,0,24,13,69,13,32,30,1,6,1,6,2,1,2,4,3,4,1,1
29,1,4,1,0,5,69,13,32,85,23,0,1,6,2,1,3,4,3,4,1,1,4
29,1,4,1,1,32,36,19,82,2,89,2,6,3,3,2,7,1,1,2,5,2,6
32,1,15,1,1,9,92,23,9,72,82,6,2,3,6,3,3,1,3,4,1,4,5
29,1,4,1,1,29,41,56,55,82,21,0,5,1,1,3,3,5,3,3,2,5,3
29,1,4,1,0,41,23,90,46,69,89,5,3,3,6,1,7,3,4,2,5,3,6
29,1,4,1,0,10,29,23,29,88,34,2,0,3,0,3,1,1,5,4,5,0,3
29,1,4,1,1,25,41,9,34,23,69,1,5,6,1,3,1,2,3,1,3,4,3
29,1,4,1,0,34,84,77,19,90,31,1,5,0,3,3,6,3,3,5,2,2,4
29,1,4,1,0,82,36,29,82,34,25,3,6,0,3,1,1,5,1,5,5,3,2
29,1,4,1,1,23,94,69,32,82,54,3,3,1,2,3,0,4,2,3,1,5,1
29,1,4,1,1,9,54,13,13,82,34,6,0,6,6,3,1,1,1,4,4,5,3
29,1,4,1,0,41,13,31,54,9,94,5,6,6,0,6,3,3,4,4,1,1,2
29,1,4,1,1,98,25,54,90,72,13,2,1,0,3,3,6,3,2,1,2,4,4
29,1,4,1,1,59,54,69,42,82,25,3,0,1,2,3,1,3,1,3,1,5,2
8,6,13,4,1,58,25,90,32,96,29,2,1,3,2,0,0,3,2,2,1,5,5
7,4,10,2,1,2,89,13,55,90,86,2,7,6,1,3,2,2,6,4,2,2,2
7,4,10,2,0,55,10,13,1,13,89,1,2,6,7,6,7,2,1,4,3,4,6
7,4,10,2,1,32,9,36,31,17,82,2,6,6,6,3,3,1,1,1,4,5,5
8,6,13,4,1,10,89,92,9,89,90,2,7,2,6,7,3,1,6,3,1,6,2
7,4,10,2,0,10,64,9,29,97,62,2,6,6,0,7,5,1,2,1,5,1,3
19,1,4,1,0,69,82,52,54,85,25,1,3,1,0,1,1,3,5,2,1,1,2
19,1,4,1,0,55,94,99,31,54,71,1,3,7,6,0,4,2,2,3,4,1,1
19,1,4,1,1,95,26,23,23,95,9,3,6,3,3,3,6,3,5,4,4,3,1
19,1,4,1,1,23,95,9,15,13,34,3,3,6,1,6,1,4,3,1,3,4,3
19,1,4,1,1,23,95,9,13,88,0,3,3,6,6,3,3,4,3,1,4,0,5
19,1,4,1,1,13,91,60,10,29,95,6,0,4,2,0,3,4,3,1,1,5,3
22,6,1,4,1,69,27,50,56,9,99,1,5,0,1,6,7,3,3,3,3,1,3
22,6,1,4,0,98,27,50,10,13,8,2,5,0,2,6,5,3,3,3,1,4,1
22,6,1,4,0,89,63,30,50,9,97,7,7,1,0,6,7,6,1,1,3,1,1
22,6,1,4,1,9,29,85,9,53,94,6,0,1,6,5,3,1,5,1,1,2,2
22,6,1,4,0,89,30,91,69,81,89,7,1,0,1,3,7,6,1,3,3,3,6
22,6,1,4,0,9,69,85,9,50,8,6,1,1,6,0,5,1,3,1,1,3,1
22,6,1,4,1,45,9,89,32,89,52,6,6,7,2,7,1,1,1,6,1,6,2
22,6,1,4,0,52,66,89,52,74,50,1,1,7,1,2,0,2,3,6,2,3,3
22,6,1,4,1,9,66,52,45,66,32,6,1,1,6,1,2,1,3,2,1,3,1
32,1,15,1,0,83,9,27,23,9,52,6,6,5,3,6,1,4,1,3,4,1,2
32,1,15,1,0,25,9,82,9,13,52,1,6,3,6,6,1,2,1,5,1,4,2
32,1,15,1,1,9,52,82,8,13,27,6,1,3,5,6,5,1,2,5,1,4,3
32,1,15,1,0,15,55,82,25,9,98,1,1,3,1,6,2,3,2,5,2,1,3
32,1,15,1,1,13,36,82,93,22,83,6,6,3,1,3,6,4,1,5,1,1,4
32,1,15,1,0,52,13,82,82,88,74,1,6,3,3,3,2,2,4,5,5,0,3
32,1,15,1,0,77,9,82,42,29,89,0,6,3,2,0,7,5,1,5,1,5,6
32,1,15,1,1,97,9,82,23,82,13,7,6,3,3,3,6,1,1,5,4,5,4
2,3,0,1,0,93,23,89,94,69,23,1,3,7,3,1,3,1,4,6,2,3,4
2,3,0,1,1,93,23,89,2,34,52,1,3,7,2,1,1,1,4,6,2,3,2
2,3,0,1,0,74,82,18,93,27,69,2,3,2,1,5,1,3,5,3,1,3,3
2,3,0,1,0,26,55,69,30,19,93,6,1,1,1,3,1,5,2,3,1,2,1
2,3,0,1,1,30,69,93,56,42,69,1,1,1,1,2,1,1,3,1,3,1,3
2,3,0,1,1,93,69,49,17,32,93,1,1,2,3,2,1,1,3,5,5,1,1
2,3,0,1,0,9,82,37,46,82,96,6,3,2,6,3,0,1,5,1,5,5,5
2,3,0,1,0,15,82,89,46,82,34,1,3,7,6,3,1,3,5,6,5,5,3
2,3,0,1,0,25,9,69,34,82,42,1,6,1,1,3,2,2,1,3,3,5,1
2,3,0,1,1,9,69,46,13,9,69,6,1,6,6,6,1,1,3,5,4,1,3
2,3,0,1,1,46,69,15,82,23,69,6,1,1,3,3,1,5,3,3,5,4,3
2,3,0,1,1,23,18,22,80,35,49,3,2,3,5,7,2,4,3,1,4,3,5
33,3,0,1,1,13,9,69,41,32,34,6,6,1,5,2,1,4,1,3,3,1,3
33,3,0,1,1,68,13,22,55,12,16,3,6,3,1,4,5,3,4,1,2,4,3
33,3,0,1,1,82,46,94,34,69,9,3,6,3,1,1,6,5,5,2,3,3,1
33,3,0,1,1,46,45,69,80,9,69,6,6,1,5,6,1,5,1,3,4,1,3
33,3,0,1,0,93,31,9,69,23,46,1,6,6,1,3,6,1,4,1,3,4,5
33,3,0,1,1,46,57,42,23,25,69,6,3,2,3,1,1,5,1,1,4,2,3
33,3,0,1,0,9,14,46,34,9,89,6,6,6,1,6,7,1,3,5,3,1,6
33,3,0,1,1,89,9,34,25,23,89,7,6,1,1,3,7,6,1,3,2,4,6
33,3,0,1,0,89,97,36,9,89,34,7,7,6,6,7,1,6,1,1,1,6,3
33,3,0,1,1,13,82,34,36,9,25,6,3,1,6,6,1,4,5,3,1,1,2
33,3,0,1,0,34,82,13,85,58,96,1,3,6,1,2,0,3,5,4,1,3,5
22,6,1,4,0,51,92,32,30,9,99,7,2,2,1,6,7,6,3,1,1,1,3
22,6,1,4,1,81,24,52,32,99,9,3,1,1,2,7,6,3,2,2,1,3,1
22,6,1,4,0,32,89,81,99,69,9,2,7,3,7,1,6,1,6,3,3,3,1
22,6,1,4,0,31,43,9,9,99,81,6,0,6,6,7,3,4,1,1,1,3,3
22,6,1,4,0,60,81,9,9,89,99,4,3,6,6,7,7,1,3,1,1,6,3
22,6,1,4,0,55,74,81,99,89,49,1,2,3,7,7,2,2,3,3,3,6,5
22,6,1,4,1,99,53,69,69,20,82,7,5,1,1,3,3,3,2,3,3,3,5
22,6,1,4,1,99,20,66,96,9,32,7,3,1,0,6,2,3,3,3,5,1,1
22,6,1,4,1,72,52,51,99,46,55,3,1,7,7,6,1,4,2,6,3,5,2
22,6,1,4,0,10,34,32,9,89,99,2,1,2,6,7,7,1,3,1,1,6,3
4,7,2,5,1,44,24,73,53,26,7,5,1,7,5,6,4,5,2,3,2,5,1
4,7,2,5,0,7,73,96,10,55,40,4,7,0,2,1,7,1,3,5,1,2,3
4,7,2,5,0,90,44,30,9,14,73,3,5,1,6,6,7,2,5,1,1,3,3
4,7,2,5,1,6,90,77,56,55,44,4,3,0,1,1,5,1,2,5,3,2,5
4,7,2,5,1,92,68,42,44,30,9,2,3,2,5,1,6,3,3,1,5,1,1
23,5,8,3,1,32,66,24,77,32,89,2,1,1,0,2,7,1,3,2,5,1,6
23,5,8,3,1,30,32,24,89,23,18,1,2,1,7,3,2,1,1,2,6,4,3
23,5,8,3,1,32,24,30,89,9,1,2,1,1,7,6,7,1,2,1,6,1,3
23,5,8,3,0,23,93,9,30,24,32,3,1,6,1,1,2,4,1,1,1,2,1
23,5,8,3,0,13,74,23,32,24,30,6,2,3,2,1,1,4,3,4,1,2,1
23,5,8,3,0,90,89,9,32,24,30,3,7,6,2,1,1,2,6,1,1,2,1
23,5,8,3,1,30,32,24,89,24,25,1,2,1,7,1,1,1,1,2,6,2,2
23,5,8,3,0,9,32,20,30,32,24,6,2,3,1,2,1,1,1,3,1,1,2
23,5,8,3,0,89,13,23,30,32,24,7,6,3,1,2,1,6,4,4,1,1,2
23,5,8,3,1,24,66,32,23,13,32,1,1,2,3,6,2,2,3,1,4,4,1
23,5,8,3,1,32,24,66,23,20,13,2,1,1,3,3,6,1,2,3,4,3,4
23,5,8,3,0,9,89,65,66,32,24,6,7,1,1,2,1,1,6,3,3,1,2
23,5,8,3,0,13,72,89,24,32,66,6,3,7,1,2,1,4,4,6,2,1,3
23,5,8,3,0,89,65,82,66,32,24,7,1,3,1,2,1,6,3,5,3,1,2
23,5,8,3,0,32,13,23,32,24,66,2,6,3,2,1,1,1,4,4,1,2,3
23,5,8,3,0,89,13,51,66,32,13,7,6,7,1,2,6,6,4,6,3,1,4
23,5,8,3,1,66,32,13,9,13,89,1,2,6,6,6,7,3,1,4,1,4,6
23,5,8,3,0,66,13,32,89,13,9,1,6,2,7,6,6,3,4,1,6,4,1
23,5,8,3,0,89,9,23,66,32,13,7,6,3,1,2,6,6,1,4,3,1,4
4,7,2,5,1,14,30,32,30,92,69,6,1,2,1,2,1,3,1,1,1,3,3
4,7,2,5,1,78,34,99,25,40,79,7,1,7,1,7,4,2,3,3,2,3,1
4,7,2,5,1,40,25,79,27,29,55,7,1,4,5,0,1,3,2,1,3,5,2
4,7,2,5,1,25,40,79,29,9,32,1,7,4,0,6,2,2,3,1,5,1,1
4,7,2,5,1,25,12,82,88,40,78,1,4,3,3,7,7,2,4,5,0,3,2
4,7,2,5,1,44,40,88,36,6,82,5,7,3,6,4,3,5,3,0,1,1,5
4,7,2,5,1,25,11,34,16,53,88,1,4,1,5,5,3,2,1,3,3,2,0
4,7,2,5,1,56,16,55,7,16,53,1,5,1,4,5,5,3,3,2,1,3,2
4,7,2,5,0,55,61,79,16,7,53,1,4,4,5,4,5,2,1,1,3,1,2
4,7,2,5,1,53,16,7,79,9,15,5,5,4,4,6,1,2,3,1,1,1,3
4,7,2,5,1,30,19,16,16,53,41,1,3,5,5,5,5,1,2,3,3,2,3
32,1,15,1,0,36,12,89,23,9,83,6,4,7,3,6,6,1,4,6,4,1,4
32,1,15,1,1,9,83,23,9,89,82,6,6,3,6,7,3,1,4,4,1,6,5
29,1,4,1,0,9,42,69,68,94,84,6,2,1,3,3,5,1,1,3,3,2,3
29,1,4,1,0,12,60,31,89,13,68,4,4,6,7,6,3,4,1,4,6,4,3
29,1,4,1,0,82,46,9,68,43,89,3,6,6,3,0,7,5,5,1,3,1,6
29,1,4,1,0,68,32,82,69,89,72,3,2,3,1,7,3,3,1,5,3,6,4
29,1,4,1,0,32,68,99,74,98,63,2,3,7,2,2,7,1,3,3,3,3,1
29,1,4,1,1,32,68,51,67,25,15,2,3,7,7,1,1,1,3,6,3,2,3
29,1,4,1,1,69,32,68,27,34,30,1,2,3,5,1,1,3,1,3,3,3,1
29,1,4,1,0,69,6,82,32,68,87,1,4,3,2,3,1,3,1,5,1,3,1
29,1,4,1,1,9,34,29,68,87,32,6,1,0,3,1,2,1,3,5,3,1,1
29,1,4,1,0,82,9,85,32,87,68,3,6,1,2,1,3,5,1,1,1,1,3
29,1,4,1,1,32,68,87,84,6,42,2,3,1,5,4,2,1,3,1,3,1,1
29,1,4,1,1,32,68,93,9,82,89,2,3,1,6,3,7,1,3,1,1,5,6
29,1,4,1,0,93,25,39,68,59,45,1,1,7,3,3,6,1,2,3,3,3,1
29,1,4,1,0,68,59,69,94,23,41,3,3,1,3,3,5,3,3,3,2,4,3
29,1,4,1,1,68,59,80,23,59,25,3,3,5,3,3,1,3,3,4,4,3,2
29,1,4,1,1,69,68,59,86,19,34,1,3,3,2,3,1,3,3,3,2,2,3
29,1,4,1,1,68,59,9,94,9,34,3,3,6,3,6,1,3,3,1,2,1,3
29,1,4,1,0,69,64,25,35,68,59,1,6,1,7,3,3,3,2,2,3,3,3
32,1,15,1,1,82,89,9,9,82,19,3,7,6,6,3,3,5,6,1,1,5,2
32,1,15,1,1,9,89,13,82,89,9,6,7,6,3,7,6,1,6,4,5,6,1
32,1,15,1,0,13,9,29,89,13,82,6,6,0,7,6,3,4,1,5,6,4,5
32,1,15,1,0,89,82,84,82,13,89,7,3,5,3,6,7,6,5,3,5,4,6
32,1,15,1,1,89,13,82,9,89,43,7,6,3,6,7,0,6,4,5,1,6,1
32,1,15,1,0,9,82,13,90,82,89,6,3,6,3,3,7,1,5,4,2,5,6
32,1,15,1,1,89,59,9,82,9,13,7,3,6,3,6,6,6,3,1,5,1,4
32,1,15,1,0,87,31,9,82,9,13,1,6,6,3,6,6,1,4,1,5,1,4
32,1,15,1,0,13,69,9,82,9,13,6,1,6,3,6,6,4,3,1,5,1,4
32,1,15,1,1,69,13,9,9,13,82,1,6,6,6,6,3,3,4,1,1,4,5
32,1,15,1,0,23,13,82,82,9,13,3,6,3,3,6,6,4,4,5,5,1,4
32,1,15,1,0,89,32,9,82,46,13,7,2,6,3,6,6,6,1,1,5,5,4
32,1,15,1,0,89,88,82,9,89,25,7,3,3,6,7,1,6,0,5,1,6,2
32,1,15,1,1,89,82,69,82,27,89,7,3,1,3,5,7,6,5,3,5,3,6
32,1,15,1,0,87,89,13,27,89,82,1,7,6,5,7,3,1,6,4,3,6,5
32,1,15,1,0,9,89,85,82,9,89,6,7,1,3,6,7,1,6,1,5,1,6
32,1,15,1,1,9,82,89,9,69,82,6,3,7,6,1,3,1,5,6,1,3,5
32,1,15,1,0,9,32,24,9,82,89,6,2,1,6,3,7,1,1,2,1,5,6
32,1,15,1,1,23,9,24,82,9,89,3,6,1,3,6,7,4,1,2,5,1,6
32,1,15,1,0,9,36,13,82,9,89,6,6,6,3,6,7,1,1,4,5,1,6
32,1,15,1,0,72,9,89,82,9,89,3,6,7,3,6,7,4,1,6,5,1,6
32,1,15,1,1,13,9,89,9,82,89,6,6,7,6,3,7,4,1,6,1,5,6
32,1,15,1,0,82,89,13,89,9,25,3,7,6,7,6,1,5,6,4,6,1,2
32,1,15,1,1,9,25,89,13,51,6,6,1,7,6,7,4,1,2,6,4,6,1
32,1,15,1,0,69,89,80,89,9,25,1,7,5,7,6,1,3,6,4,6,1,2
32,1,15,1,0,89,32,9,74,89,25,7,2,6,2,7,1,6,1,1,3,6,2
32,1,15,1,1,89,9,13,89,9,9,7,6,6,7,6,6,6,1,4,6,1,1
32,1,15,1,0,89,9,13,89,9,13,7,6,6,7,6,6,6,1,4,6,1,4
32,1,15,1,0,95,56,69,89,9,13,3,1,1,7,6,6,3,3,3,6,1,4
32,1,15,1,1,89,9,13,23,89,9,7,6,6,3,7,6,6,1,4,4,6,1
32,1,15,1,0,13,85,82,9,13,89,6,1,3,6,6,7,4,1,5,1,4,6
32,1,15,1,0,13,89,9,89,9,13,6,7,6,7,6,6,4,6,1,6,1,4
32,1,15,1,1,89,9,13,29,13,82,7,6,6,0,6,3,6,1,4,5,4,5
32,1,15,1,1,89,9,13,40,9,36,7,6,6,7,6,6,6,1,4,3,1,1
32,1,15,1,1,89,9,13,13,69,89,7,6,6,6,1,7,6,1,4,4,3,6
32,1,15,1,1,9,13,89,89,69,23,6,6,7,7,1,3,1,4,6,6,3,4
32,1,15,1,1,89,13,22,89,9,32,7,6,3,7,6,2,6,4,1,6,1,1
32,1,15,1,1,89,9,32,89,13,25,7,6,2,7,6,1,6,1,1,6,4,2
32,1,15,1,1,89,32,9,89,13,89,7,2,6,7,6,7,6,1,1,6,4,6
32,1,15,1,0,13,89,9,89,9,32,6,7,6,7,6,2,4,6,1,6,1,1
32,1,15,1,0,62,88,89,89,32,9,5,3,7,7,2,6,3,0,6,6,1,1
32,1,15,1,1,9,32,89,9,13,88,6,2,7,6,6,3,1,1,6,1,4,0
4,7,2,5,1,10,27,48,55,73,40,2,5,4,1,7,7,1,3,3,2,3,3
4,7,2,5,1,40,73,71,9,79,89,7,7,4,6,4,7,3,3,1,1,1,6
4,7,2,5,0,38,3,79,40,73,82,2,4,4,7,7,3,3,1,1,3,3,5
32,1,15,1,0,9,31,40,25,67,89,6,6,7,1,7,7,1,4,3,2,3,6
32,1,15,1,0,31,36,82,2,9,23,6,6,3,2,6,3,4,1,5,2,1,4
32,1,15,1,0,74,13,82,31,36,10,2,6,3,6,6,2,3,4,5,4,1,1
32,1,15,1,0,9,32,97,13,36,31,6,2,7,6,6,6,1,1,1,4,1,4
32,1,15,1,1,31,36,13,29,13,25,6,6,6,0,6,1,4,1,4,5,4,2
32,1,15,1,1,94,31,36,25,82,36,3,6,6,1,3,6,2,4,1,2,5,1
32,1,15,1,1,9,31,36,32,13,89,6,6,6,2,6,7,1,4,1,1,4,6
32,1,15,1,0,36,82,9,36,31,32,6,3,6,6,6,2,1,5,1,1,4,1
32,1,15,1,1,36,29,9,46,34,21,6,0,6,6,1,3,1,5,1,5,3,3
32,1,15,1,0,9,82,31,29,36,9,6,3,6,0,6,6,1,5,4,5,1,1
32,1,15,1,0,88,9,32,36,29,9,3,6,2,6,0,6,0,1,1,1,5,1
32,1,15,1,1,29,36,9,72,9,89,0,6,6,3,6,7,5,1,1,4,1,6
32,1,15,1,0,80,63,13,77,87,82,5,7,6,0,1,3,4,1,4,5,1,5
32,1,15,1,0,87,77,82,82,13,89,1,0,3,3,6,7,1,5,5,5,4,6
32,1,15,1,1,77,82,87,26,23,69,0,3,1,6,3,1,5,5,1,5,4,3
32,1,15,1,0,82,27,7,77,87,82,3,5,4,0,1,3,5,3,1,5,1,5
32,1,15,1,1,9,82,13,77,36,31,6,3,6,0,6,6,1,5,4,5,1,4
32,1,15,1,0,90,74,31,82,31,89,3,2,6,3,6,7,2,3,4,5,4,6
32,1,15,1,0,74,90,31,13,25,69,2,3,6,6,1,1,3,2,4,4,2,3
23,5,8,3,0,89,9,51,17,72,89,7,6,7,3,3,7,6,1,6,5,4,6
23,5,8,3,1,13,51,9,23,89,13,6,7,6,3,7,6,4,6,1,4,6,4
23,5,8,3,0,13,18,25,66,89,51,6,2,1,1,7,7,4,3,2,3,6,6
23,5,8,3,0,66,13,51,49,24,13,1,6,7,2,1,6,3,4,6,5,2,4
23,5,8,3,1,51,82,29,71,77,72,7,3,0,4,0,3,6,5,5,1,5,4
4,7,2,5,1,73,53,65,55,12,25,7,5,1,1,4,1,3,2,3,2,4,2
4,7,2,5,1,25,82,61,77,19,43,1,3,4,0,3,0,2,5,1,5,2,1
4,7,2,5,1,19,77,43,56,9,11,3,0,0,1,6,4,2,5,1,3,1,1
4,7,2,5,1,22,55,79,32,8,25,3,1,4,2,5,1,1,2,1,1,1,2
32,1,15,1,0,52,30,9,51,59,84,1,1,6,7,3,5,2,1,1,6,3,3
32,1,15,1,1,51,59,84,9,96,90,7,3,5,6,0,3,6,3,3,1,5,2
32,1,15,1,1,51,59,19,13,89,32,7,3,3,6,7,2,6,3,2,4,6,1
32,1,15,1,0,51,59,19,13,82,45,7,3,3,6,3,6,6,3,2,4,5,1
32,1,15,1,1,51,59,19,32,10,13,7,3,3,2,2,6,6,3,2,1,1,4
32,1,15,1,1,51,59,19,69,82,25,7,3,3,1,3,1,6,3,2,3,5,2
32,1,15,1,0,90,82,89,13,59,19,3,3,7,6,3,3,2,5,6,4,3,2
32,1,15,1,1,93,19,59,82,25,32,1,3,3,3,1,2,1,2,3,5,2,1
32,1,15,1,1,93,59,19,13,81,24,1,3,3,6,3,1,1,3,2,4,3,2
32,1,15,1,1,93,59,19,25,9,4,1,3,3,1,6,6,1,3,2,2,1,1
32,1,15,1,0,9,88,90,93,59,19,6,3,3,1,3,3,1,0,2,1,3,2
32,1,15,1,1,59,94,72,34,96,9,3,3,3,1,0,6,3,2,4,3,5,1
32,1,15,1,0,94,59,72,89,42,82,3,3,3,7,2,3,2,3,4,6,1,5
32,1,15,1,0,19,32,87,72,59,94,3,2,1,3,3,3,2,1,1,4,3,2
32,1,15,1,1,72,59,94,13,82,69,3,3,3,6,3,1,4,3,2,4,5,3
32,1,15,1,0,6,82,13,59,89,72,4,3,6,3,7,3,1,5,4,3,6,4
32,1,15,1,1,59,89,72,52,9,69,3,7,3,1,6,1,3,6,4,2,1,3
32,1,15,1,0,13,82,89,13,59,97,6,3,7,6,3,7,4,5,6,4,3,1
32,1,15,1,0,13,59,97,9,72,89,6,3,7,6,3,7,4,3,1,1,4,6
32,1,15,1,1,13,59,97,24,43,36,6,3,7,1,0,6,4,3,1,2,1,1
32,1,15,1,1,13,59,97,13,55,89,6,3,7,6,1,7,4,3,1,4,2,6
32,1,15,1,1,59,97,58,69,13,9,3,7,2,1,6,6,3,1,3,3,4,1
32,1,15,1,0,93,13,19,58,59,97,1,6,3,2,3,7,1,4,2,3,3,1
32,1,15,1,0,23,29,15,97,58,59,3,0,1,7,2,3,4,5,3,1,3,3
32,1,15,1,1,58,59,97,60,82,9,2,3,7,4,3,6,3,3,1,1,5,1
32,1,15,1,1,36,32,89,19,9,13,6,2,7,3,6,6,1,1,6,2,1,4
32,1,15,1,1,36,89,32,9,69,13,6,7,2,6,1,6,1,6,1,1,3,4
32,1,15,1,1,36,32,89,69,78,9,6,2,7,1,7,6,1,1,6,3,2,1
32,1,15,1,1,32,89,36,9,36,69,2,7,6,6,6,1,1,6,1,1,1,3
32,1,15,1,1,36,89,32,26,32,13,6,7,2,6,2,6,1,6,1,5,1,4
32,1,15,1,1,32,89,36,9,88,82,2,7,6,6,3,3,1,6,1,1,0,5
32,1,15,1,0,82,90,88,36,89,32,3,3,3,6,7,2,5,2,0,1,6,1
32,1,15,1,1,36,89,32,65,13,42,6,7,2,1,6,2,1,6,1,3,4,1
32,1,15,1,0,13,69,27,32,89,36,6,1,5,2,7,6,4,3,3,1,6,1
32,1,15,1,0,69,82,25,36,32,89,1,3,1,6,2,7,3,5,2,1,1,6
32,1,15,1,1,32,10,89,36,89,32,2,2,7,6,7,2,1,1,6,1,6,1
32,1,15,1,1,36,32,89,69,23,90,6,2,7,1,3,3,1,1,6,3,4,2
32,1,15,1,1,13,32,89,60,69,10,6,2,7,4,1,2,4,1,6,1,3,1
32,1,15,1,0,89,99,9,13,32,89,7,7,6,6,2,7,6,3,1,4,1,6
32,1,15,1,0,69,13,32,42,82,9,1,6,2,2,3,6,3,4,1,1,5,1
32,1,15,1,1,13,69,32,90,13,82,6,1,2,3,6,3,4,3,1,2,4,5
32,1,15,1,1,13,69,32,87,82,1,6,1,2,1,3,7,4,3,1,1,5,3
32,1,15,1,0,13,9,18,32,13,69,6,6,2,2,6,1,4,1,3,1,4,3
32,1,15,1,0,35,89,32,72,32,89,7,7,2,3,2,7,3,6,1,4,1,6
23,5,8,3,1,89,9,13,72,13,51,7,6,6,3,6,7,6,1,4,4,4,6
23,5,8,3,1,72,13,51,23,36,30,3,6,7,3,6,1,4,4,6,4,1,1
23,5,8,3,0,81,36,89,72,51,13,3,6,7,3,7,6,3,1,6,4,6,4
23,5,8,3,0,72,9,89,72,51,13,3,6,7,3,7,6,4,1,6,4,6,4
23,5,8,3,0,72,13,51,40,13,29,3,6,7,7,6,0,4,4,6,3,4,5
23,5,8,3,1,13,51,72,72,89,24,6,7,3,3,7,1,4,6,4,4,6,2
23,5,8,3,1,13,72,51,9,66,89,6,3,7,6,1,7,4,4,6,1,3,6
23,5,8,3,1,72,51,13,12,13,66,3,7,6,4,6,1,4,6,4,4,4,3
23,5,8,3,1,13,30,23,72,51,13,6,1,3,3,7,6,4,1,4,4,6,4
23,5,8,3,1,72,51,13,13,36,0,3,7,6,6,6,3,4,6,4,4,1,5
23,5,8,3,0,9,72,89,13,72,51,6,3,7,6,3,7,1,4,6,4,4,6
23,5,8,3,0,30,66,13,72,13,51,1,1,6,3,6,7,1,3,4,4,4,6
23,5,8,3,0,56,89,9,72,51,13,1,7,6,3,7,6,3,6,1,4,6,4
32,1,15,1,0,9,24,69,72,32,89,6,1,1,3,2,7,1,2,3,4,1,6
32,1,15,1,0,69,89,19,72,32,89,1,7,3,3,2,7,3,6,2,4,1,6
32,1,15,1,0,82,69,52,32,89,72,3,1,1,2,7,3,5,3,2,1,6,4
32,1,15,1,1,72,32,89,23,94,24,3,2,7,3,3,1,4,1,6,4,2,2
32,1,15,1,0,82,32,27,32,72,89,3,2,5,2,3,7,5,1,3,1,4,6
32,1,15,1,0,23,17,13,32,72,89,3,3,6,2,3,7,4,5,4,1,4,6
32,1,15,1,0,89,9,69,72,89,32,7,6,1,3,7,2,6,1,3,4,6,1
32,1,15,1,0,27,72,82,72,89,32,5,3,3,3,7,2,3,4,5,4,6,1
32,1,15,1,1,72,89,32,9,13,82,3,7,2,6,6,3,4,6,1,1,4,5
4,7,2,5,0,70,79,92,9,14,73,2,4,2,6,6,7,3,1,3,1,3,3
4,7,2,5,0,79,3,92,56,90,79,4,4,2,1,3,4,1,1,3,3,2,1
4,7,2,5,0,79,92,16,44,79,55,4,2,5,5,4,1,1,3,3,5,1,2
4,7,2,5,1,78,47,16,93,78,71,7,7,5,1,7,4,2,3,3,1,2,1
4,7,2,5,1,93,78,71,79,29,30,1,7,4,4,0,1,1,2,1,1,5,1
4,7,2,5,1,93,78,3,55,30,88,1,7,4,1,1,3,1,2,1,2,1,0
4,7,2,5,0,52,78,18,32,61,7,1,7,2,2,4,4,2,2,3,1,1,1
32,1,15,1,0,1,58,29,10,13,27,7,2,0,2,6,5,3,3,5,1,4,3
32,1,15,1,0,23,82,9,29,1,58,3,3,6,0,7,2,4,5,1,5,3,3
32,1,15,1,1,29,58,1,13,82,42,0,2,7,6,3,2,5,3,3,4,5,1
32,1,15,1,1,1,40,94,62,86,82,7,7,3,5,2,3,3,3,2,3,2,5
32,1,15,1,0,62,82,13,89,13,72,5,3,6,7,6,3,3,5,4,6,4,4
32,1,15,1,1,4,86,82,82,62,13,6,2,3,3,5,6,1,2,5,5,3,4
32,1,15,1,1,62,82,13,52,82,89,5,3,6,1,3,7,3,5,4,2,5,6
32,1,15,1,1,62,82,13,69,82,29,5,3,6,1,3,0,3,5,4,3,5,5
32,1,15,1,0,13,69,9,62,82,13,6,1,6,5,3,6,4,3,1,3,5,4
32,1,15,1,0,69,13,24,62,13,82,1,6,1,5,6,3,3,4,2,3,4,5
32,1,15,1,0,9,82,52,95,27,21,6,3,1,3,5,3,1,5,2,3,3,3
32,1,15,1,0,95,27,21,19,25,72,3,5,3,3,1,3,3,3,3,2,2,4
32,1,15,1,1,95,27,21,90,72,5,3,5,3,3,3,0,3,3,3,2,4,4
32,1,15,1,1,13,26,69,24,84,94,6,6,1,1,5,3,4,5,3,2,3,2
32,1,15,1,1,24,84,94,95,9,24,1,5,3,3,6,1,2,3,2,3,1,2
32,1,15,1,1,81,16,9,52,24,84,3,5,6,1,1,5,3,3,1,2,2,3
23,5,8,3,1,65,13,89,66,13,9,1,6,7,1,6,6,3,4,6,3,4,1
23,5,8,3,1,66,9,13,9,97,82,1,6,6,6,7,3,3,1,4,1,1,5
23,5,8,3,1,66,9,13,9,13,30,1,6,6,6,6,1,3,1,4,1,4,1
23,5,8,3,1,66,13,9,72,89,9,1,6,6,3,7,6,3,4,1,4,6,1
23,5,8,3,1,66,13,9,56,9,13,1,6,6,1,6,6,3,4,1,3,1,4
23,5,8,3,1,13,66,65,89,51,82,6,1,1,7,7,3,4,3,3,6,6,5
32,1,15,1,1,82,90,68,13,36,31,3,3,3,6,6,6,5,2,3,4,1,4
32,1,15,1,0,15,9,69,36,90,68,1,6,1,6,3,3,3,1,3,1,2,3
32,1,15,1,0,69,24,36,13,36,53,1,1,6,6,6,5,3,2,1,4,1,2
32,1,15,1,0,82,88,25,82,42,69,3,3,1,3,2,1,5,0,2,5,1,3
32,1,15,1,0,61,29,69,25,82,88,4,0,1,1,3,3,1,5,3,2,5,0
32,1,15,1,1,30,88,82,98,5,9,1,3,3,2,0,6,1,0,5,3,4,1
32,1,15,1,1,9,89,24,97,51,19,6,7,1,7,7,3,1,6,2,1,6,2
32,1,15,1,1,37,13,88,13,82,97,2,6,3,6,3,7,1,4,0,4,5,1
32,1,15,1,0,90,82,97,13,82,9,3,3,7,6,3,6,2,5,1,4,5,1
32,1,15,1,1,9,89,97,69,13,9,6,7,7,1,6,6,1,6,1,3,4,1
32,1,15,1,0,42,89,9,9,89,97,2,7,6,6,7,7,1,6,1,1,6,1
32,1,15,1,1,9,89,97,88,55,69,6,7,7,3,1,1,1,6,1,0,2,3
32,1,15,1,1,24,9,89,9,14,97,1,6,7,6,6,7,2,1,6,1,3,1
32,1,15,1,1,9,14,97,82,13,69,6,6,7,3,6,1,1,3,1,5,4,3
32,1,15,1,1,9,14,97,69,24,82,6,6,7,1,1,3,1,3,1,3,2,5
32,1,15,1,0,89,9,97,89,32,9,7,6,7,7,2,6,6,1,1,6,1,1
32,1,15,1,1,9,89,97,9,82,52,6,7,7,6,3,1,1,6,1,1,5,2
32,1,15,1,1,89,13,82,9,89,97,7,6,3,6,7,7,6,4,5,1,6,1
32,1,15,1,1,89,97,9,9,89,13,7,7,6,6,7,6,6,1,1,1,6,4
32,1,15,1,0,24,89,69,9,89,97,1,7,1,6,7,7,2,6,3,1,6,1
32,1,15,1,0,69,89,9,9,89,97,1,7,6,6,7,7,3,6,1,1,6,1
32,1,15,1,0,95,89,18,9,97,89,3,7,2,6,7,7,3,6,3,1,1,6
32,1,15,1,1,9,89,97,32,13,23,6,7,7,2,6,3,1,6,1,1,4,4
32,1,15,1,1,9,97,89,89,25,23,6,7,7,7,1,3,1,1,6,6,2,4
32,1,15,1,1,9,97,89,13,82,98,6,7,7,6,3,2,1,1,6,4,5,3
4,7,2,5,1,9,62,53,19,12,55,6,5,5,3,4,1,1,3,2,2,4,2
4,7,2,5,0,30,66,61,9,62,53,1,1,4,6,5,5,1,3,1,1,3,2
4,7,2,5,0,77,90,79,62,53,9,0,3,4,5,5,6,5,2,1,3,2,1
4,7,2,5,1,9,62,53,13,76,53,6,5,5,6,3,5,1,3,2,4,1,2
4,7,2,5,0,12,89,55,9,62,53,4,7,1,6,5,5,4,6,2,1,3,2
4,7,2,5,1,9,62,53,23,53,88,6,5,5,3,5,3,1,3,2,4,2,0
4,7,2,5,0,9,62,55,53,9,79,6,5,1,5,6,4,1,3,2,2,1,1
4,7,2,5,1,9,55,62,88,91,9,6,1,5,3,0,6,1,2,3,0,3,1
4,7,2,5,0,29,13,23,9,62,55,0,6,3,6,5,1,5,4,4,1,3,2
4,7,2,5,0,76,12,6,9,62,55,3,4,4,6,5,1,1,4,1,1,3,2
4,7,2,5,1,9,62,55,38,56,55,6,5,1,2,1,1,1,3,2,3,3,2
4,7,2,5,1,82,79,12,9,62,53,3,4,4,6,5,5,5,1,4,1,3,2
32,1,15,1,0,72,32,82,62,32,89,3,2,3,5,2,7,4,1,5,3,1,6
32,1,15,1,1,89,13,82,62,13,15,7,6,3,5,6,1,6,4,5,3,4,3
32,1,15,1,0,82,62,9,82,89,13,3,5,6,3,7,6,5,3,1,5,6,4
32,1,15,1,1,82,62,9,23,89,72,3,5,6,3,7,3,5,3,1,4,6,4
32,1,15,1,0,85,82,25,69,62,26,1,3,1,1,5,6,1,5,2,3,3,5
32,1,15,1,0,89,62,36,82,87,9,7,5,6,3,1,6,6,3,1,5,1,1
32,1,15,1,0,9,89,32,89,36,62,6,7,2,7,6,5,1,6,1,6,1,3
32,1,15,1,0,23,6,9,89,62,36,3,4,6,7,5,6,4,1,1,6,3,1
32,1,15,1,1,89,62,36,69,9,29,7,5,6,1,6,0,6,3,1,3,1,5
32,1,15,1,1,89,62,32,82,29,9,7,5,2,3,0,6,6,3,1,5,5,1
32,1,15,1,0,69,82,32,89,62,32,1,3,2,7,5,2,3,5,1,6,3,1
32,1,15,1,1,13,31,9,62,90,82,6,6,6,5,3,3,4,4,1,3,2,5
32,1,15,1,1,88,13,82,90,9,67,3,6,3,3,6,7,0,4,5,2,1,3
27,4,8,2,1,69,49,32,20,56,55,1,2,2,3,1,1,3,5,1,3,3,2
27,4,8,2,1,10,44,25,25,40,19,2,5,1,1,7,3,1,5,2,2,3,2
27,4,8,2,1,49,44,90,28,10,25,2,5,3,6,2,1,5,5,2,2,1,2
27,4,8,2,1,44,69,25,69,32,25,5,1,1,1,2,1,5,3,2,3,1,2
27,4,8,2,0,55,44,96,55,69,83,1,5,0,1,1,6,2,5,5,2,3,4
27,4,8,2,0,10,89,79,96,44,25,2,7,4,0,5,1,1,6,1,5,5,2
27,4,8,2,0,49,96,92,44,12,49,2,0,2,5,4,2,5,5,3,5,4,5
10,4,10,2,1,82,25,16,69,44,82,3,1,5,1,5,3,5,2,3,3,5,5
10,4,10,2,1,49,69,20,89,10,34,2,1,3,7,2,1,5,3,3,6,1,3
10,4,10,2,1,96,10,49,55,25,2,0,2,2,1,1,2,5,1,5,2,2,2
10,4,10,2,0,23,82,49,78,34,89,3,3,2,7,1,7,4,5,5,2,3,6
10,4,10,2,1,89,10,49,90,69,25,7,2,2,3,1,1,6,1,5,2,3,2
10,4,10,2,0,48,49,55,49,16,34,4,2,1,2,5,1,3,5,2,5,3,3
10,4,10,2,1,49,10,23,70,69,77,2,2,3,2,1,0,5,1,4,3,3,5
10,4,10,2,1,23,69,55,90,49,89,3,1,1,3,2,7,4,3,2,2,5,6
10,4,10,2,1,2,49,13,34,2,82,2,2,6,1,2,3,2,5,4,3,2,5
10,4,10,2,0,73,34,10,56,78,49,7,1,2,1,7,2,3,3,1,3,2,5
10,4,10,2,1,25,49,10,25,24,30,1,2,2,1,1,1,2,5,1,2,2,1
10,4,10,2,1,56,49,48,99,69,36,1,2,4,7,1,6,3,5,3,3,3,1
10,4,10,2,1,49,23,30,96,5,12,2,3,1,0,0,4,5,4,1,5,4,4
10,4,10,2,1,10,74,49,23,29,33,2,2,2,3,0,3,1,3,5,4,5,3
10,4,10,2,0,32,49,74,36,4,6,2,2,2,6,6,4,1,5,3,1,1,1
10,4,10,2,1,55,52,32,56,9,49,1,1,2,1,6,2,2,2,1,3,1,5
10,4,10,2,0,82,49,69,84,71,10,3,2,1,5,4,2,5,5,3,3,1,1
10,4,10,2,1,89,49,96,70,79,52,7,2,0,2,4,1,6,5,5,3,1,2
4,7,2,5,1,69,43,56,82,43,94,1,0,1,3,0,3,3,1,3,5,1,2
32,1,15,1,1,42,4,72,21,69,27,2,6,3,3,1,5,1,1,4,3,3,3
32,1,15,1,0,13,90,82,9,82,89,6,3,3,6,3,7,4,2,5,1,5,6
32,1,15,1,0,82,31,69,90,13,82,3,6,1,3,6,3,5,4,3,2,4,5
32,1,15,1,0,89,29,13,13,90,82,7,0,6,6,3,3,6,5,4,4,2,5
32,1,15,1,1,82,90,13,24,25,95,3,3,6,1,1,3,5,2,4,2,2,3
32,1,15,1,1,13,82,90,32,34,19,6,3,3,2,1,3,4,5,2,1,3,2
32,1,15,1,0,55,94,23,82,13,90,1,3,3,3,6,3,2,2,4,5,4,2
32,1,15,1,0,9,12,82,82,13,90,6,4,3,3,6,3,1,4,5,5,4,2
32,1,15,1,0,82,13,31,42,89,60,3,6,6,2,7,4,5,4,4,1,6,1
32,1,15,1,1,13,82,31,82,23,9,6,3,6,3,3,6,4,5,4,5,4,1
32,1,15,1,0,13,9,82,13,31,82,6,6,3,6,6,3,4,1,5,4,4,5
32,1,15,1,1,9,13,31,13,72,82,6,6,6,6,3,3,1,4,4,4,4,5
32,1,15,1,1,82,13,72,60,82,21,3,6,3,4,3,3,5,4,4,1,5,3
32,1,15,1,1,82,13,72,90,13,89,3,6,3,3,6,7,5,4,4,2,4,6
32,1,15,1,0,32,15,10,82,13,72,2,1,2,3,6,3,1,3,1,5,4,4
32,1,15,1,0,89,82,88,13,82,72,7,3,3,6,3,3,6,5,0,4,5,4
32,1,15,1,1,82,13,72,24,25,13,3,6,3,1,1,6,5,4,4,2,2,4
27,4,8,2,0,69,32,27,69,89,25,1,2,5,1,7,1,3,1,3,3,6,2
27,4,8,2,1,25,89,69,48,89,55,1,7,1,4,7,1,2,6,3,3,6,2
27,4,8,2,0,65,9,25,69,89,25,1,6,1,1,7,1,3,1,2,3,6,2
8,6,13,4,0,96,69,52,35,87,9,0,1,1,7,1,6,5,3,2,3,1,1
6,7,12,5,1,3,90,78,12,31,78,4,3,7,4,6,7,1,2,2,4,4,2
29,1,4,1,1,19,60,17,90,13,89,3,4,3,3,6,7,2,1,5,2,4,6
29,1,4,1,1,17,60,19,19,82,2,3,4,3,3,3,2,5,1,2,2,5,2
29,1,4,1,1,89,9,25,17,19,60,7,6,1,3,3,4,6,1,2,5,2,1
29,1,4,1,0,36,9,17,19,95,60,6,6,3,3,3,4,1,1,5,2,3,1
4,7,2,5,0,55,30,67,92,55,66,1,1,7,2,1,1,2,1,3,3,2,3
4,7,2,5,1,67,69,81,0,31,26,7,1,3,3,6,6,3,3,3,5,4,5
4,7,2,5,0,79,32,6,61,26,69,4,2,4,4,6,1,1,1,1,1,5,3
4,7,2,5,1,55,69,6,32,43,70,1,1,4,2,0,2,2,3,1,1,1,3
4,7,2,5,1,25,23,6,16,12,45,1,3,4,5,4,6,2,4,1,3,4,1
4,7,2,5,0,6,79,44,25,69,19,4,4,5,1,1,3,1,1,5,2,3,2
4,7,2,5,0,79,3,0,6,79,44,4,4,3,4,4,5,1,1,5,1,1,5
4,7,2,5,0,23,47,16,56,66,96,3,7,5,1,1,0,4,3,3,3,3,5
4,7,2,5,0,30,25,32,23,47,69,1,1,2,3,7,1,1,2,1,4,3,3
4,7,2,5,0,23,90,69,23,47,73,3,3,1,3,7,7,4,2,3,4,3,3
4,7,2,5,1,23,17,47,16,30,61,3,3,7,5,1,4,4,5,3,3,1,1
32,1,15,1,0,45,32,9,52,19,32,6,2,6,1,3,2,1,1,1,2,2,1
4,7,2,5,1,21,32,44,37,1,81,3,2,5,2,7,3,3,1,5,1,3,3
4,7,2,5,1,1,37,12,79,16,69,7,2,4,4,5,1,3,1,4,1,3,3
4,7,2,5,1,82,69,25,26,53,37,3,1,1,6,5,2,5,3,2,5,2,1
4,7,2,5,1,69,79,37,48,93,53,1,4,2,4,1,5,3,1,1,3,1,2
4,7,2,5,1,92,25,23,92,67,37,2,1,3,2,7,2,3,2,4,3,3,1
4,7,2,5,0,79,95,37,43,67,25,4,3,2,0,7,1,1,3,1,1,3,2
4,7,2,5,1,92,66,24,79,41,58,2,1,1,4,5,2,3,3,2,1,3,3
4,7,2,5,0,79,30,58,93,55,79,4,1,2,1,1,4,1,1,3,1,2,1
4,7,2,5,0,90,88,13,79,58,30,3,3,6,4,2,1,2,0,4,1,3,1
4,7,2,5,0,12,0,22,70,58,53,4,3,3,2,2,5,4,5,1,3,3,2
4,7,2,5,0,92,79,13,55,56,58,2,4,6,1,1,2,3,1,4,2,3,3
4,7,2,5,1,23,61,55,16,58,55,3,4,1,5,2,1,4,1,2,3,3,2
4,7,2,5,1,93,12,68,30,9,83,1,4,3,1,6,6,1,4,3,1,1,4
4,7,2,5,0,41,12,16,79,56,69,5,4,5,4,1,1,3,4,3,1,3,3
4,7,2,5,0,12,30,90,41,12,16,4,1,3,5,4,5,4,1,2,3,4,3
4,7,2,5,0,55,12,41,69,78,43,1,4,5,1,7,0,2,4,3,3,2,1
4,7,2,5,1,55,41,12,9,90,0,1,5,4,6,3,3,2,3,4,1,2,5
4,7,2,5,1,55,44,12,90,78,55,1,5,4,3,7,1,2,5,4,2,2,2
4,7,2,5,1,79,23,30,44,12,55,4,3,1,5,4,1,1,4,1,5,4,2
4,7,2,5,1,44,12,55,81,42,70,5,4,1,3,2,2,5,4,2,3,1,3
4,7,2,5,0,93,23,56,55,12,44,1,3,1,1,4,5,1,4,3,2,4,5
32,1,15,1,1,9,55,82,26,1,78,6,1,3,6,7,7,1,2,5,5,3,2
32,1,15,1,1,26,1,90,27,69,9,6,7,3,5,1,6,5,3,2,3,3,1
32,1,15,1,0,9,13,81,26,1,90,6,6,3,6,7,3,1,4,3,5,3,2
32,1,15,1,0,88,13,90,69,13,89,3,6,3,1,6,7,0,4,2,3,4,6
32,1,15,1,0,32,9,82,13,36,90,2,6,3,6,6,3,1,1,5,4,1,2
32,1,15,1,1,36,97,90,71,88,82,6,7,3,4,3,3,1,1,2,1,0,5
32,1,15,1,1,19,9,89,36,90,69,3,6,7,6,3,1,2,1,6,1,2,3
32,1,15,1,0,34,82,90,82,68,36,1,3,3,3,3,6,3,5,2,5,3,1
32,1,15,1,1,29,9,36,95,82,68,0,6,6,3,3,3,5,1,1,3,5,3
32,1,15,1,1,82,95,68,72,26,58,3,3,3,3,6,2,5,3,3,4,5,3
32,1,15,1,0,13,9,70,95,82,68,6,6,2,3,3,3,4,1,3,3,5,3
32,1,15,1,0,46,82,9,95,68,82,6,3,6,3,3,3,5,5,1,3,3,5
32,1,15,1,0,19,13,67,95,68,82,3,6,7,3,3,3,2,4,3,3,3,5
32,1,15,1,0,30,32,9,95,82,68,1,2,6,3,3,3,1,1,1,3,5,3
32,1,15,1,0,69,9,82,9,13,67,1,6,3,6,6,7,3,1,5,1,4,3
27,4,8,2,1,71,44,17,27,24,12,4,5,3,5,1,4,1,5,5,3,2,4
32,1,15,1,1,9,46,89,9,46,69,6,6,7,6,6,1,1,5,6,1,5,3
32,1,15,1,1,9,32,13,69,31,82,6,2,6,1,6,3,1,1,4,3,4,5
32,1,15,1,1,9,69,32,9,42,82,6,1,2,6,2,3,1,3,1,1,1,5
2,3,0,1,1,25,69,30,34,2,69,1,1,1,1,2,1,2,3,1,3,2,3
32,1,15,1,0,42,69,82,4,82,34,2,1,3,6,3,1,1,3,5,1,5,3
32,1,15,1,0,23,13,82,82,25,36,3,6,3,3,1,6,4,4,5,5,2,1
32,1,15,1,0,13,51,99,82,36,13,6,7,7,3,6,6,4,6,3,5,1,4
32,1,15,1,0,32,69,13,13,9,82,2,1,6,6,6,3,1,3,4,4,1,5
32,1,15,1,0,25,9,82,29,82,99,1,6,3,0,3,7,2,1,5,5,5,3
32,1,15,1,1,82,25,34,82,31,29,3,1,1,3,6,0,5,2,3,5,4,5
32,1,15,1,1,27,9,13,82,65,19,5,6,6,3,1,3,3,1,4,5,3,2
32,1,15,1,1,31,82,69,34,31,69,6,3,1,1,6,1,4,5,3,3,4,3
32,1,15,1,1,80,72,82,23,36,14,5,3,3,3,6,6,4,4,5,4,1,3
32,1,15,1,0,69,82,94,13,32,82,1,3,3,6,2,3,3,5,2,4,1,5
32,1,15,1,0,15,9,82,13,82,24,1,6,3,6,3,1,3,1,5,4,5,2
32,1,15,1,1,9,69,82,88,13,94,6,1,3,3,6,3,1,3,5,0,4,2
32,1,15,1,1,9,96,82,6,23,82,6,0,3,4,3,3,1,5,5,1,4,5
32,1,15,1,1,90,83,81,88,32,82,3,6,3,3,2,3,2,4,3,0,1,5
32,1,15,1,1,82,46,9,32,9,82,3,6,6,2,6,3,5,5,1,1,1,5
32,1,15,1,0,82,13,31,82,13,68,3,6,6,3,6,3,5,4,4,5,4,3
32,1,15,1,1,27,36,83,31,32,46,5,6,6,6,2,6,3,1,4,4,1,5
32,1,15,1,0,31,83,82,68,24,82,6,6,3,3,1,3,4,4,5,3,2,5
32,1,15,1,0,31,9,83,74,25,13,6,6,6,2,1,6,4,1,4,3,2,4
32,1,15,1,1,25,9,83,9,69,89,1,6,6,6,1,7,2,1,4,1,3,6
32,1,15,1,1,83,9,82,82,9,13,6,6,3,3,6,6,4,1,5,5,1,4
32,1,15,1,1,9,82,83,82,90,9,6,3,6,3,3,6,1,5,4,5,2,1
32,1,15,1,0,27,31,83,82,65,13,5,6,6,3,1,6,3,4,4,5,3,4
32,1,15,1,0,9,83,25,9,82,31,6,6,1,6,3,6,1,4,2,1,5,4
32,1,15,1,1,30,83,13,25,30,82,1,6,6,1,1,3,1,4,4,2,1,5
32,1,15,1,0,52,31,69,52,9,13,1,6,1,1,6,6,2,4,3,2,1,4
32,1,15,1,1,29,13,52,25,82,13,0,6,1,1,3,6,5,4,2,2,5,4
32,1,15,1,1,52,23,13,74,23,42,1,3,6,2,3,2,2,4,4,3,4,1
32,1,15,1,1,52,19,42,95,36,24,1,3,2,3,6,1,2,2,1,3,1,2
32,1,15,1,1,9,82,52,10,9,52,6,3,1,2,6,1,1,5,2,1,1,2
32,1,15,1,0,9,82,52,69,9,68,6,3,1,1,6,3,1,5,2,3,1,3
32,1,15,1,1,9,23,52,87,69,17,6,3,1,1,1,3,1,4,2,1,3,5
13,7,1,5,0,14,27,53,27,82,56,6,5,5,5,3,1,3,3,2,3,5,3
13,7,1,5,0,27,24,16,14,53,27,5,1,5,6,5,5,3,2,3,3,2,3
13,7,1,5,0,14,40,93,14,27,53,6,7,1,6,5,5,3,3,1,3,3,2
13,7,1,5,1,14,27,53,13,69,9,6,5,5,6,1,6,3,3,2,4,3,1
13,7,1,5,1,27,14,53,30,33,9,5,6,5,1,3,6,3,3,2,1,3,1
29,1,4,1,1,72,13,23,32,89,13,3,6,3,2,7,6,4,4,4,1,6,4
29,1,4,1,0,13,72,65,89,72,13,6,3,1,7,3,6,4,4,3,6,4,4
29,1,4,1,0,13,82,9,13,9,89,6,3,6,6,6,7,4,5,1,4,1,6
29,1,4,1,1,13,82,32,9,69,24,6,3,2,6,1,1,4,5,1,1,3,2
29,1,4,1,1,82,13,34,19,24,9,3,6,1,3,1,6,5,4,3,2,2,1
29,1,4,1,0,29,9,89,82,13,9,0,6,7,3,6,6,5,1,6,5,4,1
29,1,4,1,0,22,87,13,9,25,89,3,1,6,6,1,7,1,1,4,1,2,6
29,1,4,1,1,22,13,87,31,80,29,3,6,1,6,5,0,1,4,1,4,4,5
29,1,4,1,1,69,9,46,22,87,13,1,6,6,3,1,6,3,1,5,1,1,4
29,1,4,1,0,89,69,29,22,87,13,7,1,0,3,1,6,6,3,5,1,1,4
29,1,4,1,0,22,13,87,25,9,89,3,6,1,1,6,7,1,4,1,2,1,6
29,1,4,1,0,9,89,42,87,13,22,6,7,2,1,6,3,1,6,1,1,4,1
29,1,4,1,1,87,13,22,12,94,23,1,6,3,4,3,3,1,4,1,4,2,4
29,1,4,1,1,25,32,9,22,87,13,1,2,6,3,1,6,2,1,1,1,1,4
29,1,4,1,1,30,13,87,13,9,69,1,6,1,6,6,1,1,4,1,4,1,3
29,1,4,1,0,9,31,98,13,30,87,6,6,2,6,1,1,1,4,3,4,1,1
32,1,15,1,1,19,90,89,90,72,74,3,3,7,3,3,2,2,2,6,2,4,3
32,1,15,1,0,13,89,82,74,90,72,6,7,3,2,3,3,4,6,5,3,2,4
32,1,15,1,0,25,82,89,90,72,74,1,3,7,3,3,2,2,5,6,2,4,3
32,1,15,1,0,89,69,24,74,90,72,7,1,1,2,3,3,6,3,2,3,2,4
32,1,15,1,0,10,72,9,90,72,89,2,3,6,3,3,7,1,4,1,2,4,6
32,1,15,1,1,15,90,72,13,46,9,1,3,3,6,6,6,3,2,4,4,5,1
32,1,15,1,1,36,90,72,23,9,45,6,3,3,3,6,6,1,2,4,4,1,1
32,1,15,1,0,88,23,89,90,74,72,3,3,7,3,2,3,0,4,6,2,3,4
32,1,15,1,0,9,82,88,74,90,72,6,3,3,2,3,3,1,5,0,3,2,4
32,1,15,1,1,25,89,9,74,72,90,1,7,6,2,3,3,2,6,1,3,4,2
32,1,15,1,0,90,9,89,74,90,72,3,6,7,2,3,3,2,1,6,3,2,4
32,1,15,1,1,72,74,90,90,69,9,3,2,3,3,1,6,4,3,2,2,3,1
32,1,15,1,1,90,72,74,82,19,13,3,3,2,3,3,6,2,4,3,5,2,4
32,1,15,1,1,74,90,72,89,9,96,2,3,3,7,6,0,3,2,4,6,1,5
32,1,15,1,1,74,90,72,9,82,25,2,3,3,6,3,1,3,2,4,1,5,2
32,1,15,1,0,32,89,9,89,72,90,2,7,6,7,3,3,1,6,1,6,4,2
32,1,15,1,1,90,89,72,9,29,19,3,7,3,6,0,3,2,6,4,1,5,2
32,1,15,1,1,90,89,72,9,82,89,3,7,3,6,3,7,2,6,4,1,5,6
32,1,15,1,1,90,89,72,13,82,27,3,7,3,6,3,5,2,6,4,4,5,3
32,1,15,1,1,90,9,72,19,51,89,3,6,3,3,7,7,2,1,4,2,6,6
32,1,15,1,0,90,72,9,82,9,89,3,3,6,3,6,7,2,4,1,5,1,6
32,1,15,1,0,72,31,82,90,72,9,3,6,3,3,3,6,4,4,5,2,4,1
32,1,15,1,1,59,13,23,88,82,13,3,6,3,3,3,6,3,4,4,0,5,4
32,1,15,1,0,25,15,82,59,13,82,1,1,3,3,6,3,2,3,5,3,4,5
32,1,15,1,1,59,13,42,88,32,24,3,6,2,3,2,1,3,4,1,0,1,2
32,1,15,1,1,25,13,9,59,13,69,1,6,6,3,6,1,2,4,1,3,4,3
32,1,15,1,0,59,13,49,88,82,31,3,6,2,3,3,6,3,4,5,0,5,4
32,1,15,1,0,13,9,46,59,13,9,6,6,6,3,6,6,4,1,5,3,4,1
32,1,15,1,1,9,59,13,13,82,69,6,3,6,6,3,1,1,3,4,4,5,3
32,1,15,1,0,9,80,89,59,13,9,6,5,7,3,6,6,1,4,6,3,4,1
32,1,15,1,1,9,31,82,32,69,72,6,6,3,2,1,3,1,4,5,1,3,4
32,1,15,1,1,9,15,72,70,19,62,6,1,3,2,3,5,1,3,4,3,2,3
28,2,9,1,0,61,25,82,61,69,96,4,1,3,4,1,0,1,2,5,1,3,5
28,2,9,1,0,17,34,31,17,90,21,3,1,6,3,3,3,5,3,4,5,2,3
28,2,9,1,0,36,61,6,49,77,61,6,4,4,2,0,4,1,1,1,5,5,1
28,2,9,1,0,94,10,36,89,34,32,3,2,6,7,1,2,2,1,1,6,3,1
28,2,9,1,1,10,21,25,90,19,69,2,3,1,3,3,1,1,3,2,2,2,3
28,2,9,1,0,34,25,89,98,30,65,1,1,7,2,1,1,3,2,6,3,1,3
28,2,9,1,1,10,55,77,77,21,56,2,1,0,0,3,1,1,2,5,5,3,3
28,2,9,1,0,34,86,96,34,61,21,1,2,0,1,4,3,3,2,5,3,1,3
29,1,4,1,1,69,72,89,69,29,61,1,3,7,1,0,4,3,4,6,3,5,1
29,1,4,1,0,29,72,68,69,10,82,0,3,3,1,2,3,5,4,3,3,1,5
29,1,4,1,1,23,25,9,95,72,82,3,1,6,3,3,3,4,2,1,3,4,5
29,1,4,1,0,69,23,54,69,72,13,1,3,0,1,3,6,3,4,1,3,4,4
29,1,4,1,1,9,72,69,26,24,82,6,3,1,6,1,3,1,4,3,5,2,5
29,1,4,1,0,34,69,72,34,23,32,1,1,3,1,3,2,3,3,4,3,4,1
32,1,15,1,1,72,89,69,89,36,22,3,7,1,7,6,3,4,6,3,6,1,1
32,1,15,1,1,36,89,22,72,9,36,6,7,3,3,6,6,1,6,1,4,1,1
32,1,15,1,0,60,13,69,29,9,78,4,6,1,0,6,7,1,4,3,5,1,2
32,1,15,1,1,13,89,9,90,23,25,6,7,6,3,3,1,4,6,1,2,4,2
32,1,15,1,1,82,36,88,89,29,13,3,6,3,7,0,6,5,1,0,6,5,4
32,1,15,1,1,82,23,89,25,89,13,3,3,7,1,7,6,5,4,6,2,6,4
32,1,15,1,1,25,89,13,59,13,82,1,7,6,3,6,3,2,6,4,3,4,5
32,1,15,1,0,23,88,90,25,89,13,3,3,3,1,7,6,4,0,2,2,6,4
32,1,15,1,1,25,89,13,69,82,13,1,7,6,1,3,6,2,6,4,3,5,4
32,1,15,1,1,82,9,89,25,89,13,3,6,7,1,7,6,5,1,6,2,6,4
32,1,15,1,0,9,29,68,25,89,13,6,0,3,1,7,6,1,5,3,2,6,4
32,1,15,1,0,89,73,98,25,89,13,7,7,2,1,7,6,6,3,3,2,6,4
32,1,15,1,1,36,13,90,25,89,13,6,6,3,1,7,6,1,4,2,2,6,4
32,1,15,1,0,82,88,10,89,13,25,3,3,2,7,6,1,5,0,1,6,4,2
32,1,15,1,1,25,89,13,88,95,87,1,7,6,3,3,1,2,6,4,0,3,1
32,1,15,1,0,72,89,36,9,25,13,3,7,6,6,1,6,4,6,1,1,2,4
32,1,15,1,1,72,89,36,9,69,88,3,7,6,6,1,3,4,6,1,1,3,0
32,1,15,1,0,89,36,9,9,82,13,7,6,6,6,3,6,6,1,1,1,5,4
32,1,15,1,0,9,36,89,13,9,96,6,6,7,6,6,0,1,1,6,4,1,5
32,1,15,1,1,9,36,89,9,89,94,6,6,7,6,7,3,1,1,6,1,6,2
32,1,15,1,0,13,36,89,89,36,9,6,6,7,7,6,6,4,1,6,6,1,1
32,1,15,1,0,69,82,32,9,89,36,1,3,2,6,7,6,3,5,1,1,6,1
32,1,15,1,1,9,36,89,13,26,23,6,6,7,6,6,3,1,1,6,4,5,4
32,1,15,1,1,9,89,36,13,90,82,6,7,6,6,3,3,1,6,1,4,2,5
32,1,15,1,0,13,56,9,29,36,23,6,1,6,0,6,3,4,3,1,5,1,4
4,7,2,5,0,10,90,25,23,61,79,2,3,1,3,4,4,1,2,2,4,1,1
4,7,2,5,0,73,61,78,30,74,96,7,4,7,1,2,0,3,1,2,1,3,5
4,7,2,5,0,73,78,61,56,34,79,7,7,4,1,1,4,3,2,1,3,3,1
4,7,2,5,0,7,82,89,73,78,61,4,3,7,7,7,4,1,5,6,3,2,1
4,7,2,5,1,73,78,61,78,55,89,7,7,4,7,1,7,3,2,1,2,2,6
4,7,2,5,1,73,61,78,61,38,89,7,4,7,4,2,7,3,1,2,1,3,6
4,7,2,5,0,34,89,90,78,73,61,1,7,3,7,7,4,3,6,2,2,3,1
4,7,2,5,0,89,84,61,55,79,69,7,5,4,1,4,1,6,3,1,2,1,3
4,7,2,5,0,9,30,61,89,61,84,6,1,4,7,4,5,1,1,1,6,1,3
4,7,2,5,0,40,61,6,55,10,66,7,4,4,1,2,1,3,1,1,2,1,3
4,7,2,5,1,40,61,6,89,26,12,7,4,4,7,6,4,3,1,1,6,5,4
4,7,2,5,1,12,23,30,78,3,61,4,3,1,7,4,4,4,4,1,2,1,1
4,7,2,5,1,78,61,3,9,42,79,7,4,4,6,2,4,2,1,1,1,1,1
4,7,2,5,1,3,25,10,89,3,61,4,1,2,7,4,4,1,2,1,6,1,1
4,7,2,5,0,78,63,55,89,3,61,7,7,1,7,4,4,2,1,2,6,1,1
4,7,2,5,0,23,55,9,89,3,61,3,1,6,7,4,4,4,2,1,6,1,1
4,7,2,5,0,23,96,69,89,3,61,3,0,1,7,4,4,4,5,3,6,1,1
4,7,2,5,1,89,61,3,43,33,30,7,4,4,0,3,1,6,1,1,1,3,1
4,7,2,5,1,89,3,61,13,78,74,7,4,4,6,7,2,6,1,1,4,2,3
32,1,15,1,0,19,9,82,42,13,69,3,6,3,2,6,1,2,1,5,1,4,3
32,1,15,1,1,22,89,13,9,89,69,3,7,6,6,7,1,1,6,4,1,6,3
32,1,15,1,0,89,24,69,25,89,13,7,1,1,1,7,6,6,2,3,2,6,4
32,1,15,1,1,89,13,69,32,69,25,7,6,1,2,1,1,6,4,3,1,3,2
32,1,15,1,1,69,9,76,47,72,76,1,6,3,7,3,3,3,1,1,3,4,1
32,1,15,1,1,36,85,32,24,82,69,6,1,2,1,3,1,1,1,1,2,5,3
32,1,15,1,1,13,87,9,13,23,69,6,1,6,6,3,1,4,1,1,4,4,3
32,1,15,1,0,13,69,9,9,13,58,6,1,6,6,6,2,4,3,1,1,4,3
4,7,2,5,0,10,23,33,79,55,39,2,3,3,4,1,7,1,4,3,1,2,3
4,7,2,5,1,12,89,92,99,27,39,4,7,2,7,5,7,4,6,3,3,3,3
4,7,2,5,0,43,90,25,92,39,41,0,3,1,2,7,5,1,2,2,3,3,3
4,7,2,5,1,55,3,39,12,69,6,1,4,7,4,1,4,2,1,3,4,3,1
4,7,2,5,0,39,63,16,16,69,25,7,7,5,5,1,1,3,1,3,3,3,2
4,7,2,5,0,69,32,41,31,39,30,1,2,5,6,7,1,3,1,3,4,3,1
4,7,2,5,0,12,43,40,55,31,39,4,0,7,1,6,7,4,1,3,2,4,3
4,7,2,5,1,61,31,39,82,80,23,4,6,7,3,5,3,1,4,3,5,4,4
4,7,2,5,1,3,89,4,31,39,82,4,7,6,6,7,3,1,6,1,4,3,5
4,7,2,5,1,79,24,69,31,39,23,4,1,1,6,7,3,1,2,3,4,3,4
4,7,2,5,1,39,31,30,71,31,79,7,6,1,4,6,4,3,4,1,1,4,1
32,1,15,1,1,69,13,82,31,82,29,1,6,3,6,3,0,3,4,5,4,5,5
32,1,15,1,0,82,69,13,85,82,31,3,1,6,1,3,6,5,3,4,1,5,4
32,1,15,1,1,82,31,13,29,24,82,3,6,6,0,1,3,5,4,4,5,2,5
32,1,15,1,0,29,13,26,31,82,23,0,6,6,6,3,3,5,4,5,4,5,4
32,1,15,1,1,69,82,31,10,36,27,1,3,6,2,6,5,3,5,4,1,1,3
32,1,15,1,0,13,69,82,42,31,82,6,1,3,2,6,3,4,3,5,1,4,5
23,5,8,3,1,9,39,13,23,9,25,6,7,6,3,6,1,1,3,4,4,1,2
4,7,2,5,1,30,55,69,74,79,30,1,1,1,2,4,1,1,2,3,3,1,1
32,1,15,1,1,69,27,13,69,82,87,1,5,6,1,3,1,3,3,4,3,5,1
32,1,15,1,1,74,99,87,30,94,89,2,7,1,1,3,7,3,3,1,1,2,6
32,1,15,1,1,9,87,13,63,9,29,6,1,6,7,6,0,1,1,4,1,1,5
34,9,16,5,0,19,67,12,79,29,93,3,7,4,4,0,1,2,3,4,1,5,1
34,9,16,5,1,11,69,32,9,25,16,4,1,2,6,1,5,1,3,1,1,2,3
4,7,2,5,1,69,73,13,89,41,27,1,7,6,7,5,5,3,3,4,6,3,3
4,7,2,5,0,16,53,15,41,27,12,5,5,1,5,5,4,3,2,3,3,3,4
4,7,2,5,0,27,41,69,27,55,80,5,5,1,5,1,5,3,3,3,3,2,4
4,7,2,5,0,27,41,67,32,53,89,5,5,7,2,5,7,3,3,3,1,2,6
4,7,2,5,1,41,67,27,9,89,55,5,7,5,6,7,1,3,3,3,1,6,2
4,7,2,5,0,55,71,89,41,27,55,1,4,7,5,5,1,2,1,6,3,3,2
4,7,2,5,1,27,41,69,12,25,1,5,5,1,4,1,7,3,3,3,4,2,3
4,7,2,5,1,27,41,11,30,92,61,5,5,4,1,2,4,3,3,1,1,3,1
4,7,2,5,1,19,89,24,41,27,23,3,7,1,5,5,3,2,6,2,3,3,4
4,7,2,5,0,82,60,89,61,27,41,3,4,7,4,5,5,5,1,6,1,3,3
32,1,15,1,0,69,88,9,9,2,95,1,3,6,6,2,3,3,0,1,1,2,3
32,1,15,1,1,90,95,10,2,95,23,3,3,2,2,3,3,2,3,1,2,3,4
32,1,15,1,0,13,24,9,2,95,9,6,1,6,2,3,6,4,2,1,2,3,1
32,1,15,1,0,82,31,27,32,2,95,3,6,5,2,2,3,5,4,3,1,2,3
32,1,15,1,0,88,9,82,2,95,81,3,6,3,2,3,3,0,1,5,2,3,3
32,1,15,1,1,42,55,9,95,2,29,2,1,6,3,2,0,1,2,1,3,2,5
32,1,15,1,1,27,13,24,95,2,99,5,6,1,3,2,7,3,4,2,3,2,3
32,1,15,1,1,32,2,95,89,90,95,2,2,3,7,3,3,1,2,3,6,2,3
32,1,15,1,0,24,89,34,2,95,9,1,7,1,2,3,6,2,6,3,2,3,1
32,1,15,1,0,94,80,60,2,95,24,3,5,4,2,3,1,2,4,1,2,3,2
32,1,15,1,0,82,25,9,27,58,32,3,1,6,5,2,2,5,2,1,3,3,1
32,1,15,1,0,69,82,25,9,27,58,1,3,1,6,5,2,3,5,2,1,3,3
32,1,15,1,1,27,58,60,25,24,69,5,2,4,1,1,1,3,3,1,2,2,3
32,1,15,1,1,82,27,58,13,69,9,3,5,2,6,1,6,5,3,3,4,3,1
32,1,15,1,0,69,36,9,27,58,13,1,6,6,5,2,6,3,1,1,3,3,4
32,1,15,1,1,27,58,24,95,9,36,5,2,1,3,6,6,3,3,2,3,1,1
32,1,15,1,0,23,94,85,58,27,9,3,3,1,2,5,6,4,2,1,3,3,1
32,1,15,1,0,69,24,89,27,58,51,1,1,7,5,2,7,3,2,6,3,3,6
32,1,15,1,0,13,39,9,32,27,58,6,7,6,2,5,2,4,3,1,1,3,3
32,1,15,1,1,27,58,25,69,73,88,5,2,1,1,7,3,3,3,2,3,3,0
32,1,15,1,0,9,59,72,27,58,25,6,3,3,5,2,1,1,3,4,3,3,2
32,1,15,1,1,9,52,14,69,27,58,6,1,6,1,5,2,1,2,3,3,3,3
32,1,15,1,0,69,36,68,72,27,58,1,6,3,3,5,2,3,1,3,4,3,3
32,1,15,1,0,82,32,10,54,27,58,3,2,2,0,5,2,5,1,1,1,3,3
32,1,15,1,0,82,50,24,23,27,58,3,0,1,3,5,2,5,3,2,4,3,3
32,1,15,1,1,82,23,9,19,13,31,3,3,6,3,6,6,5,4,1,2,4,4
32,1,15,1,0,36,6,23,82,42,19,6,4,3,3,2,3,1,1,4,5,1,2
32,1,15,1,1,82,9,26,9,36,19,3,6,6,6,6,3,5,1,5,1,1,2
32,1,15,1,0,9,96,22,9,19,88,6,0,3,6,3,3,1,5,1,1,2,0
32,1,15,1,0,24,23,25,69,60,19,1,3,1,1,4,3,2,4,2,3,1,2
32,1,15,1,0,10,9,19,9,31,13,2,6,3,6,6,6,1,1,2,1,4,4
32,1,15,1,1,19,9,25,9,13,19,3,6,1,6,6,3,2,1,2,1,4,2
32,1,15,1,0,27,36,82,9,13,19,5,6,3,6,6,3,3,1,5,1,4,2
32,1,15,1,0,13,19,9,32,34,9,6,3,6,2,1,6,4,2,1,1,3,1
32,1,15,1,1,13,27,19,13,25,82,6,5,3,6,1,3,4,3,2,4,2,5
32,1,15,1,1,9,89,13,13,19,9,6,7,6,6,3,6,1,6,4,4,2,1
32,1,15,1,0,28,32,9,9,19,13,6,2,6,6,3,6,2,1,1,1,2,4
32,1,15,1,1,19,82,13,82,67,9,3,3,6,3,7,6,2,5,4,5,3,1
32,1,15,1,0,24,19,9,13,19,24,1,3,6,6,3,1,2,2,1,4,2,2
32,1,15,1,1,19,36,95,13,88,46,3,6,3,6,3,6,2,1,3,4,0,5
32,1,15,1,1,9,93,17,9,15,19,6,1,3,6,1,3,1,1,5,1,3,2
32,1,15,1,1,37,69,19,46,9,69,2,1,3,6,6,1,1,3,2,5,1,3
32,1,15,1,1,9,19,89,9,82,89,6,3,7,6,3,7,1,2,6,1,5,6
32,1,15,1,0,32,82,19,29,34,82,2,3,3,0,1,3,1,5,2,5,3,5
32,1,15,1,0,26,81,27,13,9,19,6,3,5,6,6,3,5,3,3,4,1,2
32,1,15,1,1,82,90,19,89,36,82,3,3,3,7,6,3,5,2,2,6,1,5
32,1,15,1,1,82,9,19,82,36,10,3,6,3,3,6,2,5,1,2,5,1,1
32,1,15,1,1,82,46,9,82,17,19,3,6,6,3,3,3,5,5,1,5,5,2
32,1,15,1,0,62,23,9,19,9,32,5,3,6,3,6,2,3,4,1,2,1,1
32,1,15,1,1,9,19,13,9,82,69,6,3,6,6,3,1,1,2,4,1,5,3
32,1,15,1,0,88,29,82,95,82,90,3,0,3,3,3,3,0,5,5,3,5,2
32,1,15,1,0,31,36,32,95,90,82,6,6,2,3,3,3,4,1,1,3,2,5
32,1,15,1,1,95,82,13,68,7,80,3,3,6,3,4,5,3,5,4,3,1,4
32,1,15,1,1,25,13,82,32,82,95,1,6,3,2,3,3,2,4,5,1,5,3
32,1,15,1,1,95,32,82,27,9,89,3,2,3,5,6,7,3,1,5,3,1,6
32,1,15,1,0,9,23,82,95,32,82,6,3,3,3,2,3,1,4,5,3,1,5
32,1,15,1,0,13,9,89,95,32,82,6,6,7,3,2,3,4,1,6,3,1,5
32,1,15,1,0,89,72,30,95,82,32,7,3,1,3,3,2,6,4,1,3,5,1
32,1,15,1,0,26,9,89,95,32,82,6,6,7,3,2,3,5,1,6,3,1,5
32,1,15,1,0,31,36,9,95,82,32,6,6,6,3,3,2,4,1,1,3,5,1
32,1,15,1,0,9,90,82,95,82,32,6,3,3,3,3,2,1,2,5,3,5,1
32,1,15,1,0,95,32,82,29,13,90,3,2,3,0,6,3,3,1,5,5,4,2
32,1,15,1,1,80,9,89,95,89,82,5,6,7,3,7,3,4,1,6,3,6,5
32,1,15,1,1,43,9,24,89,82,69,0,6,1,7,3,1,1,1,2,6,5,3
32,1,15,1,1,89,82,95,9,93,13,7,3,3,6,1,6,6,5,3,1,1,4
32,1,15,1,0,82,89,13,74,82,89,3,7,6,2,3,7,5,6,4,3,5,6
32,1,15,1,0,82,88,9,89,82,74,3,3,6,7,3,2,5,0,1,6,5,3
32,1,15,1,0,13,89,25,13,82,74,6,7,1,6,3,2,4,6,2,4,5,3
32,1,15,1,0,9,32,96,82,13,74,6,2,0,3,6,2,1,1,5,5,4,3
4,7,2,5,0,55,44,82,89,12,9,1,5,3,7,4,6,2,5,5,6,4,1
32,1,15,1,0,90,89,23,95,82,32,3,7,3,3,3,2,2,6,4,3,5,1
32,1,15,1,1,82,32,95,32,13,82,3,2,3,2,6,3,5,1,3,1,4,5
32,1,15,1,0,80,13,89,95,32,82,5,6,7,3,2,3,4,4,6,3,1,5
32,1,15,1,0,69,36,52,96,9,36,1,6,1,0,6,6,3,1,2,5,1,1
27,4,8,2,0,25,83,40,25,81,65,1,6,7,1,3,1,2,4,3,2,3,3
27,4,8,2,1,69,16,10,29,25,65,1,5,2,0,1,1,3,3,1,5,2,3
27,4,8,2,0,69,96,6,69,82,25,1,0,4,1,3,1,3,5,1,3,5,2
27,4,8,2,0,25,33,69,69,25,55,1,3,1,1,1,1,2,3,3,3,2,2
27,4,8,2,1,7,65,25,96,7,25,4,1,1,0,4,1,1,3,2,5,1,2
27,4,8,2,0,96,25,10,25,10,69,0,1,2,1,2,1,5,2,1,2,1,3
34,9,16,5,1,32,34,66,13,62,25,2,1,1,6,5,1,1,3,3,4,3,2
34,9,16,5,1,9,25,79,93,25,30,6,1,4,1,1,1,1,2,1,1,2,1
34,9,16,5,0,94,81,66,93,69,25,3,3,1,1,1,1,2,3,3,1,3,2
34,9,16,5,1,36,25,9,25,55,16,6,1,6,1,1,5,1,2,1,2,2,3
34,9,16,5,0,28,25,29,66,23,29,6,1,0,1,3,0,2,2,5,3,4,5
34,9,16,5,1,40,23,30,93,30,29,7,3,1,1,1,0,3,4,1,1,1,5
23,5,8,3,1,13,56,66,13,1,65,6,1,1,6,7,1,4,3,3,4,3,3
23,5,8,3,1,66,30,82,72,29,49,1,1,3,3,0,2,3,1,5,4,5,5
23,5,8,3,1,23,13,24,65,53,66,3,6,1,1,5,1,4,4,2,3,2,3
27,4,8,2,0,66,56,65,0,69,40,1,1,1,3,1,7,3,3,3,5,3,3
27,4,8,2,0,6,90,7,96,10,30,4,3,4,0,2,1,1,2,1,5,1,1
27,4,8,2,1,69,7,10,91,5,83,1,4,2,0,0,6,3,1,1,3,4,4
27,4,8,2,1,69,82,44,52,88,15,1,3,5,1,3,1,3,5,5,2,0,3
29,1,4,1,0,35,15,34,89,81,9,7,1,1,7,3,6,3,3,3,6,3,1
29,1,4,1,0,46,87,67,9,19,56,6,1,7,6,3,1,5,1,3,1,2,3
29,1,4,1,0,34,29,9,85,7,87,1,0,6,1,4,1,3,5,1,1,1,1
29,1,4,1,0,65,62,69,90,9,89,1,5,1,3,6,7,3,3,3,2,1,6
13,7,1,5,0,89,55,92,79,9,48,7,1,2,4,6,4,6,2,3,1,1,3
13,7,1,5,0,56,82,17,89,92,55,1,3,3,7,2,1,3,5,5,6,3,2
13,7,1,5,0,89,92,55,9,82,13,7,2,1,6,3,6,6,3,2,1,5,4
13,7,1,5,1,89,92,55,77,55,34,7,2,1,0,1,1,6,3,2,5,2,3
13,7,1,5,1,89,92,55,9,13,89,7,2,1,6,6,7,6,3,2,1,4,6
13,7,1,5,0,33,25,69,89,92,55,3,1,1,7,2,1,3,2,3,6,3,2
13,7,1,5,1,89,55,92,13,79,74,7,1,2,6,4,2,6,2,3,4,1,3
13,7,1,5,1,89,92,55,88,55,12,7,2,1,3,1,4,6,3,2,0,2,4
23,5,8,3,0,89,90,77,66,65,24,7,3,0,1,1,1,6,2,5,3,3,2
23,5,8,3,1,24,65,66,36,87,13,1,1,1,6,1,6,2,3,3,1,1,4
23,5,8,3,0,26,74,29,66,65,24,6,2,0,1,1,1,5,3,5,3,3,2
32,1,15,1,1,13,25,89,13,82,89,6,1,7,6,3,7,4,2,6,4,5,6
32,1,15,1,1,69,25,9,13,82,32,1,1,6,6,3,2,3,2,1,4,5,1
32,1,15,1,1,9,78,82,13,82,32,6,7,3,6,3,2,1,2,5,4,5,1
32,1,15,1,0,13,36,9,32,82,13,6,6,6,2,3,6,4,1,1,1,5,4
32,1,15,1,0,13,32,82,13,89,25,6,2,3,6,7,1,4,1,5,4,6,2
32,1,15,1,0,95,19,47,29,19,9,3,3,7,0,3,6,3,2,3,5,2,1
32,1,15,1,1,81,88,69,17,29,52,3,3,1,3,0,1,3,0,3,5,5,2
32,1,15,1,1,81,6,29,36,52,46,3,4,0,6,1,6,3,1,5,1,2,5
32,1,15,1,1,81,77,90,9,80,72,3,0,3,6,5,3,3,5,2,1,4,4
32,1,15,1,1,13,82,9,81,82,13,6,3,6,3,3,6,4,5,1,3,5,4
32,1,15,1,0,15,69,31,25,13,81,1,1,6,1,6,3,3,3,4,2,4,3
32,1,15,1,0,13,9,82,13,81,90,6,6,3,6,3,3,4,1,5,4,3,2
22,6,1,4,0,87,89,5,52,67,66,1,7,0,1,7,1,1,6,4,2,3,3
22,6,1,4,1,5,11,66,26,93,27,0,4,1,6,1,5,4,1,3,5,1,3
22,6,1,4,1,54,50,52,54,27,45,0,0,1,0,5,6,1,3,2,1,3,1
22,6,1,4,1,54,27,45,72,51,13,0,5,6,3,7,6,1,3,1,4,6,4
22,6,1,4,0,66,45,89,54,45,27,1,6,7,0,6,5,3,1,6,1,1,3
22,6,1,4,0,97,29,40,54,45,27,7,0,7,0,6,5,1,5,3,1,1,3
22,6,1,4,0,5,89,75,9,54,45,0,7,5,6,0,6,4,6,1,1,1,1
22,6,1,4,1,54,45,9,50,29,81,0,6,6,0,0,3,1,1,1,3,5,3
22,6,1,4,0,89,81,25,96,54,45,7,3,1,0,0,6,6,3,2,5,1,1
22,6,1,4,0,54,45,88,9,69,27,0,6,3,6,1,5,1,1,0,1,3,3
22,6,1,4,1,32,89,52,54,45,9,2,7,1,0,6,6,1,6,2,1,1,1
22,6,1,4,0,15,27,8,53,54,45,1,5,5,5,0,6,3,3,1,2,1,1
22,6,1,4,1,9,27,32,54,55,53,6,5,2,0,1,5,1,3,1,1,2,2
22,6,1,4,0,8,13,87,54,45,89,5,6,1,0,6,7,1,4,1,1,1,6
22,6,1,4,1,13,9,10,54,45,9,6,6,2,0,6,6,4,1,1,1,1,1
22,6,1,4,0,53,99,8,54,45,53,5,7,5,0,6,5,2,3,1,1,1,2
22,6,1,4,1,45,8,54,81,45,66,6,5,0,3,6,1,1,1,1,3,1,3
22,6,1,4,1,50,29,80,31,24,54,0,0,5,6,1,0,3,5,4,4,2,1
32,1,15,1,0,52,89,97,26,29,9,1,7,7,6,0,6,2,6,1,5,5,1
32,1,15,1,0,87,82,32,52,89,97,1,3,2,1,7,7,1,5,1,2,6,1
32,1,15,1,1,52,89,97,82,25,32,1,7,7,3,1,2,2,6,1,5,2,1
32,1,15,1,0,69,72,19,52,89,97,1,3,3,1,7,7,3,4,2,2,6,1
32,1,15,1,0,26,24,10,29,52,89,6,1,2,0,1,7,5,2,1,5,2,6
32,1,15,1,0,10,9,15,52,89,9,2,6,1,1,7,6,1,1,3,2,6,1
32,1,15,1,0,13,25,36,52,89,25,6,1,6,1,7,1,4,2,1,2,6,2
32,1,15,1,0,23,82,29,52,89,36,3,3,0,1,7,6,4,5,5,2,6,1
32,1,15,1,1,82,52,89,34,36,31,3,1,7,1,6,6,5,2,6,3,1,4
32,1,15,1,0,72,69,87,82,52,89,3,1,1,3,1,7,4,3,1,5,2,6
32,1,15,1,0,29,89,36,52,89,69,0,7,6,1,7,1,5,6,1,2,6,3
32,1,15,1,1,52,89,13,29,89,82,1,7,6,0,7,3,2,6,4,5,6,5
32,1,15,1,1,79,74,89,82,34,69,4,2,7,3,1,1,1,3,6,5,3,3
32,1,15,1,1,13,95,64,82,12,89,6,3,6,3,4,7,4,3,2,5,4,6
29,1,4,1,0,36,29,24,90,55,9,6,0,1,3,1,6,1,5,2,2,2,1
29,1,4,1,0,13,29,89,23,36,29,6,0,7,3,6,0,4,5,6,4,1,5
29,1,4,1,1,30,36,29,25,9,89,1,6,0,1,6,7,1,1,5,2,1,6
29,1,4,1,1,36,29,74,34,32,6,6,0,2,1,2,4,1,5,3,3,1,1
33,3,0,1,0,34,36,29,82,34,69,1,6,0,3,1,1,3,1,5,5,3,3
29,1,4,1,0,21,69,36,36,23,82,3,1,6,6,3,3,3,3,1,1,4,5
29,1,4,1,1,36,69,9,82,73,13,6,1,6,3,7,6,1,3,1,5,3,4
29,1,4,1,0,69,65,94,93,25,9,1,1,3,1,1,6,3,3,2,1,2,1
29,1,4,1,1,10,9,65,9,34,32,2,6,1,6,1,2,1,1,3,1,3,1
29,1,4,1,1,9,69,65,9,23,89,6,1,1,6,3,7,1,3,3,1,4,6
19,1,4,1,1,9,36,58,9,89,23,6,6,2,6,7,3,1,1,3,1,6,4
32,1,15,1,1,9,82,88,96,90,9,6,3,3,0,3,6,1,5,0,5,2,1
32,1,15,1,0,9,96,13,9,13,97,6,0,6,6,6,7,1,5,4,1,4,1
32,1,15,1,0,68,13,89,97,6,13,3,6,7,7,4,6,3,4,6,1,1,4
32,1,15,1,0,9,89,13,82,89,15,6,7,6,3,7,1,1,6,4,5,6,3
32,1,15,1,1,89,9,13,24,89,13,7,6,6,1,7,6,6,1,4,2,6,4
32,1,15,1,1,89,9,13,13,74,9,7,6,6,6,2,6,6,1,4,4,3,1
32,1,15,1,0,9,82,25,9,25,13,6,3,1,6,1,6,1,5,2,1,2,4
23,5,8,3,1,9,72,13,89,13,77,6,3,6,7,6,0,1,4,4,6,4,5
23,5,8,3,1,13,89,9,66,23,9,6,7,6,1,3,6,4,6,1,3,4,1
23,5,8,3,1,65,89,13,13,56,51,1,7,6,6,1,7,3,6,4,4,3,6
32,1,15,1,1,9,36,25,13,85,26,6,6,1,6,1,6,1,1,2,4,1,5
32,1,15,1,0,32,52,89,29,13,9,2,1,7,0,6,6,1,2,6,5,4,1
4,7,2,5,0,6,25,96,16,61,7,4,1,0,5,4,4,1,2,5,3,1,1
4,7,2,5,0,16,78,76,61,7,16,5,7,3,4,4,5,3,2,1,1,1,3
4,7,2,5,0,24,3,32,16,61,7,1,4,2,5,4,4,2,1,1,3,1,1
4,7,2,5,0,69,25,53,16,61,7,1,1,5,5,4,4,3,2,2,3,1,1
32,1,15,1,1,29,13,9,29,31,24,0,6,6,0,6,1,5,4,1,5,4,2
32,1,15,1,1,89,13,82,29,82,13,7,6,3,0,3,6,6,4,5,5,5,4
32,1,15,1,1,31,13,32,9,29,42,6,6,2,6,0,2,4,4,1,1,5,1
32,1,15,1,1,39,9,32,52,31,13,7,6,2,1,6,6,3,1,1,2,4,4
32,1,15,1,1,89,8,31,69,82,72,7,5,6,1,3,3,6,1,4,3,5,4
32,1,15,1,1,82,32,19,81,31,30,3,2,3,3,6,1,5,1,2,3,4,1
4,7,2,5,0,27,14,80,90,89,61,5,6,5,3,7,4,3,3,4,2,6,1
4,7,2,5,0,27,80,14,43,61,38,5,5,6,0,4,2,3,4,3,1,1,3
4,7,2,5,1,27,14,80,12,78,79,5,6,5,4,7,4,3,3,4,4,2,1
4,7,2,5,0,82,16,56,80,27,14,3,5,1,5,5,6,5,3,3,4,3,3
4,7,2,5,0,27,14,80,30,61,89,5,6,5,1,4,7,3,3,4,1,1,6
4,7,2,5,1,80,14,27,55,12,69,5,6,5,1,4,1,4,3,3,2,4,3
4,7,2,5,0,25,55,89,80,27,14,1,1,7,5,5,6,2,2,6,4,3,3
4,7,2,5,0,38,12,23,80,14,27,2,4,3,5,6,5,3,4,4,4,3,3
4,7,2,5,1,80,27,14,23,34,25,5,5,6,3,1,1,4,3,3,4,3,2
4,7,2,5,1,80,27,14,41,25,79,5,5,6,5,1,4,4,3,3,3,2,1
32,1,15,1,0,9,80,13,9,17,1,6,5,6,6,3,7,1,4,4,1,5,3
32,1,15,1,0,24,31,82,82,23,69,1,6,3,3,3,1,2,4,5,5,4,3
32,1,15,1,1,24,42,31,31,32,82,1,2,6,6,2,3,2,1,4,4,1,5
32,1,15,1,0,55,89,24,31,82,9,1,7,1,6,3,6,2,6,2,4,5,1
32,1,15,1,1,9,31,53,13,27,96,6,6,5,6,5,0,1,4,2,4,3,5
32,1,15,1,0,82,9,69,36,9,31,3,6,1,6,6,6,5,1,3,1,1,4
32,1,15,1,1,29,36,82,27,31,89,0,6,3,5,6,7,5,1,5,3,4,6
32,1,15,1,1,82,36,9,69,89,10,3,6,6,1,7,2,5,1,1,3,6,1
32,1,15,1,1,14,90,9,29,89,6,6,3,6,0,7,4,3,2,1,5,6,1
32,1,15,1,0,63,21,8,72,14,46,7,3,5,3,6,6,1,3,1,4,3,5
23,5,8,3,0,89,87,53,13,66,49,7,1,5,6,1,2,6,1,2,4,3,5
23,5,8,3,1,66,9,23,30,2,66,1,6,3,1,2,1,3,1,4,1,2,3
23,5,8,3,1,13,90,66,13,9,56,6,3,1,6,6,1,4,2,3,4,1,3
23,5,8,3,0,66,49,13,66,24,72,1,2,6,1,1,3,3,5,4,3,2,4
23,5,8,3,0,13,88,74,66,74,9,6,3,2,1,2,6,4,0,3,3,3,1
23,5,8,3,0,51,9,24,66,13,51,7,6,1,1,6,7,6,1,2,3,4,6
23,5,8,3,0,65,66,15,4,13,89,1,1,1,6,6,7,3,3,3,1,4,6
23,5,8,3,1,13,9,66,74,48,98,6,6,1,2,4,2,4,1,3,3,3,3
23,5,8,3,0,9,66,13,9,30,89,6,1,6,6,1,7,1,3,4,1,1,6
23,5,8,3,1,89,9,13,66,65,9,7,6,6,1,1,6,6,1,4,3,3,1
23,5,8,3,0,65,89,66,89,24,30,1,7,1,7,1,1,3,6,3,6,2,1
23,5,8,3,0,9,13,23,65,66,89,6,6,3,1,1,7,1,4,4,3,3,6
23,5,8,3,0,25,13,28,66,65,89,1,6,6,1,1,7,2,4,2,3,3,6
23,5,8,3,1,9,66,87,9,25,10,6,1,1,6,1,2,1,3,1,1,2,1
23,5,8,3,0,20,13,9,49,89,66,3,6,6,2,7,1,3,4,1,5,6,3
23,5,8,3,1,9,89,66,13,30,89,6,7,1,6,1,7,1,6,3,4,1,6
23,5,8,3,0,13,66,9,89,13,23,6,1,6,7,6,3,4,3,1,6,4,4
23,5,8,3,1,9,13,72,20,25,9,6,6,3,3,1,6,1,4,4,3,2,1
23,5,8,3,0,9,30,89,9,13,72,6,1,7,6,6,3,1,1,6,1,4,4
23,5,8,3,1,72,9,13,30,82,66,3,6,6,1,3,1,4,1,4,1,5,3
23,5,8,3,1,13,89,9,9,72,13,6,7,6,6,3,6,4,6,1,1,4,4
23,5,8,3,1,13,9,72,89,66,9,6,6,3,7,1,6,4,1,4,6,3,1
4,7,2,5,0,61,12,71,89,81,41,4,4,4,7,3,5,1,4,1,6,3,3
4,7,2,5,0,6,56,78,83,56,61,4,1,7,6,1,4,1,3,2,4,3,1
4,7,2,5,0,75,79,61,66,32,0,5,4,4,1,2,3,1,1,1,3,1,5
4,7,2,5,1,55,61,79,89,12,55,1,4,4,7,4,1,2,1,1,6,4,2
4,7,2,5,0,69,67,90,53,69,96,1,7,3,5,1,0,3,3,2,2,3,5
4,7,2,5,0,92,25,56,34,24,96,2,1,1,1,1,0,3,2,3,3,2,5
4,7,2,5,0,34,96,16,82,34,79,1,0,5,3,1,4,3,5,3,5,3,1
4,7,2,5,0,67,66,12,79,96,44,7,1,4,4,0,5,3,3,4,1,5,5
32,1,15,1,0,9,69,32,69,82,46,6,1,2,1,3,6,1,3,1,3,5,5
32,1,15,1,1,9,69,82,88,95,36,6,1,3,3,3,6,1,3,5,0,3,1
32,1,15,1,1,24,97,69,43,9,69,1,7,1,0,6,1,2,1,3,1,1,3
32,1,15,1,0,13,9,69,13,95,82,6,6,1,6,3,3,4,1,3,4,3,5
32,1,15,1,0,82,29,52,5,69,9,3,0,1,0,1,6,5,5,2,4,3,1
32,1,15,1,1,37,95,69,5,89,13,2,3,1,0,7,6,1,3,3,4,6,4
32,1,15,1,1,34,31,9,69,1,82,1,6,6,1,7,3,3,4,1,3,3,5
32,1,15,1,0,36,81,69,36,30,69,6,3,1,6,1,1,1,3,3,1,1,3
32,1,15,1,1,13,10,32,55,69,9,6,2,2,1,1,6,4,1,1,2,3,1
32,1,15,1,1,9,23,69,82,32,34,6,3,1,3,2,1,1,4,3,5,1,3
32,1,15,1,1,30,36,13,24,69,34,1,6,6,1,1,1,1,1,4,2,3,3
32,1,15,1,1,30,36,88,73,29,69,1,6,3,7,0,1,1,1,0,3,5,3
32,1,15,1,1,9,29,69,9,30,88,6,0,1,6,1,3,1,5,3,1,1,0
32,1,15,1,0,46,36,69,25,23,46,6,6,1,1,3,6,5,1,3,2,4,5
32,1,15,1,1,89,26,13,94,13,69,7,6,6,3,6,1,6,5,4,2,4,3
32,1,15,1,1,69,32,13,72,29,88,1,2,6,3,0,3,3,1,4,4,5,0
4,7,2,5,1,41,55,79,23,30,95,5,1,4,3,1,3,3,2,1,4,1,3
13,7,1,5,1,27,14,53,85,96,27,5,6,5,1,0,5,3,3,2,1,5,3
13,7,1,5,0,83,86,70,27,14,53,6,2,2,5,6,5,4,2,3,3,3,2
13,7,1,5,1,27,53,14,12,19,14,5,5,6,4,3,6,3,2,3,4,2,3
13,7,1,5,0,53,19,69,53,14,27,5,3,1,5,6,5,2,2,3,2,3,3
13,7,1,5,1,53,14,27,32,9,81,5,6,5,2,6,3,2,3,3,1,1,3
13,7,1,5,0,27,14,53,23,55,12,5,6,5,3,1,4,3,3,2,4,2,4
13,7,1,5,0,29,55,90,27,53,14,0,1,3,5,5,6,5,2,2,3,2,3
13,7,1,5,0,53,69,61,27,53,14,5,1,4,5,5,6,2,3,1,3,2,3
13,7,1,5,1,27,14,53,12,55,56,5,6,5,4,1,1,3,3,2,4,2,3
13,7,1,5,0,25,61,96,27,53,14,1,4,0,5,5,6,2,1,5,3,2,3
13,7,1,5,1,27,53,14,12,16,13,5,5,6,4,5,6,3,2,3,4,3,4
13,7,1,5,1,27,14,53,82,56,61,5,6,5,3,1,4,3,3,2,5,3,1
13,7,1,5,0,19,48,12,53,14,27,3,4,4,5,6,5,2,3,4,2,3,3
13,7,1,5,1,55,25,61,16,29,61,1,1,4,5,0,4,2,2,1,3,5,1
13,7,1,5,0,13,12,88,53,14,26,6,4,3,5,6,6,4,4,0,2,3,5
13,7,1,5,1,41,9,27,53,26,14,5,6,5,5,6,6,3,1,3,2,5,3
13,7,1,5,1,53,26,14,89,9,53,5,6,6,7,6,5,2,5,3,6,1,2
13,7,1,5,1,53,14,26,16,27,25,5,6,6,5,5,1,2,3,5,3,3,2
13,7,1,5,0,13,79,80,14,53,26,6,4,5,6,5,6,4,1,4,3,2,5
13,7,1,5,1,53,14,26,61,42,89,5,6,6,4,2,7,2,3,5,1,1,6
13,7,1,5,1,53,26,14,69,23,79,5,6,6,1,3,4,2,5,3,3,4,1
13,7,1,5,1,53,14,26,9,27,93,5,6,6,6,5,1,2,3,5,1,3,1
13,7,1,5,0,0,76,6,53,14,26,3,3,4,5,6,6,5,1,1,2,3,5
13,7,1,5,0,53,26,14,13,27,53,5,6,6,6,5,5,2,5,3,4,3,2
32,1,15,1,0,82,34,13,82,9,1,3,1,6,3,6,7,5,3,4,5,1,3
23,5,8,3,1,13,9,31,23,24,13,6,6,6,3,1,6,4,1,4,4,2,4
23,5,8,3,0,66,28,25,9,13,31,1,6,1,6,6,6,3,2,2,1,4,4
13,7,1,5,0,62,69,12,19,33,66,5,1,4,3,3,1,3,3,4,2,3,3
13,7,1,5,0,62,88,10,44,78,72,5,3,2,5,7,3,3,0,1,5,2,4
13,7,1,5,1,62,36,52,40,36,18,5,6,1,7,6,2,3,1,2,3,1,3
13,7,1,5,0,72,55,23,62,82,23,3,1,3,5,3,3,4,2,4,3,5,4
13,7,1,5,0,69,13,25,69,82,79,1,6,1,1,3,4,3,4,2,3,5,1
4,7,2,5,0,41,25,82,27,14,80,5,1,3,5,6,5,3,2,5,3,3,4
4,7,2,5,1,27,14,80,30,61,90,5,6,5,1,4,3,3,3,4,1,1,2
4,7,2,5,1,27,14,80,78,23,34,5,6,5,7,3,1,3,3,4,2,4,3
4,7,2,5,1,27,14,80,82,24,44,5,6,5,3,1,5,3,3,4,5,2,5
4,7,2,5,0,10,30,12,27,14,80,2,1,4,5,6,5,1,1,4,3,3,4
4,7,2,5,1,14,80,27,15,9,96,6,5,5,1,6,0,3,4,3,3,1,5
4,7,2,5,0,79,38,66,80,14,27,4,2,1,5,6,5,1,3,3,4,3,3
4,7,2,5,0,61,1,88,27,80,14,4,7,3,5,5,6,1,3,0,3,4,3
4,7,2,5,1,80,27,14,19,79,16,5,5,6,3,4,5,4,3,3,2,1,3
32,1,15,1,1,25,89,19,25,89,86,1,7,3,1,7,2,2,6,2,2,6,2
32,1,15,1,0,42,9,36,25,86,89,2,6,6,1,2,7,1,1,1,2,2,6
32,1,15,1,1,25,36,86,88,90,31,1,6,2,3,3,6,2,1,2,0,2,4
32,1,15,1,1,13,69,9,25,82,27,6,1,6,1,3,5,4,3,1,2,5,3
32,1,15,1,1,36,13,9,25,9,69,6,6,6,1,6,1,1,4,1,2,1,3
32,1,15,1,0,19,25,9,82,25,13,3,1,6,3,1,6,2,2,1,5,2,4
32,1,15,1,0,13,82,97,25,82,9,6,3,7,1,3,6,4,5,1,2,5,1
32,1,15,1,0,30,52,42,13,30,25,1,1,2,6,1,1,1,2,1,4,1,2
32,1,15,1,1,25,13,94,9,13,89,1,6,3,6,6,7,2,4,2,1,4,6
32,1,15,1,0,31,34,25,89,19,74,6,1,1,7,3,2,4,3,2,6,2,3
32,1,15,1,1,69,36,25,90,24,36,1,6,1,3,1,6,3,1,2,2,2,1
32,1,15,1,1,9,13,89,69,89,9,6,6,7,1,7,6,1,4,6,3,6,1
32,1,15,1,0,9,13,89,9,86,89,6,6,7,6,2,7,1,4,6,1,2,6
32,1,15,1,0,9,41,31,9,13,89,6,5,6,6,6,7,1,3,4,1,4,6
32,1,15,1,0,9,25,89,9,89,13,6,1,7,6,7,6,1,2,6,1,6,4
32,1,15,1,0,32,9,96,81,25,69,2,6,0,3,1,1,1,1,5,3,2,3
32,1,15,1,1,82,23,68,94,85,81,3,3,3,3,1,3,5,4,3,2,1,3
23,5,8,3,1,89,13,30,72,20,13,7,6,1,3,3,6,6,4,1,4,3,4
23,5,8,3,1,59,25,17,72,89,30,3,1,3,3,7,1,3,2,5,4,6,1
23,5,8,3,0,49,51,13,89,72,30,2,7,6,7,3,1,5,6,4,6,4,1
3,0,13,0,1,16,3,12,7,79,96,5,4,4,4,4,0,3,1,4,1,1,5
3,0,13,0,1,33,69,55,62,51,3,3,1,1,5,7,4,3,3,2,3,6,1
3,0,13,0,1,62,3,51,55,66,11,5,4,7,1,1,4,3,1,6,2,3,1
3,0,13,0,0,63,23,79,51,3,77,7,3,4,7,4,0,1,4,1,6,1,5
3,0,13,0,1,3,51,79,3,16,77,4,7,4,4,5,0,1,6,1,1,3,5
4,7,2,5,0,32,16,41,56,16,78,2,5,5,1,5,7,1,3,3,3,3,2
4,7,2,5,0,94,6,79,78,44,56,3,4,4,7,5,1,2,1,1,2,5,3
4,7,2,5,0,78,56,44,96,30,25,7,1,5,0,1,1,2,3,5,5,1,2
4,7,2,5,0,69,60,71,78,56,44,1,4,4,7,1,5,3,1,1,2,3,5
4,7,2,5,1,34,44,56,44,53,63,1,5,1,5,5,7,3,5,3,5,2,1
4,7,2,5,1,56,44,21,86,32,30,1,5,3,2,2,1,3,5,3,2,1,1
4,7,2,5,1,1,62,96,38,3,44,7,5,0,2,4,5,3,3,5,3,1,5
4,7,2,5,0,38,12,44,16,61,56,2,4,5,5,4,1,3,4,5,3,1,3
4,7,2,5,1,38,44,12,66,16,50,2,5,4,1,5,0,3,5,4,3,3,3
4,7,2,5,0,82,96,16,38,12,44,3,0,5,2,4,5,5,5,3,3,4,5
4,7,2,5,1,38,44,12,3,20,79,2,5,4,4,3,4,3,5,4,1,3,1
4,7,2,5,1,44,38,12,33,90,55,5,2,4,3,3,1,5,3,4,3,2,2
4,7,2,5,1,12,44,38,12,79,78,4,5,2,4,4,7,4,5,3,4,1,2
4,7,2,5,0,55,44,3,25,12,79,1,5,4,1,4,4,2,5,1,2,4,1
4,7,2,5,0,92,79,16,55,44,61,2,4,5,1,5,4,3,1,3,2,5,1
29,1,4,1,0,9,63,30,90,34,46,6,7,1,3,1,6,1,1,1,2,3,5
29,1,4,1,1,9,63,30,63,69,19,6,7,1,7,1,3,1,1,1,1,3,2
29,1,4,1,0,9,65,99,29,82,30,6,1,7,0,3,1,1,3,3,5,5,1
29,1,4,1,1,93,89,9,9,65,23,1,7,6,6,1,3,1,6,1,1,3,4
29,1,4,1,1,9,89,93,9,23,42,6,7,1,6,3,2,1,6,1,1,4,1
13,7,1,5,0,30,25,61,14,13,83,1,1,4,6,6,6,1,2,1,3,4,4
13,7,1,5,1,83,13,14,63,77,55,6,6,6,7,0,1,4,4,3,1,5,2
13,7,1,5,1,89,92,40,6,83,13,7,2,7,4,6,6,6,3,3,1,4,4
13,7,1,5,1,6,13,83,34,23,61,4,6,6,1,3,4,1,4,4,3,4,1
13,7,1,5,1,6,13,32,17,72,79,4,6,2,3,3,4,1,4,1,5,4,1
13,7,1,5,0,89,55,9,6,32,13,7,1,6,4,2,6,6,2,1,1,1,4
13,7,1,5,0,27,13,14,32,6,13,5,6,6,2,4,6,3,4,3,1,1,4
13,7,1,5,1,40,89,13,41,27,13,7,7,6,5,5,6,3,6,4,3,3,4
13,7,1,5,1,27,14,13,22,66,15,5,6,6,3,1,1,3,3,4,1,3,3
13,7,1,5,1,14,13,27,12,25,79,6,6,5,4,1,4,3,4,3,4,2,1
13,7,1,5,0,12,78,13,89,19,74,4,7,6,7,3,2,4,2,4,6,2,3
13,7,1,5,0,40,79,13,40,78,12,7,4,6,7,7,4,3,1,4,3,2,4
13,7,1,5,1,79,40,13,13,25,32,4,7,6,6,1,2,1,3,4,4,2,1
13,7,1,5,1,79,40,13,29,55,30,4,7,6,0,1,1,1,3,4,5,2,1
13,7,1,5,1,25,96,27,13,91,38,1,0,5,6,0,2,2,5,3,4,3,3
13,7,1,5,1,91,13,38,55,81,25,0,6,2,1,3,1,3,4,3,2,3,2
13,7,1,5,0,67,13,38,9,62,13,7,6,2,6,5,6,3,4,3,1,3,4
32,1,15,1,1,82,9,13,97,24,89,3,6,6,7,1,7,5,1,4,1,2,6
32,1,15,1,1,97,24,89,46,82,69,7,1,7,6,3,1,1,2,6,5,5,3
32,1,15,1,0,97,24,89,82,13,9,7,1,7,3,6,6,1,2,6,5,4,1
32,1,15,1,0,97,24,89,9,89,13,7,1,7,6,7,6,1,2,6,1,6,4
32,1,15,1,0,88,89,9,97,24,89,3,7,6,7,1,7,0,6,1,1,2,6
32,1,15,1,0,82,9,69,97,24,89,3,6,1,7,1,7,5,1,3,1,2,6
32,1,15,1,1,24,97,89,82,9,65,1,7,7,3,6,1,2,1,6,5,1,3
32,1,15,1,1,97,88,89,9,82,89,7,3,7,6,3,7,1,0,6,1,5,6
32,1,15,1,1,89,13,82,97,88,89,7,6,3,7,3,7,6,4,5,1,0,6
32,1,15,1,0,97,88,89,82,13,9,7,3,7,3,6,6,1,0,6,5,4,1
32,1,15,1,0,88,72,13,97,88,89,3,3,6,7,3,7,0,4,4,1,0,6
32,1,15,1,1,97,89,88,82,32,13,7,7,3,3,2,6,1,6,0,5,1,4
32,1,15,1,1,97,27,9,42,98,25,7,5,6,2,2,1,1,3,1,1,3,2
32,1,15,1,0,94,27,90,97,24,69,3,5,3,7,1,1,2,3,2,1,2,3
32,1,15,1,1,97,15,68,23,9,29,7,1,3,3,6,0,1,3,3,4,1,5
32,1,15,1,0,82,24,39,9,69,42,3,1,7,6,1,2,5,2,3,1,3,1
32,1,15,1,1,96,24,52,36,82,73,0,1,1,6,3,7,5,2,2,1,5,3
23,5,8,3,1,89,23,13,42,9,81,7,3,6,2,6,3,6,4,4,1,1,3
23,5,8,3,1,9,13,23,9,24,66,6,6,3,6,1,1,1,4,4,1,2,3
23,5,8,3,0,49,9,66,66,9,13,2,6,1,1,6,6,5,1,3,3,1,4
32,1,15,1,1,82,69,23,59,42,15,3,1,3,3,2,1,5,3,4,3,1,3
32,1,15,1,1,59,15,82,69,90,89,3,1,3,1,3,7,3,3,5,3,2,6
32,1,15,1,1,59,15,82,30,9,42,3,1,3,1,6,2,3,3,5,1,1,1
32,1,15,1,1,59,13,15,25,13,69,3,6,1,1,6,1,3,4,3,2,4,3
4,7,2,5,1,62,67,93,23,79,82,5,7,1,3,4,3,3,3,1,4,1,5
4,7,2,5,1,82,32,50,71,79,67,3,2,0,4,4,7,5,1,3,1,1,3
4,7,2,5,0,82,79,67,90,55,12,3,4,7,3,1,4,5,1,3,2,2,4
4,7,2,5,0,89,69,9,13,30,67,7,1,6,6,1,7,6,3,1,4,1,3
4,7,2,5,1,25,9,53,67,53,91,1,6,5,7,5,0,2,1,2,3,2,3
4,7,2,5,1,25,67,53,12,41,96,1,7,5,4,5,0,2,3,2,4,3,5
4,7,2,5,1,25,55,32,67,9,53,1,1,2,7,6,5,2,2,1,3,1,2
4,7,2,5,0,67,56,55,9,67,53,7,1,1,6,7,5,3,3,2,1,3,2
4,7,2,5,0,90,34,67,41,70,62,3,1,7,5,2,5,2,3,3,3,3,3
4,7,2,5,0,41,90,56,67,25,69,5,3,1,7,1,1,3,2,3,3,2,3
4,7,2,5,0,32,55,25,55,25,67,2,1,1,1,1,7,1,2,2,2,2,3
4,7,2,5,0,55,56,67,55,12,79,1,1,7,1,4,4,2,3,3,2,4,1
3,0,13,0,1,9,67,0,2,40,96,6,7,3,2,7,0,1,3,5,2,3,5
3,0,13,0,1,67,9,12,3,30,69,7,6,4,4,1,1,3,1,4,1,1,3
3,0,13,0,0,96,89,42,9,67,96,0,7,2,6,7,0,5,6,1,1,3,5
4,7,2,5,1,69,23,89,9,67,89,1,3,7,6,7,7,3,4,6,1,3,6
4,7,2,5,1,9,3,67,79,71,19,6,4,7,4,4,3,1,1,3,1,1,2
4,7,2,5,1,9,67,3,69,79,9,6,7,4,1,4,6,1,3,1,3,1,1
4,7,2,5,0,25,23,24,9,3,67,1,3,1,6,4,7,2,4,2,1,1,3
4,7,2,5,0,38,27,61,9,67,3,2,5,4,6,7,4,3,3,1,1,3,1
32,1,15,1,0,9,67,89,9,89,82,6,7,7,6,7,3,1,3,6,1,6,5
32,1,15,1,0,96,9,95,9,67,85,0,6,3,6,7,1,5,1,3,1,3,1
32,1,15,1,0,42,9,82,31,9,67,2,6,3,6,6,7,1,1,5,4,1,3
32,1,15,1,0,9,32,25,9,67,82,6,2,1,6,7,3,1,1,2,1,3,5
32,1,15,1,1,82,25,13,89,9,29,3,1,6,7,6,0,5,2,4,6,1,5
32,1,15,1,1,69,89,19,90,30,36,1,7,3,3,1,6,3,6,2,2,1,1
32,1,15,1,0,32,42,89,9,82,51,2,2,7,6,3,7,1,1,6,1,5,6
32,1,15,1,1,97,13,69,15,56,69,7,6,1,1,1,1,1,4,3,3,3,3
32,1,15,1,1,9,69,13,82,13,19,6,1,6,3,6,3,1,3,4,5,4,2
32,1,15,1,1,82,74,9,56,69,13,3,2,6,1,1,6,5,3,1,3,3,4
32,1,15,1,0,69,9,89,24,82,9,1,6,7,1,3,6,3,1,6,2,5,1
32,1,15,1,1,9,19,89,36,32,69,6,3,7,6,2,1,1,2,6,1,1,3
32,1,15,1,0,89,28,69,13,82,69,7,6,1,6,3,1,6,2,3,4,5,3
32,1,15,1,1,13,89,82,80,4,9,6,7,3,5,6,6,4,6,5,4,1,1
32,1,15,1,1,82,89,9,82,89,13,3,7,6,3,7,6,5,6,1,5,6,4
32,1,15,1,1,89,82,24,13,72,82,7,3,1,6,3,3,6,5,2,4,4,5
32,1,15,1,0,82,9,94,82,9,89,3,6,3,3,6,7,5,1,2,5,1,6
32,1,15,1,0,9,89,36,9,24,89,6,7,6,6,1,7,1,6,1,1,2,6
32,1,15,1,0,9,72,32,82,9,89,6,3,2,3,6,7,1,4,1,5,1,6
32,1,15,1,0,36,9,89,13,69,89,6,6,7,6,1,7,1,1,6,4,3,6
32,1,15,1,0,9,69,88,25,9,89,6,1,3,1,6,7,1,3,0,2,1,6
32,1,15,1,0,9,13,69,9,27,89,6,6,1,6,5,7,1,4,3,1,3,6
32,1,15,1,1,89,93,31,82,94,15,7,1,6,3,3,1,6,1,4,5,2,3
32,1,15,1,1,82,90,13,89,69,24,3,3,6,7,1,1,5,2,4,6,3,2
32,1,15,1,1,9,82,89,36,69,89,6,3,7,6,1,7,1,5,6,1,3,6
32,1,15,1,1,89,69,36,13,81,9,7,1,6,6,3,6,6,3,1,4,3,1
32,1,15,1,0,89,88,9,15,13,82,7,3,6,1,6,3,6,0,1,3,4,5
32,1,15,1,1,13,25,36,89,85,69,6,1,6,7,1,1,4,2,1,6,1,3
32,1,15,1,0,82,13,89,69,82,23,3,6,7,1,3,3,5,4,6,3,5,4
32,1,15,1,1,69,82,23,82,32,9,1,3,3,3,2,6,3,5,4,5,1,1
32,1,15,1,0,9,69,23,9,82,13,6,1,3,6,3,6,1,3,4,1,5,4
32,1,15,1,1,13,69,23,36,69,9,6,1,3,6,1,6,4,3,4,1,3,1
32,1,15,1,1,82,89,19,13,82,23,3,7,3,6,3,3,5,6,2,4,5,4
32,1,15,1,0,82,13,9,13,23,89,3,6,6,6,3,7,5,4,1,4,4,6
32,1,15,1,0,13,9,36,82,23,9,6,6,6,3,3,6,4,1,1,5,4,1
32,1,15,1,1,82,9,23,82,69,86,3,6,3,3,1,2,5,1,4,5,3,2
32,1,15,1,1,32,9,23,53,89,9,2,6,3,5,7,6,1,1,4,2,6,1
32,1,15,1,0,9,27,23,89,13,10,6,5,3,7,6,2,1,3,4,6,4,1
32,1,15,1,1,9,82,69,96,89,9,6,3,1,0,7,6,1,5,3,5,6,1
28,2,9,1,0,34,55,80,26,10,89,1,1,5,6,2,7,3,2,4,5,1,6
19,1,4,1,1,69,9,13,69,9,89,1,6,6,1,6,7,3,1,4,3,1,6
19,1,4,1,1,13,9,69,55,13,82,6,6,1,1,6,3,4,1,3,2,4,5
19,1,4,1,0,13,9,69,29,32,9,6,6,1,0,2,6,4,1,3,5,1,1
19,1,4,1,1,13,9,69,90,32,9,6,6,1,3,2,6,4,1,3,2,1,1
19,1,4,1,1,13,9,69,9,89,69,6,6,1,6,7,1,4,1,3,1,6,3
19,1,4,1,1,13,9,69,82,85,30,6,6,1,3,1,1,4,1,3,5,1,1
19,1,4,1,0,13,19,25,13,9,69,6,3,1,6,6,1,4,2,2,4,1,3
19,1,4,1,1,9,13,69,82,9,89,6,6,1,3,6,7,1,4,3,5,1,6
19,1,4,1,0,25,9,31,13,9,69,1,6,6,6,6,1,2,1,4,4,1,3
19,1,4,1,0,89,82,9,13,9,69,7,3,6,6,6,1,6,5,1,4,1,3
4,7,2,5,1,44,12,55,30,56,14,5,4,1,1,1,6,5,4,2,1,3,3
4,7,2,5,1,12,44,79,55,52,30,4,5,4,1,1,1,4,5,1,2,2,1
4,7,2,5,0,27,63,43,29,25,96,5,7,0,0,1,0,3,1,1,5,2,5
4,7,2,5,0,24,79,41,25,96,41,1,4,5,1,0,5,2,1,3,2,5,3
4,7,2,5,1,55,89,23,17,71,37,1,7,3,3,4,2,2,6,4,5,1,1
4,7,2,5,1,71,79,17,3,30,69,4,4,3,4,1,1,1,1,5,1,1,3
4,7,2,5,1,79,55,17,48,61,30,4,1,3,4,4,1,1,2,5,3,1,1
4,7,2,5,0,88,40,9,41,78,24,3,7,6,5,7,1,0,3,1,3,2,2
32,1,15,1,1,19,82,88,69,9,74,3,3,3,1,6,2,2,5,0,3,1,3
32,1,15,1,0,88,23,65,88,13,60,3,3,1,3,6,4,0,4,3,0,4,1
32,1,15,1,1,88,82,15,29,13,0,3,3,1,0,6,3,0,5,3,5,4,5
32,1,15,1,0,13,32,24,27,25,89,6,2,1,5,1,7,4,1,2,3,2,6
32,1,15,1,0,13,9,32,9,13,19,6,6,2,6,6,3,4,1,1,1,4,2
32,1,15,1,1,13,32,89,94,13,9,6,2,7,3,6,6,4,1,6,2,4,1
32,1,15,1,1,9,15,13,9,89,25,6,1,6,6,7,1,1,3,4,1,6,2
32,1,15,1,1,25,13,9,90,89,9,1,6,6,3,7,6,2,4,1,2,6,1
32,1,15,1,1,34,25,13,19,94,13,1,1,6,3,3,6,3,2,4,2,2,4
32,1,15,1,0,9,27,13,94,19,13,6,5,6,3,3,6,1,3,4,2,2,4
32,1,15,1,0,89,13,9,94,19,13,7,6,6,3,3,6,6,4,1,2,2,4
4,7,2,5,1,56,43,78,56,55,32,1,0,7,1,1,2,3,1,2,3,2,1
4,7,2,5,0,15,69,25,89,32,2,1,1,1,7,2,2,3,3,2,6,1,2
23,5,8,3,1,13,9,89,42,32,66,6,6,7,2,2,1,4,1,6,1,1,3
23,5,8,3,0,82,66,13,32,66,13,3,1,6,2,1,6,5,3,4,1,3,4
3,0,13,0,1,82,32,12,49,30,16,3,2,4,2,1,5,5,1,4,5,1,3
3,0,13,0,1,23,6,61,41,69,78,3,4,4,5,1,7,4,1,1,3,3,2
3,0,13,0,1,23,7,0,69,41,89,3,4,3,1,5,7,4,1,5,3,3,6
3,0,13,0,1,69,6,16,69,61,79,1,4,5,1,4,4,3,1,3,3,1,1
3,0,13,0,1,61,30,69,69,41,53,4,1,1,1,5,5,1,1,3,3,3,2
3,0,13,0,1,30,79,61,7,16,61,1,4,4,4,5,4,1,1,1,1,3,1
3,0,13,0,0,3,44,34,25,38,61,4,5,1,1,2,4,1,5,3,2,3,1
3,0,13,0,1,61,96,40,61,69,79,4,0,7,4,1,4,1,5,3,1,3,1
3,0,13,0,0,67,3,40,79,61,25,7,4,7,4,4,1,3,1,3,1,1,2
3,0,13,0,0,33,78,44,79,12,61,3,7,5,4,4,4,3,2,5,1,4,1
3,0,13,0,1,15,69,61,71,44,55,1,1,4,4,5,1,3,3,1,1,5,2
32,1,15,1,0,30,36,90,29,9,72,1,6,3,0,6,3,1,1,2,5,1,4
4,7,2,5,0,53,78,23,30,51,69,5,7,3,1,7,1,2,2,4,1,6,3
4,7,2,5,1,79,30,51,9,65,32,4,1,7,6,1,2,1,1,6,1,3,1
4,7,2,5,0,55,30,61,77,74,49,1,1,4,0,2,2,2,1,1,5,3,5
4,7,2,5,1,30,61,76,30,53,90,1,4,3,1,5,3,1,1,1,1,2,2
32,1,15,1,0,80,27,31,60,24,9,5,5,6,4,1,6,4,3,4,1,2,1
32,1,15,1,0,30,19,25,13,55,9,1,3,1,6,1,6,1,2,2,4,2,1
32,1,15,1,1,30,19,56,88,30,82,1,3,1,3,1,3,1,2,3,0,1,5
32,1,15,1,1,13,9,10,98,19,30,6,6,2,2,3,1,4,1,1,3,2,1
32,1,15,1,0,23,90,9,30,19,88,3,3,6,1,3,3,4,2,1,1,2,0
29,1,4,1,0,43,34,12,61,69,72,0,1,4,4,1,3,1,3,4,1,3,4
29,1,4,1,1,9,23,36,94,9,61,6,3,6,3,6,4,1,4,1,2,1,1
29,1,4,1,0,34,31,19,61,82,34,1,6,3,4,3,1,3,4,2,1,5,3
29,1,4,1,0,61,69,9,31,69,15,4,1,6,6,1,1,1,3,1,4,3,3
29,1,4,1,0,69,96,30,69,19,48,1,0,1,1,3,4,3,5,1,3,2,3
29,1,4,1,1,89,24,25,2,89,9,7,1,1,2,7,6,6,2,2,2,6,1
29,1,4,1,1,90,25,87,25,89,2,3,1,1,1,7,2,2,2,1,2,6,2
29,1,4,1,0,84,32,69,13,29,69,5,2,1,6,0,1,3,1,3,4,5,3
29,1,4,1,1,13,32,72,84,69,13,6,2,3,5,1,6,4,1,4,3,3,4
29,1,4,1,0,34,31,89,84,29,53,1,6,7,5,0,5,3,4,6,3,5,2
29,1,4,1,0,32,36,89,69,82,84,2,6,7,1,3,5,1,1,6,3,5,3
29,1,4,1,1,84,26,69,24,13,82,5,6,1,1,6,3,3,5,3,2,4,5
29,1,4,1,1,69,89,24,84,29,69,1,7,1,5,0,1,3,6,2,3,5,3
29,1,4,1,0,69,25,82,69,84,9,1,1,3,1,5,6,3,2,5,3,3,1
8,6,13,4,1,25,82,36,32,13,58,1,3,6,2,6,2,2,5,1,1,4,3
31,3,0,1,1,82,16,9,9,32,89,3,5,6,6,2,7,5,3,1,1,1,6
6,7,12,5,1,79,71,62,3,25,79,4,4,5,4,1,4,1,1,3,1,2,1
29,1,4,1,1,12,13,69,44,69,25,4,6,1,5,1,1,4,4,3,5,3,2
29,1,4,1,0,19,20,98,82,96,44,3,3,2,3,0,5,2,3,3,5,5,5
29,1,4,1,1,53,34,7,34,69,82,5,1,4,1,1,3,2,3,1,3,3,5
29,1,4,1,0,24,40,69,7,31,9,1,7,1,4,6,6,2,3,3,1,4,1
29,1,4,1,1,7,9,31,23,27,53,4,6,6,3,5,5,1,1,4,4,3,2
29,1,4,1,1,60,69,80,29,69,32,4,1,5,0,1,2,1,3,4,5,3,1
29,1,4,1,1,80,82,9,69,60,28,5,3,6,1,4,6,4,5,1,3,1,2
29,1,4,1,1,15,16,32,13,36,95,1,5,2,6,6,3,3,3,1,4,1,3
32,1,15,1,1,13,90,32,36,9,82,6,3,2,6,6,3,4,2,1,1,1,5
32,1,15,1,0,89,9,13,87,82,32,7,6,6,1,3,2,6,1,4,1,5,1
32,1,15,1,0,29,80,9,89,9,13,0,5,6,7,6,6,5,4,1,6,1,4
32,1,15,1,1,9,89,13,82,93,24,6,7,6,3,1,1,1,6,4,5,1,2
32,1,15,1,1,9,89,13,13,40,15,6,7,6,6,7,1,1,6,4,4,3,3
32,1,15,1,1,89,9,13,31,9,74,7,6,6,6,6,2,6,1,4,4,1,3
32,1,15,1,1,89,9,13,83,9,82,7,6,6,6,6,3,6,1,4,4,1,5
32,1,15,1,1,92,13,9,89,36,13,2,6,6,7,6,6,3,4,1,6,1,4
32,1,15,1,1,83,77,32,36,89,13,6,0,2,6,7,6,4,5,1,1,6,4
32,1,15,1,0,13,9,88,36,89,13,6,6,3,6,7,6,4,1,0,1,6,4
32,1,15,1,0,82,27,9,36,89,13,3,5,6,6,7,6,5,3,1,1,6,4
32,1,15,1,1,89,36,13,82,79,25,7,6,6,3,4,1,6,1,4,5,1,2
32,1,15,1,0,69,9,22,36,13,89,1,6,3,6,6,7,3,1,1,1,4,6
32,1,15,1,1,89,36,13,82,13,61,7,6,6,3,6,4,6,1,4,5,4,1
32,1,15,1,1,89,6,13,88,9,24,7,4,6,3,6,1,6,1,4,0,1,2
32,1,15,1,1,25,13,42,89,59,9,1,6,2,7,3,6,2,4,1,6,3,1
32,1,15,1,1,89,9,59,90,96,31,7,6,3,3,0,6,6,1,3,2,5,4
32,1,15,1,1,13,89,9,13,89,9,6,7,6,6,7,6,4,6,1,4,6,1
32,1,15,1,0,82,13,9,25,36,13,3,6,6,1,6,6,5,4,1,2,1,4
32,1,15,1,1,13,88,82,23,42,82,6,3,3,3,2,3,4,0,5,4,1,5
32,1,15,1,0,23,89,13,13,9,88,3,7,6,6,6,3,4,6,4,4,1,0
32,1,15,1,0,67,17,13,9,13,25,7,3,6,6,6,1,3,5,4,1,4,2
32,1,15,1,1,89,9,25,74,13,82,7,6,1,2,6,3,6,1,2,3,4,5
32,1,15,1,0,69,82,89,74,13,82,1,3,7,2,6,3,3,5,6,3,4,5
32,1,15,1,1,74,13,82,88,90,9,2,6,3,3,3,6,3,4,5,0,2,1
20,6,14,4,0,77,61,99,28,89,25,0,4,7,6,7,1,5,1,3,2,6,2
31,3,0,1,0,89,25,32,25,9,31,7,1,2,1,6,6,6,2,1,2,1,4
11,1,15,1,1,92,89,72,71,51,4,2,7,3,4,7,6,3,6,4,1,6,1
7,4,10,2,1,89,9,1,25,76,30,7,6,7,1,3,1,6,1,3,2,1,1
8,6,13,4,0,89,90,9,89,77,9,7,3,6,7,0,6,6,2,1,6,5,1
11,1,15,1,0,32,89,34,82,13,34,2,7,1,3,6,1,1,6,3,5,4,3
8,6,13,4,0,89,9,72,82,25,89,7,6,3,3,1,7,6,1,4,5,2,6
19,1,4,1,0,87,89,69,82,99,15,1,7,1,3,7,1,1,6,3,5,3,3
19,1,4,1,0,82,34,59,99,90,78,3,1,3,7,3,7,5,3,3,3,2,2
19,1,4,1,1,82,89,69,69,36,81,3,7,1,1,6,3,5,6,3,3,1,3
17,0,8,0,1,89,77,53,82,69,9,7,0,5,3,1,6,6,5,2,5,3,1
17,0,8,0,1,82,69,9,69,25,44,3,1,6,1,1,5,5,3,1,3,2,5
17,0,8,0,0,56,55,96,82,69,9,1,1,0,3,1,6,3,2,5,5,3,1
32,1,15,1,0,13,69,32,82,88,13,6,1,2,3,3,6,4,3,1,5,0,4
32,1,15,1,1,13,69,32,9,26,13,6,1,2,6,6,6,4,3,1,1,5,4
32,1,15,1,0,88,82,19,13,69,32,3,3,3,6,1,2,0,5,2,4,3,1
32,1,15,1,1,13,69,32,9,89,13,6,1,2,6,7,6,4,3,1,1,6,4
32,1,15,1,1,13,82,9,62,69,13,6,3,6,5,1,6,4,5,1,3,3,4
32,1,15,1,0,9,25,29,13,69,89,6,1,0,6,1,7,1,2,5,4,3,6
32,1,15,1,1,69,89,13,82,13,9,1,7,6,3,6,6,3,6,4,5,4,1
23,5,8,3,0,66,32,24,9,66,39,1,2,1,6,1,7,3,1,2,1,3,3
23,5,8,3,1,24,66,32,77,89,66,1,1,2,0,7,1,2,3,1,5,6,3
23,5,8,3,0,9,89,66,32,24,66,6,7,1,2,1,1,1,6,3,1,2,3
23,5,8,3,1,66,32,24,66,89,13,1,2,1,1,7,6,3,1,2,3,6,4
23,5,8,3,1,32,24,66,89,24,13,2,1,1,7,1,6,1,2,3,6,2,4
23,5,8,3,1,89,82,72,32,24,66,7,3,3,2,1,1,6,5,4,1,2,3
23,5,8,3,0,13,9,2,66,32,24,6,6,2,1,2,1,4,1,2,3,1,2
23,5,8,3,0,87,74,9,32,66,24,1,2,6,2,1,1,1,3,1,1,3,2
23,5,8,3,0,51,9,85,66,32,24,7,6,1,1,2,1,6,1,1,3,1,2
23,5,8,3,1,66,32,24,9,20,66,1,2,1,6,3,1,3,1,2,1,3,3
23,5,8,3,0,30,90,13,66,32,24,1,3,6,1,2,1,1,2,4,3,1,2
23,5,8,3,0,9,13,65,66,32,24,6,6,1,1,2,1,1,4,3,3,1,2
23,5,8,3,0,9,49,32,66,24,32,6,2,2,1,1,2,1,5,1,3,2,1
23,5,8,3,0,66,89,51,66,32,24,1,7,7,1,2,1,3,6,6,3,1,2
23,5,8,3,0,72,13,9,32,66,24,3,6,6,2,1,1,4,4,1,1,3,2
23,5,8,3,1,66,24,32,9,72,23,1,1,2,6,3,3,3,2,1,1,4,4
23,5,8,3,0,13,72,66,66,24,32,6,3,1,1,1,2,4,4,3,3,2,1
23,5,8,3,0,72,24,66,89,32,25,3,1,1,7,2,1,4,2,3,6,1,2
23,5,8,3,1,24,72,66,89,24,9,1,3,1,7,1,6,2,4,3,6,2,1
23,5,8,3,1,66,72,24,51,9,89,1,3,1,7,6,7,3,4,2,6,1,6
23,5,8,3,1,66,72,24,9,89,23,1,3,1,6,7,3,3,4,2,1,6,4
23,5,8,3,1,66,24,72,85,36,89,1,1,3,1,6,7,3,2,4,1,1,6
23,5,8,3,0,29,89,9,66,24,72,0,7,6,1,1,3,5,6,1,3,2,4
23,5,8,3,1,4,66,30,66,24,72,6,1,1,1,1,3,1,3,1,3,2,4
23,5,8,3,0,82,13,30,89,17,21,3,6,1,7,3,3,5,4,1,6,5,3
23,5,8,3,0,23,13,2,72,15,32,3,6,2,3,1,2,4,4,2,4,3,1
23,5,8,3,1,25,13,51,2,65,48,1,6,7,2,1,4,2,4,6,2,3,3
23,5,8,3,1,30,13,2,65,32,51,1,6,2,1,2,7,1,4,2,3,1,6
23,5,8,3,0,20,95,8,2,13,23,3,3,5,2,6,3,3,3,1,2,4,4
23,5,8,3,0,25,13,2,78,89,9,1,6,2,7,7,6,2,4,2,2,6,1
23,5,8,3,1,72,66,13,25,13,2,3,1,6,1,6,2,4,3,4,2,4,2
23,5,8,3,1,25,2,13,90,81,85,1,2,6,3,3,1,2,2,4,2,3,1
23,5,8,3,1,25,2,13,32,89,66,1,2,6,2,7,1,2,2,4,1,6,3
23,5,8,3,0,13,17,9,25,2,13,6,3,6,1,2,6,4,5,1,2,2,4
23,5,8,3,1,66,23,9,90,51,12,1,3,6,3,7,4,3,4,1,2,6,4
23,5,8,3,1,13,24,9,66,82,9,6,1,6,1,3,6,4,2,1,3,5,1
23,5,8,3,0,56,82,23,9,56,82,1,3,3,6,1,3,3,5,4,1,3,5
23,5,8,3,0,13,72,56,32,9,43,6,3,1,2,6,0,4,4,3,1,1,1
32,1,15,1,0,94,28,69,94,24,36,3,6,1,3,1,6,2,2,3,2,2,1
23,5,8,3,0,36,25,42,36,25,66,6,1,2,6,1,1,1,2,1,1,2,3
23,5,8,3,1,23,20,9,31,6,41,3,3,6,6,4,5,4,3,1,4,1,3
23,5,8,3,1,13,9,23,13,9,82,6,6,3,6,6,3,4,1,4,4,1,5
16,8,3,5,1,36,90,79,69,31,62,6,3,4,1,6,5,1,2,1,3,4,3
29,1,4,1,1,9,52,69,46,82,69,6,1,1,6,3,1,1,2,3,5,5,3
29,1,4,1,1,42,69,52,9,6,32,2,1,1,6,4,2,1,3,2,1,1,1
10,4,10,2,0,12,13,52,55,9,69,4,6,1,1,6,1,4,4,2,2,1,3
34,9,16,5,0,13,32,9,52,7,37,6,2,6,1,4,2,4,1,1,2,1,1
34,9,16,5,0,50,69,56,7,66,52,0,1,1,4,1,1,3,3,3,1,3,2
20,6,14,4,1,61,25,36,95,96,52,4,1,6,3,0,1,1,2,1,3,5,2
20,6,14,4,1,10,25,95,34,61,10,2,1,3,1,4,2,1,2,3,3,1,1
13,7,1,5,1,30,55,79,53,91,67,1,1,4,5,0,7,1,2,1,2,3,3
13,7,1,5,1,82,30,79,23,16,79,3,1,4,3,5,4,5,1,1,4,3,1
13,7,1,5,0,55,79,82,30,53,41,1,4,3,1,5,5,2,1,5,1,2,3
13,7,1,5,1,32,43,79,55,44,79,2,0,4,1,5,4,1,1,1,2,5,1
13,7,1,5,1,79,79,17,30,56,12,4,4,3,1,1,4,1,1,5,1,3,4
13,7,1,5,0,55,79,25,69,44,53,1,4,1,1,5,5,2,1,2,3,5,2
13,7,1,5,0,20,83,27,79,27,89,3,6,5,4,5,7,3,4,3,1,3,6
13,7,1,5,1,53,27,9,90,26,53,5,5,6,3,6,5,2,3,1,2,5,2
13,7,1,5,0,28,56,21,27,9,53,6,1,3,5,6,5,2,3,3,3,1,2
13,7,1,5,1,79,25,23,56,79,69,4,1,3,1,4,1,1,2,4,3,1,3
13,7,1,5,1,55,30,79,89,61,23,1,1,4,7,4,3,2,1,1,6,1,4
19,1,4,1,0,23,67,9,9,68,89,3,7,6,6,3,7,4,3,1,1,3,6
17,0,8,0,1,99,55,69,16,69,27,7,1,1,5,1,5,3,2,3,3,3,3
17,0,8,0,0,32,69,67,82,9,53,2,1,7,3,6,5,1,3,3,5,1,2
4,7,2,5,1,55,69,22,53,25,9,1,1,3,5,1,6,2,3,1,2,2,1
32,1,15,1,1,69,82,13,9,69,13,1,3,6,6,1,6,3,5,4,1,3,4
11,1,15,1,1,89,36,26,31,13,24,7,6,6,6,6,1,6,1,5,4,4,2
11,1,15,1,0,88,82,89,89,14,55,3,3,7,7,6,1,0,5,6,6,3,2
6,7,12,5,0,78,79,30,71,61,79,7,4,1,4,4,4,2,1,1,1,1,1
29,1,4,1,1,93,78,34,82,9,89,1,7,1,3,6,7,1,2,3,5,1,6
29,1,4,1,0,9,34,69,93,78,34,6,1,1,1,7,1,1,3,3,1,2,3
29,1,4,1,0,89,69,9,93,34,78,7,1,6,1,1,7,6,3,1,1,3,2
29,1,4,1,0,90,9,89,90,78,93,3,6,7,3,7,1,2,1,6,2,2,1
29,1,4,1,1,13,29,89,93,78,36,6,0,7,1,7,6,4,5,6,1,2,1
29,1,4,1,1,69,9,15,93,78,32,1,6,1,1,7,2,3,1,3,1,2,1
29,1,4,1,0,9,52,69,93,72,78,6,1,1,1,3,7,1,2,3,1,4,2
19,1,4,1,0,9,69,55,93,72,78,6,1,1,1,3,7,1,3,2,1,4,2
19,1,4,1,1,93,78,72,13,9,23,1,7,3,6,6,3,1,2,4,4,1,4
19,1,4,1,0,9,96,89,93,78,72,6,0,7,1,7,3,1,5,6,1,2,4
19,1,4,1,0,25,9,89,78,72,93,1,6,7,7,3,1,2,1,6,2,4,1
19,1,4,1,1,93,78,72,76,9,13,1,7,3,3,6,6,1,2,4,1,1,4
19,1,4,1,1,86,89,34,93,78,72,2,7,1,1,7,3,2,6,3,1,2,4
19,1,4,1,1,93,34,72,65,23,69,1,1,3,1,3,1,1,3,4,3,4,3
19,1,4,1,1,36,9,25,93,34,72,6,6,1,1,1,3,1,1,2,1,3,4
19,1,4,1,0,25,46,9,93,72,34,1,6,6,1,3,1,2,5,1,1,4,3
19,1,4,1,1,93,72,34,36,55,9,1,3,1,6,1,6,1,4,3,1,2,1
19,1,4,1,0,9,18,23,93,34,72,6,2,3,1,1,3,1,3,4,1,3,4
19,1,4,1,1,93,72,34,52,69,78,1,3,1,1,1,7,1,4,3,2,3,2
19,1,4,1,0,23,9,69,93,34,72,3,6,1,1,1,3,4,1,3,1,3,4
19,1,4,1,1,11,93,72,89,9,30,4,1,3,7,6,1,1,1,4,6,1,1
19,1,4,1,1,93,11,72,9,69,29,1,4,3,6,1,0,1,1,4,1,3,5
32,1,15,1,1,32,74,88,13,31,93,2,2,3,6,6,1,1,3,0,4,4,1
32,1,15,1,0,13,93,69,9,13,4,6,1,1,6,6,6,4,1,3,1,4,1
32,1,15,1,0,23,93,13,9,13,60,3,1,6,6,6,4,4,1,4,1,4,1
32,1,15,1,1,23,93,13,44,83,46,3,1,6,5,6,6,4,1,4,5,4,5
13,7,1,5,1,83,82,53,69,1,61,6,3,5,1,7,4,4,5,2,3,3,1
13,7,1,5,0,10,48,53,69,1,94,2,4,5,1,7,3,1,3,2,3,3,2
13,7,1,5,1,12,69,61,30,92,79,4,1,4,1,2,4,4,3,1,1,3,1
29,1,4,1,1,69,9,94,61,13,9,1,6,3,4,6,6,3,1,2,1,4,1
13,7,1,5,0,52,88,30,67,61,55,1,3,1,7,4,1,2,0,1,3,1,2
13,7,1,5,0,38,26,16,88,67,61,2,6,5,3,7,4,3,5,3,0,3,1
13,7,1,5,1,55,67,61,9,33,13,1,7,4,6,3,6,2,3,1,1,3,4
13,7,1,5,0,89,78,56,14,27,23,7,7,1,6,5,3,6,2,3,3,3,4
13,7,1,5,0,30,89,85,78,56,89,1,7,1,7,1,7,1,6,1,2,3,6
13,7,1,5,1,27,53,13,56,16,89,5,5,6,1,5,7,3,2,4,3,3,6
13,7,1,5,1,36,56,27,56,16,89,6,1,5,1,5,7,1,3,3,3,3,6
13,7,1,5,1,16,41,89,56,83,69,5,5,7,1,6,1,3,3,6,3,4,3
13,7,1,5,1,61,23,13,16,41,89,4,3,6,5,5,7,1,4,4,3,3,6
13,7,1,5,0,41,89,16,44,90,71,5,7,5,5,3,4,3,6,3,5,2,1
13,7,1,5,0,69,53,41,88,23,32,1,5,5,3,3,2,3,2,3,0,4,1
13,7,1,5,1,23,89,55,69,14,23,3,7,1,1,6,3,4,6,2,3,3,4
13,7,1,5,1,23,69,14,69,44,26,3,1,6,1,5,6,4,3,3,3,5,5
13,7,1,5,1,69,19,30,14,71,69,1,3,1,6,4,1,3,2,1,3,1,3
32,1,15,1,1,87,90,24,60,74,13,1,3,1,4,2,6,1,2,2,1,3,4
32,1,15,1,0,94,74,13,24,32,9,3,2,6,1,2,6,2,3,4,2,1,1
32,1,15,1,0,9,82,13,69,74,13,6,3,6,1,2,6,1,5,4,3,3,4
4,7,2,5,0,27,38,71,12,55,16,5,2,4,4,1,5,3,3,1,4,2,3
4,7,2,5,1,12,55,16,16,78,12,4,1,5,5,7,4,4,2,3,3,2,4
4,7,2,5,0,82,43,2,12,55,16,3,0,2,4,1,5,5,1,2,4,2,3
4,7,2,5,0,90,82,23,12,55,16,3,3,3,4,1,5,2,5,4,4,2,3
4,7,2,5,1,12,16,55,79,67,3,4,5,1,4,7,4,4,3,2,1,3,1
4,7,2,5,1,12,55,16,34,61,69,4,1,5,1,4,1,4,2,3,3,1,3
4,7,2,5,0,30,55,53,55,12,16,1,1,5,1,4,5,1,2,2,2,4,3
4,7,2,5,1,55,12,16,13,90,12,1,4,5,6,3,4,2,4,3,4,2,4
4,7,2,5,1,12,55,16,32,25,79,4,1,5,2,1,4,4,2,3,1,2,1
4,7,2,5,0,66,71,6,12,55,16,1,4,4,4,1,5,3,1,1,4,2,3
4,7,2,5,1,55,16,12,12,34,89,1,5,4,4,1,7,2,3,4,4,3,6
4,7,2,5,1,55,12,16,96,66,55,1,4,5,0,1,1,2,4,3,5,3,2
4,7,2,5,0,82,81,79,12,55,16,3,3,4,4,1,5,5,3,1,4,2,3
4,7,2,5,1,12,55,16,93,90,12,4,1,5,1,3,4,4,2,3,1,2,4
4,7,2,5,0,49,69,12,12,55,16,2,1,4,4,1,5,5,3,4,4,2,3
4,7,2,5,0,25,16,69,12,55,16,1,5,1,4,1,5,2,3,3,4,2,3
4,7,2,5,0,79,23,90,12,55,16,4,3,3,4,1,5,1,4,2,4,2,3
4,7,2,5,1,12,16,55,55,79,61,4,5,1,1,4,4,4,3,2,2,1,1
4,7,2,5,0,12,55,16,71,12,32,4,1,5,4,4,2,4,2,3,1,4,1
11,1,15,1,1,89,9,80,43,0,40,7,6,5,0,3,7,6,1,4,1,5,3
8,6,13,4,0,89,32,10,8,9,42,7,2,2,5,6,2,6,1,1,1,1,1
29,1,4,1,1,9,25,23,9,26,23,6,1,3,6,6,3,1,2,4,1,5,4
29,1,4,1,0,9,69,34,23,9,25,6,1,1,3,6,1,1,3,3,4,1,2
29,1,4,1,0,9,26,77,23,25,9,6,6,0,3,1,6,1,5,5,4,2,1
29,1,4,1,0,32,9,89,23,25,9,2,6,7,3,1,6,1,1,6,4,2,1
29,1,4,1,0,90,89,69,9,23,25,3,7,1,6,3,1,2,6,3,1,4,2
29,1,4,1,1,9,89,65,23,25,9,6,7,1,3,1,6,1,6,3,4,2,1
29,1,4,1,1,9,23,25,90,96,94,6,3,1,3,0,3,1,4,2,2,5,2
29,1,4,1,0,9,23,25,94,9,69,6,3,1,3,6,1,1,4,2,2,1,3
29,1,4,1,0,23,9,25,25,99,13,3,6,1,1,7,6,4,1,2,2,3,4
29,1,4,1,1,23,9,25,4,53,36,3,6,1,6,5,6,4,1,2,1,2,1
29,1,4,1,0,13,9,23,9,23,25,6,6,3,6,3,1,4,1,4,1,4,2
4,7,2,5,1,9,12,79,61,48,56,6,4,4,4,4,1,1,4,1,1,3,3
4,7,2,5,0,93,92,96,61,48,88,1,2,0,4,4,3,1,3,5,1,3,0
4,7,2,5,1,61,48,69,29,31,36,4,4,1,0,6,6,1,3,3,5,4,1
4,7,2,5,1,89,48,55,56,89,25,7,4,1,1,7,1,6,3,2,3,6,2
32,1,15,1,1,68,9,82,90,72,94,3,6,3,3,3,3,3,1,5,2,4,2
32,1,15,1,0,36,13,25,15,90,74,6,6,1,1,3,2,1,4,2,3,2,3
32,1,15,1,1,54,83,32,15,19,74,0,6,2,1,3,2,1,4,1,3,2,3
32,1,15,1,1,19,74,15,22,34,9,3,2,1,3,1,6,2,3,3,1,3,1
32,1,15,1,1,19,74,30,91,13,32,3,2,1,0,6,2,2,3,1,3,4,1
32,1,15,1,0,34,74,9,88,82,90,1,2,6,3,3,3,3,3,1,0,5,2
32,1,15,1,0,27,13,69,34,74,9,5,6,1,1,2,6,3,4,3,3,3,1
32,1,15,1,0,55,72,10,34,74,52,1,3,2,1,2,1,2,4,1,3,3,2
32,1,15,1,0,29,46,88,55,34,74,0,6,3,1,1,2,5,5,0,2,3,3
4,7,2,5,0,55,56,25,90,80,16,1,1,1,3,5,5,2,3,2,2,4,3
4,7,2,5,1,56,55,23,1,61,27,1,1,3,7,4,5,3,2,4,3,1,3
4,7,2,5,0,94,53,61,55,56,37,3,5,4,1,1,2,2,2,1,2,3,1
4,7,2,5,0,56,39,69,69,79,44,1,7,1,1,4,5,3,3,3,3,1,5
4,7,2,5,1,39,56,12,56,61,69,7,1,4,1,4,1,3,3,4,3,1,3
4,7,2,5,1,44,70,69,25,56,79,5,2,1,1,1,4,5,3,3,2,3,1
4,7,2,5,1,56,78,79,26,56,53,1,7,4,6,1,5,3,2,1,5,3,2
4,7,2,5,1,56,70,55,16,50,12,1,2,1,5,0,4,3,3,2,3,3,4
20,6,14,4,0,60,25,80,96,89,52,4,1,5,0,7,1,1,2,4,5,6,2
20,6,14,4,0,25,32,9,9,32,89,1,2,6,6,2,7,2,1,1,1,1,6
20,6,14,4,1,25,32,9,89,9,69,1,2,6,7,6,1,2,1,1,6,1,3
20,6,14,4,1,25,32,9,9,12,69,1,2,6,6,4,1,2,1,1,1,4,3
20,6,14,4,1,25,9,32,9,25,34,1,6,2,6,1,1,2,1,1,1,2,3
32,1,15,1,1,42,34,9,72,13,27,2,1,6,3,6,5,1,3,1,4,4,3
32,1,15,1,0,19,9,31,13,36,9,3,6,6,6,6,6,2,1,4,4,1,1
32,1,15,1,1,31,87,9,9,19,45,6,1,6,6,3,6,4,1,1,1,2,1
23,5,8,3,0,72,28,25,66,56,89,3,6,1,1,1,7,4,2,2,3,3,6
23,5,8,3,1,13,66,24,25,23,56,6,1,1,1,3,1,4,3,2,2,4,3
23,5,8,3,1,9,22,25,13,74,25,6,3,1,6,2,1,1,1,2,4,3,2
23,5,8,3,0,36,66,25,51,13,65,6,1,1,7,6,1,1,3,2,6,4,3
32,1,15,1,0,34,72,42,82,24,13,1,3,2,3,1,6,3,4,1,5,2,4
32,1,15,1,1,29,58,13,13,24,82,0,2,6,6,1,3,5,3,4,4,2,5
32,1,15,1,1,13,82,24,68,29,86,6,3,1,3,0,2,4,5,2,3,5,2
29,1,4,1,1,74,25,84,9,98,69,2,1,5,6,2,1,3,2,3,1,3,3
29,1,4,1,1,74,25,84,27,15,78,2,1,5,5,1,7,3,2,3,3,3,2
29,1,4,1,0,82,69,34,84,25,74,3,1,1,5,1,2,5,3,3,3,2,3
29,1,4,1,0,89,25,23,84,9,25,7,1,3,5,6,1,6,2,4,3,1,2
29,1,4,1,1,65,34,60,36,84,25,1,1,4,6,5,1,3,3,1,1,3,2
29,1,4,1,0,24,82,23,36,25,84,1,3,3,6,1,5,2,5,4,1,2,3
29,1,4,1,1,36,84,25,9,82,31,6,5,1,6,3,6,1,3,2,1,5,4
29,1,4,1,1,16,65,32,84,36,25,5,1,2,5,6,1,3,3,1,3,1,2
29,1,4,1,0,45,26,13,36,84,25,6,6,6,6,5,1,1,5,4,1,3,2
29,1,4,1,0,22,15,69,84,36,25,3,1,1,5,6,1,1,3,3,3,1,2
29,1,4,1,1,36,25,84,30,19,69,6,1,5,1,3,1,1,2,3,1,2,3
29,1,4,1,1,23,36,25,69,9,89,3,6,1,1,6,7,4,1,2,3,1,6
29,1,4,1,1,9,93,89,9,25,89,6,1,7,6,1,7,1,1,6,1,2,6
29,1,4,1,0,89,29,24,93,89,23,7,0,1,1,7,3,6,5,2,1,6,4
29,1,4,1,0,32,82,89,5,69,23,2,3,7,0,1,3,1,5,6,4,3,4
29,1,4,1,0,23,9,53,69,89,32,3,6,5,1,7,2,4,1,2,3,6,1
29,1,4,1,1,9,82,69,23,31,69,6,3,1,3,6,1,1,5,3,4,4,3
29,1,4,1,1,29,82,23,9,52,73,0,3,3,6,1,7,5,5,4,1,2,3
29,1,4,1,0,23,9,93,51,82,15,3,6,1,7,3,1,4,1,1,6,5,3
29,1,4,1,1,23,74,36,32,36,33,3,2,6,2,6,3,4,3,1,1,1,3
29,1,4,1,1,78,13,15,9,69,23,7,6,1,6,1,3,2,4,3,1,3,4
29,1,4,1,0,30,89,94,15,69,23,1,7,3,1,1,3,1,6,2,3,3,4
29,1,4,1,1,23,69,26,62,90,32,3,1,6,5,3,2,4,3,5,3,2,1
29,1,4,1,0,19,69,10,28,13,24,3,1,2,6,6,1,2,3,1,2,4,2
32,1,15,1,0,82,13,9,82,95,9,3,6,6,3,3,6,5,4,1,5,3,1
32,1,15,1,0,82,9,13,25,13,89,3,6,6,1,6,7,5,1,4,2,4,6
32,1,15,1,0,96,27,69,13,82,9,0,5,1,6,3,6,5,3,3,4,5,1
32,1,15,1,1,82,13,9,96,13,29,3,6,6,0,6,0,5,4,1,5,4,5
32,1,15,1,0,82,52,42,13,82,36,3,1,2,6,3,6,5,2,1,4,5,1
32,1,15,1,0,36,82,9,21,82,69,6,3,6,3,3,1,1,5,1,3,5,3
32,1,15,1,0,82,25,29,9,82,23,3,1,0,6,3,3,5,2,5,1,5,4
32,1,15,1,1,72,18,9,69,9,82,3,2,6,1,6,3,4,3,1,3,1,5
32,1,15,1,0,69,98,31,69,9,82,1,2,6,1,6,3,3,3,4,3,1,5
32,1,15,1,0,82,69,25,9,82,69,3,1,1,6,3,1,5,3,2,1,5,3
32,1,15,1,0,9,82,32,13,46,67,6,3,2,6,6,7,1,5,1,4,5,3
32,1,15,1,0,32,9,25,9,82,32,2,6,1,6,3,2,1,1,2,1,5,1
32,1,15,1,1,9,82,81,90,48,13,6,3,3,3,4,6,1,5,3,2,3,4
32,1,15,1,1,9,82,69,31,98,23,6,3,1,6,2,3,1,5,3,4,3,4
32,1,15,1,1,32,69,19,9,82,69,2,1,3,6,3,1,1,3,2,1,5,3
32,1,15,1,1,82,46,13,9,82,69,3,6,6,6,3,1,5,5,4,1,5,3
32,1,15,1,1,26,8,80,77,9,82,6,5,5,0,6,3,5,1,4,5,1,5
32,1,15,1,1,52,90,82,29,95,36,1,3,3,0,3,6,2,2,5,5,3,1
32,1,15,1,0,30,25,82,23,13,82,1,1,3,3,6,3,1,2,5,4,4,5
32,1,15,1,1,9,32,82,69,25,82,6,2,3,1,1,3,1,1,5,3,2,5
32,1,15,1,0,82,26,36,13,82,25,3,6,6,6,3,1,5,5,1,4,5,2
32,1,15,1,0,9,13,60,82,23,9,6,6,4,3,3,6,1,4,1,5,4,1
32,1,15,1,0,13,72,89,82,23,9,6,3,7,3,3,6,4,4,6,5,4,1
32,1,15,1,1,82,9,13,69,23,9,3,6,6,1,3,6,5,1,4,3,4,1
32,1,15,1,0,13,94,9,69,9,23,6,3,6,1,6,3,4,2,1,3,1,4
32,1,15,1,1,69,23,9,29,31,24,1,3,6,0,6,1,3,4,1,5,4,2
32,1,15,1,0,23,69,9,9,89,82,3,1,6,6,7,3,4,3,1,1,6,5
32,1,15,1,0,69,23,9,13,89,82,1,3,6,6,7,3,3,4,1,4,6,5
32,1,15,1,1,23,69,9,89,13,69,3,1,6,7,6,1,4,3,1,6,4,3
32,1,15,1,0,98,34,81,69,23,9,2,1,3,1,3,6,3,3,3,3,4,1
32,1,15,1,0,67,26,9,69,23,9,7,6,6,1,3,6,3,5,1,3,4,1
32,1,15,1,1,36,9,25,82,23,9,6,6,1,3,3,6,1,1,2,5,4,1
32,1,15,1,1,23,9,34,29,9,34,3,6,1,0,6,1,4,1,3,5,1,3
29,1,4,1,1,15,89,30,30,23,13,1,7,1,1,3,6,3,6,1,1,4,4
29,1,4,1,1,23,69,9,82,23,51,3,1,6,3,3,7,4,3,1,5,4,6
29,1,4,1,1,69,23,15,69,9,53,1,3,1,1,6,5,3,4,3,3,1,2
29,1,4,1,1,89,9,23,81,69,37,7,6,3,3,1,2,6,1,4,3,3,1
29,1,4,1,0,13,90,9,89,9,23,6,3,6,7,6,3,4,2,1,6,1,4
29,1,4,1,1,13,69,23,9,23,69,6,1,3,6,3,1,4,3,4,1,4,3
29,1,4,1,1,9,32,23,74,86,9,6,2,3,2,2,6,1,1,4,3,2,1
29,1,4,1,0,82,46,23,82,24,23,3,6,3,3,1,3,5,5,4,5,2,4
29,1,4,1,1,13,23,9,78,69,23,6,3,6,7,1,3,4,4,1,2,3,4
29,1,4,1,1,69,17,23,26,9,23,1,3,3,6,6,3,3,5,4,5,1,4
29,1,4,1,0,89,13,69,53,23,36,7,6,1,5,3,6,6,4,3,2,4,1
29,1,4,1,1,67,69,32,82,23,69,7,1,2,3,3,1,3,3,1,5,4,3
29,1,4,1,1,9,82,23,89,9,29,6,3,3,7,6,0,1,5,4,6,1,5
4,7,2,5,0,53,55,61,53,26,25,5,1,4,5,6,1,2,2,1,2,5,2
4,7,2,5,1,61,69,55,51,69,42,4,1,1,7,1,2,1,3,2,6,3,1
4,7,2,5,0,79,61,6,79,61,55,4,4,4,4,4,1,1,1,1,1,1,2
4,7,2,5,1,92,61,42,12,16,15,2,4,2,4,5,1,3,1,1,4,3,3
4,7,2,5,0,61,1,2,14,90,22,4,7,2,6,3,3,1,3,2,3,2,1
4,7,2,5,1,16,55,25,69,22,61,5,1,1,1,3,4,3,2,2,3,1,1
4,7,2,5,0,25,56,23,25,61,68,1,1,3,1,4,3,2,3,4,2,1,3
4,7,2,5,1,25,61,55,56,90,25,1,4,1,1,3,1,2,1,2,3,2,2
4,7,2,5,1,55,61,79,61,27,89,1,4,4,4,5,7,2,1,1,1,3,6
4,7,2,5,0,61,69,89,12,55,56,4,1,7,4,1,1,1,3,6,4,2,3
4,7,2,5,0,80,74,25,6,55,61,5,2,1,4,1,4,4,3,2,1,2,1
4,7,2,5,1,61,55,78,89,82,44,4,1,7,7,3,5,1,2,2,6,5,5
4,7,2,5,0,23,63,1,78,55,61,3,7,7,7,1,4,4,1,3,2,2,1
4,7,2,5,1,61,43,55,28,76,79,4,0,1,6,3,4,1,1,2,2,1,1
4,7,2,5,1,61,34,56,25,55,82,4,1,1,1,1,3,1,3,3,2,2,5
4,7,2,5,0,93,78,61,34,26,53,1,7,4,1,6,5,1,2,1,3,5,2
4,7,2,5,0,18,74,23,12,3,61,2,2,3,4,4,4,3,3,4,4,1,1
4,7,2,5,0,55,81,33,82,77,55,1,3,3,3,0,1,2,3,3,5,5,2
4,7,2,5,0,94,79,89,27,9,55,3,4,7,5,6,1,2,1,6,3,1,2
4,7,2,5,1,55,5,0,93,70,30,1,0,3,1,2,1,2,4,5,1,3,1
32,1,15,1,0,82,1,46,32,46,36,3,7,6,2,6,6,5,3,5,1,5,1
32,1,15,1,0,69,88,65,82,27,94,1,3,1,3,5,3,3,0,3,5,3,2
32,1,15,1,1,9,89,88,82,9,60,6,7,3,3,6,4,1,6,0,5,1,1
32,1,15,1,1,13,31,88,82,31,13,6,6,3,3,6,6,4,4,0,5,4,4
32,1,15,1,0,27,32,13,72,82,88,5,2,6,3,3,3,3,1,4,4,5,0
32,1,15,1,1,9,88,13,9,54,82,6,3,6,6,0,3,1,0,4,1,1,5
32,1,15,1,1,86,54,13,13,88,32,2,0,6,6,3,2,2,1,4,4,0,1
32,1,15,1,1,69,9,54,29,31,36,1,6,0,0,6,6,3,1,1,5,4,1
32,1,15,1,0,82,80,54,29,14,89,3,5,0,0,6,7,5,4,1,5,3,6
32,1,15,1,0,25,32,54,24,9,13,1,2,0,1,6,6,2,1,1,2,1,4
4,7,2,5,1,78,54,41,92,51,32,7,0,5,2,7,2,2,1,3,3,6,1
4,7,2,5,1,82,70,54,55,16,66,3,2,0,1,5,1,5,3,1,2,3,3
32,1,15,1,1,25,90,24,13,9,54,1,3,1,6,6,0,2,2,2,4,1,1
32,1,15,1,0,15,82,24,13,82,19,1,3,1,6,3,3,3,5,2,4,5,2
32,1,15,1,0,30,24,13,13,82,19,1,1,6,6,3,3,1,2,4,4,5,2
32,1,15,1,0,15,30,69,82,19,13,1,1,1,3,3,6,3,1,3,5,2,4
32,1,15,1,1,19,82,13,32,96,82,3,3,6,2,0,3,2,5,4,1,5,5
32,1,15,1,0,13,89,46,82,13,19,6,7,6,3,6,3,4,6,5,5,4,2
32,1,15,1,1,13,82,19,9,69,31,6,3,3,6,1,6,4,5,2,1,3,4
32,1,15,1,1,13,19,82,87,9,69,6,3,3,1,6,1,4,2,5,1,1,3
32,1,15,1,0,46,82,25,13,19,82,6,3,1,6,3,3,5,5,2,4,2,5
32,1,15,1,0,13,55,82,62,89,13,6,1,3,5,7,6,4,2,5,3,6,4
32,1,15,1,0,81,80,9,82,55,13,3,5,6,3,1,6,3,4,1,5,2,4
32,1,15,1,1,82,9,90,24,13,55,3,6,3,1,6,1,5,1,2,2,4,2
32,1,15,1,0,13,24,90,19,27,30,6,1,3,3,5,1,4,2,2,2,3,1
32,1,15,1,0,34,10,89,24,13,90,1,2,7,1,6,3,3,1,6,2,4,2
29,1,4,1,0,24,82,69,69,6,24,1,3,1,1,4,1,2,5,3,3,1,2
29,1,4,1,1,6,69,24,89,29,9,4,1,1,7,0,6,1,3,2,6,5,1
29,1,4,1,1,9,88,27,9,24,31,6,3,5,6,1,6,1,0,3,1,2,4
29,1,4,1,0,80,89,19,69,87,30,5,7,3,1,1,1,4,6,2,3,1,1
29,1,4,1,1,31,34,24,9,93,69,6,1,1,6,1,1,4,3,2,1,1,3
29,1,4,1,1,36,89,24,69,24,13,6,7,1,1,1,6,1,6,2,3,2,4
29,1,4,1,1,36,46,13,40,36,89,6,6,6,7,6,7,1,5,4,3,1,6
29,1,4,1,1,13,97,82,89,40,81,6,7,3,7,7,3,4,1,5,6,3,3
29,1,4,1,1,40,81,89,98,36,95,7,3,7,2,6,3,3,3,6,3,1,3
29,1,4,1,1,25,9,13,89,81,40,1,6,6,7,3,7,2,1,4,6,3,3
29,1,4,1,1,89,40,81,9,69,25,7,7,3,6,1,1,6,3,3,1,3,2
29,1,4,1,1,89,81,40,25,9,36,7,3,7,1,6,6,6,3,3,2,1,1
29,1,4,1,1,89,81,40,9,69,13,7,3,7,6,1,6,6,3,3,1,3,4
29,1,4,1,0,10,25,89,89,81,40,2,1,7,7,3,7,1,2,6,6,3,3
29,1,4,1,1,89,81,40,69,89,60,7,3,7,1,7,4,6,3,3,3,6,1
29,1,4,1,1,89,81,40,82,93,27,7,3,7,3,1,5,6,3,3,5,1,3
32,1,15,1,0,36,40,31,54,88,82,6,7,6,0,3,3,1,3,4,1,0,5
34,9,16,5,1,71,25,82,71,16,30,4,1,3,4,5,1,1,2,5,1,3,1
34,9,16,5,1,16,9,30,19,12,30,5,6,1,3,4,1,3,1,1,2,4,1
34,9,16,5,1,16,9,17,80,30,13,5,6,3,5,1,6,3,1,5,4,1,4
34,9,16,5,1,69,16,9,69,79,30,1,5,6,1,4,1,3,3,1,3,1,1
27,4,8,2,1,41,25,13,89,69,32,5,1,6,7,1,2,3,2,4,6,3,1
27,4,8,2,0,9,25,20,55,25,13,6,1,3,1,1,6,1,2,3,2,2,4
27,4,8,2,1,55,25,13,23,55,24,1,1,6,3,1,1,2,2,4,4,2,2
27,4,8,2,1,25,55,13,78,34,69,1,1,6,7,1,1,2,2,4,2,3,3
27,4,8,2,0,62,25,10,55,25,13,5,1,2,1,1,6,3,2,1,2,2,4
34,9,16,5,1,23,40,79,16,61,25,3,7,4,5,4,1,4,3,1,3,1,2
34,9,16,5,0,30,56,59,16,52,93,1,1,3,5,1,1,1,3,3,3,2,1
34,9,16,5,0,30,66,89,44,69,16,1,1,7,5,1,5,1,3,6,5,3,3
29,1,4,1,1,32,29,69,23,82,36,2,0,1,3,3,6,1,5,3,4,5,1
20,6,14,4,1,36,69,65,93,51,80,6,1,1,1,7,5,1,3,3,1,6,4
20,6,14,4,1,82,15,80,51,10,82,3,1,5,7,2,3,5,3,4,6,1,5
20,6,14,4,0,69,20,89,34,24,10,1,3,7,1,1,2,3,3,6,3,2,1
4,7,2,5,0,7,89,6,16,12,3,4,7,4,5,4,4,1,6,1,3,4,1
4,7,2,5,1,16,12,3,30,89,3,5,4,4,1,7,4,3,4,1,1,6,1
4,7,2,5,1,16,12,3,55,23,13,5,4,4,1,3,6,3,4,1,2,4,4
4,7,2,5,0,55,74,9,16,12,3,1,2,6,5,4,4,2,3,1,3,4,1
4,7,2,5,0,9,23,16,16,3,12,6,3,5,5,4,4,1,4,3,3,1,4
4,7,2,5,1,44,12,3,90,76,89,5,4,4,3,3,7,5,4,1,2,1,6
4,7,2,5,0,25,71,20,44,12,3,1,4,3,5,4,4,2,1,3,5,4,1
4,7,2,5,0,53,10,48,44,12,3,5,2,4,5,4,4,2,1,3,5,4,1
4,7,2,5,0,55,34,25,12,3,44,1,1,1,4,4,5,2,3,2,4,1,5
4,7,2,5,1,44,12,3,25,55,12,5,4,4,1,1,4,5,4,1,2,2,4
32,1,15,1,0,13,94,69,1,69,74,6,3,1,7,1,2,4,2,3,3,3,3
32,1,15,1,1,19,74,82,69,52,86,3,2,3,1,1,2,2,3,5,3,2,2
32,1,15,1,0,9,69,74,16,98,83,6,1,2,5,2,6,1,3,3,3,3,4
32,1,15,1,0,36,28,25,52,23,74,6,6,1,1,3,2,1,2,2,2,4,3
32,1,15,1,1,32,82,36,74,55,58,2,3,6,2,1,2,1,5,1,3,2,3
4,7,2,5,0,26,25,40,89,12,43,6,1,7,7,4,0,5,2,3,6,4,1
4,7,2,5,1,92,43,90,16,61,53,2,0,3,5,4,5,3,1,2,3,1,2
4,7,2,5,1,53,43,79,79,22,44,5,0,4,4,3,5,2,1,1,1,1,5
4,7,2,5,1,12,43,63,32,89,30,4,0,7,2,7,1,4,1,1,1,6,1
4,7,2,5,1,16,25,94,32,25,43,5,1,3,2,1,0,3,2,2,1,2,1
4,7,2,5,0,10,32,61,22,71,43,2,2,4,3,4,0,1,1,1,1,1,1
4,7,2,5,0,30,43,12,31,53,66,1,0,4,6,5,1,1,1,4,4,2,3
4,7,2,5,0,90,55,99,51,65,43,3,1,7,7,1,0,2,2,3,6,3,1
29,1,4,1,1,32,28,89,18,19,4,2,6,7,2,3,6,1,2,6,3,2,1
32,1,15,1,1,87,36,94,69,15,31,1,6,3,1,1,6,1,1,2,3,3,4
32,1,15,1,0,36,82,34,83,69,87,6,3,1,6,1,1,1,5,3,4,3,1
29,1,4,1,1,89,99,13,10,87,23,7,7,6,2,1,3,6,3,4,1,1,4
29,1,4,1,1,10,9,32,32,25,87,2,6,2,2,1,1,1,1,1,1,2,1
29,1,4,1,1,24,87,69,69,32,23,1,1,1,1,2,3,2,1,3,3,1,4
29,1,4,1,1,37,29,87,89,88,96,2,0,1,7,3,0,1,5,1,6,0,5
29,1,4,1,0,25,69,13,89,34,87,1,1,6,7,1,1,2,3,4,6,3,1
29,1,4,1,0,89,9,23,88,73,87,7,6,3,3,7,1,6,1,4,0,3,1
29,1,4,1,1,36,69,87,89,42,82,6,1,1,7,2,3,1,3,1,6,1,5
4,7,2,5,0,56,82,34,56,55,41,1,3,1,1,1,5,3,5,3,3,2,3
4,7,2,5,0,30,82,11,41,25,26,1,3,4,5,1,6,1,5,1,3,2,5
4,7,2,5,0,38,82,90,96,82,30,2,3,3,0,3,1,3,5,2,5,5,1
32,1,15,1,0,82,30,27,83,46,30,3,1,5,6,6,1,5,1,3,4,5,1
4,7,2,5,1,90,79,12,23,93,64,3,4,4,3,1,6,2,1,4,4,1,2
4,7,2,5,0,62,25,12,25,78,16,5,1,4,1,7,5,3,2,4,2,2,3
4,7,2,5,1,61,90,55,32,16,12,4,3,1,2,5,4,1,2,2,1,3,4
4,7,2,5,1,44,28,79,63,94,12,5,6,4,7,3,4,5,2,1,1,2,4
4,7,2,5,1,12,56,30,61,79,6,4,1,1,4,4,4,4,3,1,1,1,1
4,7,2,5,0,12,96,16,12,56,25,4,0,5,4,1,1,4,5,3,4,3,2
4,7,2,5,1,71,89,12,48,90,44,4,7,4,4,3,5,1,6,4,3,2,5
4,7,2,5,1,53,79,12,23,55,16,5,4,4,3,1,5,2,1,4,4,2,3
4,7,2,5,1,55,25,12,10,15,69,1,1,4,2,1,1,2,2,4,1,3,3
4,7,2,5,1,30,82,11,96,71,12,1,3,4,0,4,4,1,5,1,5,1,4
4,7,2,5,0,1,12,30,80,89,55,7,4,1,5,7,1,3,4,1,4,6,2
4,7,2,5,1,30,79,32,92,25,96,1,4,2,2,1,0,1,1,1,3,2,5
4,7,2,5,0,69,10,12,96,11,23,1,2,4,0,4,3,3,1,4,5,1,4
29,1,4,1,1,36,89,55,13,32,61,6,7,1,6,2,4,1,6,2,4,1,1
29,1,4,1,1,36,9,69,88,24,29,6,6,1,3,1,0,1,1,3,0,2,5
29,1,4,1,0,10,9,25,82,36,9,2,6,1,3,6,6,1,1,2,5,1,1
29,1,4,1,1,32,31,29,36,25,69,2,6,0,6,1,1,1,4,5,1,2,3
32,1,15,1,1,89,82,13,82,5,67,7,3,6,3,0,7,6,5,4,5,4,3
32,1,15,1,0,9,82,13,9,82,85,6,3,6,6,3,1,1,5,4,1,5,1
32,1,15,1,0,13,69,82,82,52,25,6,1,3,3,1,1,4,3,5,5,2,2
32,1,15,1,1,69,13,89,23,9,30,1,6,7,3,6,1,3,4,6,4,1,1
32,1,15,1,1,9,80,36,13,89,25,6,5,6,6,7,1,1,4,1,4,6,2
32,1,15,1,1,25,72,85,9,13,89,1,3,1,6,6,7,2,4,1,1,4,6
32,1,15,1,1,13,89,29,13,89,14,6,7,0,6,7,6,4,6,5,4,6,3
32,1,15,1,0,65,9,89,13,89,9,1,6,7,6,7,6,3,1,6,4,6,1
32,1,15,1,1,13,89,9,9,32,88,6,7,6,6,2,3,4,6,1,1,1,0
32,1,15,1,1,19,99,89,89,13,9,3,7,7,7,6,6,2,3,6,6,4,1
32,1,15,1,0,13,89,25,89,9,84,6,7,1,7,6,5,4,6,2,6,1,3
32,1,15,1,1,13,89,5,25,9,36,6,7,0,1,6,6,4,6,4,2,1,1
32,1,15,1,1,13,89,42,88,13,82,6,7,2,3,6,3,4,6,1,0,4,5
32,1,15,1,0,13,89,88,72,9,24,6,7,3,3,6,1,4,6,0,4,1,2
32,1,15,1,0,13,89,5,13,69,89,6,7,0,6,1,7,4,6,4,4,3,6
32,1,15,1,0,9,62,36,13,89,69,6,5,6,6,7,1,1,3,1,4,6,3
32,1,15,1,0,82,89,13,67,69,13,3,7,6,7,1,6,5,6,4,3,3,4
32,1,15,1,0,13,82,60,23,13,89,6,3,4,3,6,7,4,5,1,4,4,6
32,1,15,1,0,69,80,89,9,89,13,1,5,7,6,7,6,3,4,6,1,6,4
32,1,15,1,1,55,9,13,13,89,69,1,6,6,6,7,1,2,1,4,4,6,3
32,1,15,1,0,13,9,82,13,89,69,6,6,3,6,7,1,4,1,5,4,6,3
32,1,15,1,0,17,82,69,9,13,89,3,3,1,6,6,7,5,5,3,1,4,6
32,1,15,1,1,13,89,25,32,13,82,6,7,1,2,6,3,4,6,2,1,4,5
32,1,15,1,0,25,82,9,34,89,13,1,3,6,1,7,6,2,5,1,3,6,4
22,6,1,4,0,53,9,32,52,13,87,5,6,2,1,6,1,2,1,1,2,4,1
22,6,1,4,1,13,52,87,50,9,81,6,1,1,0,6,3,4,2,1,3,1,3
22,6,1,4,1,52,13,87,90,72,5,1,6,1,3,3,0,2,4,1,2,4,4
32,1,15,1,0,13,82,52,95,82,13,6,3,1,3,3,6,4,5,2,3,5,4
32,1,15,1,1,82,9,25,82,61,90,3,6,1,3,4,3,5,1,2,5,1,2
32,1,15,1,0,49,19,31,13,9,82,2,3,6,6,6,3,5,2,4,4,1,5
32,1,15,1,1,9,82,13,9,13,82,6,3,6,6,6,3,1,5,4,1,4,5
32,1,15,1,0,82,13,9,13,9,82,3,6,6,6,6,3,5,4,1,4,1,5
32,1,15,1,1,13,32,42,32,23,82,6,2,2,2,3,3,4,1,1,1,4,5
32,1,15,1,0,85,9,82,9,25,82,1,6,3,6,1,3,1,1,5,1,2,5
32,1,15,1,1,31,13,52,82,19,13,6,6,1,3,3,6,4,4,2,5,2,4
32,1,15,1,0,19,89,13,82,19,13,3,7,6,3,3,6,2,6,4,5,2,4
32,1,15,1,1,9,29,82,13,82,9,6,0,3,6,3,6,1,5,5,4,5,1
32,1,15,1,1,9,23,82,80,23,13,6,3,3,5,3,6,1,4,5,4,4,4
32,1,15,1,0,24,89,13,13,9,82,1,7,6,6,6,3,2,6,4,4,1,5
32,1,15,1,0,32,13,82,9,82,9,2,6,3,6,3,6,1,4,5,1,5,1
32,1,15,1,0,13,93,36,27,69,82,6,1,6,5,1,3,4,1,1,3,3,5
32,1,15,1,1,9,93,82,69,83,82,6,1,3,1,6,3,1,1,5,3,4,5
32,1,15,1,1,83,67,82,13,9,82,6,7,3,6,6,3,4,3,5,4,1,5
32,1,15,1,1,13,90,82,82,67,83,6,3,3,3,7,6,4,2,5,5,3,4
32,1,15,1,0,66,82,9,83,67,82,1,3,6,6,7,3,3,5,1,4,3,5
32,1,15,1,0,9,27,13,82,18,89,6,5,6,3,2,7,1,3,4,5,3,6
32,1,15,1,0,92,13,19,46,13,89,2,6,3,6,6,7,3,4,2,5,4,6
32,1,15,1,0,13,82,19,92,19,13,6,3,3,2,3,6,4,5,2,3,2,4
3,0,13,0,1,69,78,79,90,55,12,1,7,4,3,1,4,3,2,1,2,2,4
3,0,13,0,0,55,25,66,37,12,82,1,1,1,2,4,3,2,2,3,1,4,5
3,0,13,0,0,82,16,23,82,55,79,3,5,3,3,1,4,5,3,4,5,2,1
3,0,13,0,1,82,83,5,13,85,82,3,6,0,6,1,3,5,4,4,4,1,5
3,0,13,0,0,82,48,7,69,40,78,3,4,4,1,7,7,5,3,1,3,3,2
3,0,13,0,0,69,82,79,78,55,79,1,3,4,7,1,4,3,5,1,2,2,1
3,0,13,0,1,9,15,23,55,69,82,6,1,3,1,1,3,1,3,4,2,3,5
3,0,13,0,0,96,23,3,55,69,82,0,3,4,1,1,3,5,4,1,2,3,5
3,0,13,0,1,55,69,82,11,96,50,1,1,3,4,0,0,2,3,5,1,5,3
3,0,13,0,0,10,78,12,55,69,82,2,7,4,1,1,3,1,2,4,2,3,5
3,0,13,0,1,69,55,82,78,82,81,1,1,3,7,3,3,3,2,5,2,5,3
3,0,13,0,1,82,16,42,94,55,96,3,5,2,3,1,0,5,3,1,2,2,5
3,0,13,0,0,16,78,82,62,25,69,5,7,3,5,1,1,3,2,5,3,2,3
3,0,13,0,1,84,7,41,79,9,44,5,4,5,4,6,5,3,1,3,1,1,5
3,0,13,0,0,79,55,44,79,23,90,4,1,5,4,3,3,1,2,5,1,4,2
3,0,13,0,0,69,7,16,61,55,44,1,4,5,4,1,5,3,1,3,1,2,5
3,0,13,0,1,16,69,44,47,23,79,5,1,5,7,3,4,3,3,5,3,4,1
3,0,13,0,0,56,79,44,79,81,23,1,4,5,4,3,3,3,1,5,1,3,4
29,1,4,1,0,66,93,10,30,89,69,1,1,2,1,7,1,3,1,1,1,6,3
29,1,4,1,1,78,90,69,6,49,80,7,3,1,4,2,5,2,2,3,1,5,4
29,1,4,1,0,69,9,82,94,69,9,1,6,3,3,1,6,3,1,5,2,3,1
19,1,4,1,0,82,24,89,69,72,29,3,1,7,1,3,0,5,2,6,3,4,5
26,5,5,3,1,89,24,66,23,13,42,7,1,1,3,6,2,6,2,3,4,4,1
26,5,5,3,0,69,72,23,23,42,13,1,3,3,3,2,6,3,4,4,4,1,4
26,5,5,3,1,66,13,9,23,8,20,1,6,6,3,5,3,3,4,1,4,1,3
30,1,4,1,0,23,69,19,89,60,36,3,1,3,7,4,6,4,3,2,6,1,1
23,5,8,3,0,32,23,13,32,89,9,2,3,6,2,7,6,1,4,4,1,6,1
23,5,8,3,0,40,13,89,23,13,32,7,6,7,3,6,2,3,4,6,4,4,1
23,5,8,3,0,89,25,36,23,13,32,7,1,6,3,6,2,6,2,1,4,4,1
23,5,8,3,1,13,32,23,26,20,9,6,2,3,6,3,6,4,1,4,5,3,1
23,5,8,3,1,13,32,23,89,72,17,6,2,3,7,3,3,4,1,4,6,4,5
23,5,8,3,1,13,32,23,9,25,51,6,2,3,6,1,7,4,1,4,1,2,6
23,5,8,3,1,23,13,32,13,89,9,3,6,2,6,7,6,4,4,1,4,6,1
23,5,8,3,0,90,89,25,13,32,23,3,7,1,6,2,3,2,6,2,4,1,4
23,5,8,3,1,23,13,32,82,23,87,3,6,2,3,3,1,4,4,1,5,4,1
23,5,8,3,0,23,13,89,12,89,66,3,6,7,4,7,1,4,4,6,4,6,3
23,5,8,3,0,23,13,89,8,89,9,3,6,7,5,7,6,4,4,6,1,6,1
23,5,8,3,0,23,89,13,24,65,72,3,7,6,1,1,3,4,6,4,2,3,4
23,5,8,3,1,13,89,23,92,9,23,6,7,3,2,6,3,4,6,4,3,1,4
23,5,8,3,0,23,13,89,23,13,89,3,6,7,3,6,7,4,4,6,4,4,6
23,5,8,3,1,23,13,89,90,23,72,3,6,7,3,3,3,4,4,6,2,4,4
23,5,8,3,1,13,89,23,24,13,72,6,7,3,1,6,3,4,6,4,2,4,4
23,5,8,3,0,9,72,20,89,23,13,6,3,3,7,3,6,1,4,3,6,4,4
23,5,8,3,1,23,13,89,25,13,23,3,6,7,1,6,3,4,4,6,2,4,4
23,5,8,3,0,9,66,82,23,13,89,6,1,3,3,6,7,1,3,5,4,4,6
23,5,8,3,1,89,23,13,72,77,56,7,3,6,3,0,1,6,4,4,4,5,3
23,5,8,3,1,23,13,89,66,89,9,3,6,7,1,7,6,4,4,6,3,6,1
23,5,8,3,0,23,13,65,23,13,89,3,6,1,3,6,7,4,4,3,4,4,6
23,5,8,3,1,23,89,13,9,66,13,3,7,6,6,1,6,4,6,4,1,3,4
23,5,8,3,0,13,89,12,89,13,72,6,7,4,7,6,3,4,6,4,6,4,4
23,5,8,3,0,24,89,82,65,9,89,1,7,3,1,6,7,2,6,5,3,1,6
32,1,15,1,1,13,69,9,83,85,13,6,1,6,6,1,6,4,3,1,4,1,4
32,1,15,1,1,69,26,9,98,82,13,1,6,6,2,3,6,3,5,1,3,5,4
32,1,15,1,0,9,28,25,89,9,69,6,6,1,7,6,1,1,2,2,6,1,3
29,1,4,1,0,69,13,9,13,94,69,1,6,6,6,3,1,3,4,1,4,2,3
29,1,4,1,1,69,55,9,73,78,98,1,1,6,7,7,2,3,2,1,3,2,3
29,1,4,1,0,69,95,29,69,17,98,1,3,0,1,3,2,3,3,5,3,5,3
13,7,1,5,1,13,55,69,31,13,12,6,1,1,6,6,4,4,2,3,4,4,4
13,7,1,5,1,69,31,55,16,30,90,1,6,1,5,1,3,3,4,2,3,1,2
20,6,14,4,0,99,69,78,23,49,69,7,1,7,3,2,1,3,3,2,4,5,3
20,6,14,4,0,78,69,89,69,54,89,7,1,7,1,0,7,2,3,6,3,1,6
20,6,14,4,1,9,89,69,78,89,86,6,7,1,7,7,2,1,6,3,2,6,2
20,6,14,4,0,82,25,20,9,69,89,3,1,3,6,1,7,5,2,3,1,3,6
20,6,14,4,0,25,10,89,9,69,89,1,2,7,6,1,7,2,1,6,1,3,6
20,6,14,4,1,9,69,89,19,57,69,6,1,7,3,3,1,1,3,6,2,1,3
20,6,14,4,0,52,69,89,40,9,89,1,1,7,7,6,7,2,3,6,3,1,6
20,6,14,4,1,52,69,89,34,69,32,1,1,7,1,1,2,2,3,6,3,3,1
20,6,14,4,1,9,52,89,89,69,52,6,1,7,7,1,1,1,2,6,6,3,2
13,7,1,5,1,53,69,27,25,92,69,5,1,5,1,2,1,2,3,3,2,3,3
13,7,1,5,1,53,69,27,96,78,13,5,1,5,0,7,6,2,3,3,5,2,4
13,7,1,5,1,53,69,27,90,23,13,5,1,5,3,3,6,2,3,3,2,4,4
13,7,1,5,0,25,92,13,53,69,27,1,2,6,5,1,5,2,3,4,2,3,3
11,1,15,1,1,23,19,89,19,9,77,3,3,7,3,6,0,4,2,6,2,1,5
7,4,10,2,1,69,75,25,23,25,9,1,5,1,3,1,6,3,1,2,4,2,1
19,1,4,1,1,89,82,13,13,69,82,7,3,6,6,1,3,6,5,4,4,3,5
19,1,4,1,1,82,69,13,89,69,27,3,1,6,7,1,5,5,3,4,6,3,3
19,1,4,1,0,82,13,9,9,89,23,3,6,6,6,7,3,5,4,1,1,6,4
19,1,4,1,0,24,23,69,82,9,13,1,3,1,3,6,6,2,4,3,5,1,4
19,1,4,1,1,13,9,82,29,9,31,6,6,3,0,6,6,4,1,5,5,1,4
19,1,4,1,1,82,9,13,32,15,82,3,6,6,2,1,3,5,1,4,1,3,5
19,1,4,1,0,13,23,82,9,89,15,6,3,3,6,7,1,4,4,5,1,6,3
19,1,4,1,1,89,9,25,13,82,23,7,6,1,6,3,3,6,1,2,4,5,4
19,1,4,1,1,23,13,82,55,9,23,3,6,3,1,6,3,4,4,5,2,1,4
19,1,4,1,1,82,13,23,89,9,25,3,6,3,7,6,1,5,4,4,6,1,2
19,1,4,1,1,13,23,82,39,9,25,6,3,3,7,6,1,4,4,5,3,1,2
19,1,4,1,1,23,13,82,31,25,16,3,6,3,6,1,5,4,4,5,4,2,3
19,1,4,1,1,69,24,13,13,23,82,1,1,6,6,3,3,3,2,4,4,4,5
19,1,4,1,0,13,55,82,34,69,9,6,1,3,1,1,6,4,2,5,3,3,1
19,1,4,1,0,74,19,13,13,55,82,2,3,6,6,1,3,3,2,4,4,2,5
19,1,4,1,0,82,21,98,55,13,82,3,3,2,1,6,3,5,3,3,2,4,5
19,1,4,1,1,82,13,55,89,82,13,3,6,1,7,3,6,5,4,2,6,5,4
19,1,4,1,0,82,9,23,82,55,13,3,6,3,3,1,6,5,1,4,5,2,4
19,1,4,1,0,25,26,53,55,82,13,1,6,5,1,3,6,2,5,2,2,5,4
19,1,4,1,0,9,89,82,13,55,82,6,7,3,6,1,3,1,6,5,4,2,5
19,1,4,1,1,82,13,55,40,27,9,3,6,1,7,5,6,5,4,2,3,3,1
19,1,4,1,1,55,82,13,9,60,97,1,3,6,6,4,7,2,5,4,1,1,1
19,1,4,1,1,13,82,55,25,69,9,6,3,1,1,1,6,4,5,2,2,3,1
32,1,15,1,1,9,89,13,13,36,42,6,7,6,6,6,2,1,6,4,4,1,1
32,1,15,1,1,32,89,82,25,34,19,2,7,3,1,1,3,1,6,5,2,3,2
32,1,15,1,1,34,25,19,9,94,34,1,1,3,6,3,1,3,2,2,1,2,3
3,0,13,0,0,19,25,34,89,13,25,3,1,1,7,6,1,2,2,3,6,4,2
32,1,15,1,1,82,68,90,34,19,82,3,3,3,1,3,3,5,3,2,3,2,5
32,1,15,1,1,19,34,24,9,42,36,3,1,1,6,2,6,2,3,2,1,1,1
32,1,15,1,1,89,13,9,19,34,13,7,6,6,3,1,6,6,4,1,2,3,4
32,1,15,1,0,88,82,72,89,34,19,3,3,3,7,1,3,0,5,4,6,3,2
32,1,15,1,1,34,19,89,9,82,18,1,3,7,6,3,2,3,2,6,1,5,3
32,1,15,1,1,34,19,9,13,37,88,1,3,6,6,2,3,3,2,1,4,1,0
32,1,15,1,0,32,34,89,82,88,9,2,1,7,3,3,6,1,3,6,5,0,1
4,7,2,5,0,32,30,69,61,70,66,2,1,1,4,2,1,1,1,3,1,3,3
4,7,2,5,0,92,56,55,61,8,66,2,1,1,4,5,1,3,3,2,1,1,3
4,7,2,5,0,74,5,14,61,8,66,2,0,6,4,5,1,3,4,3,1,1,3
32,1,15,1,0,34,82,23,9,82,80,1,3,3,6,3,5,3,5,4,1,5,4
4,7,2,5,1,23,61,69,78,34,53,3,4,1,7,1,5,4,1,3,2,3,2
4,7,2,5,1,53,78,34,55,44,25,5,7,1,1,5,1,2,2,3,2,5,2
4,7,2,5,0,90,82,34,78,84,23,3,3,1,7,5,3,2,5,3,2,3,4
4,7,2,5,1,34,82,90,35,69,7,1,3,3,7,1,4,3,5,2,3,3,1
4,7,2,5,1,34,60,90,36,37,82,1,4,3,6,2,3,3,1,2,1,1,5
4,7,2,5,0,55,44,34,85,71,55,1,5,1,1,4,1,2,5,3,1,1,2
32,1,15,1,1,82,88,89,15,9,46,3,3,7,1,6,6,5,0,6,3,1,5
32,1,15,1,1,13,15,9,82,8,72,6,1,6,3,5,3,4,3,1,5,1,4
4,7,2,5,1,14,55,79,55,53,69,6,1,4,1,5,1,3,2,1,2,2,3
4,7,2,5,0,90,88,61,14,55,79,3,3,4,6,1,4,2,0,1,3,2,1
4,7,2,5,1,14,79,55,25,85,9,6,4,1,1,1,6,3,1,2,2,1,1
4,7,2,5,0,73,55,13,14,79,55,7,1,6,6,4,1,3,2,4,3,1,2
4,7,2,5,1,55,61,34,7,79,55,1,4,1,4,4,1,2,1,3,1,1,2
4,7,2,5,1,7,79,55,82,41,16,4,4,1,3,5,5,1,1,2,5,3,3
4,7,2,5,1,7,79,55,17,89,69,4,4,1,3,7,1,1,1,2,5,6,3
4,7,2,5,0,32,56,79,7,79,55,2,1,4,4,4,1,1,3,1,1,1,2
4,7,2,5,1,7,79,55,79,55,69,4,4,1,4,1,1,1,1,2,1,2,3
4,7,2,5,0,14,79,55,89,88,53,6,4,1,7,3,5,3,1,2,6,0,2
4,7,2,5,1,14,55,79,74,69,56,6,1,4,2,1,1,3,2,1,3,3,3
4,7,2,5,0,55,12,90,14,55,79,1,4,3,6,1,4,2,4,2,3,2,1
4,7,2,5,1,14,79,55,25,1,61,6,4,1,1,7,4,3,1,2,2,3,1
4,7,2,5,1,14,55,79,10,9,29,6,1,4,2,6,0,3,2,1,1,1,5
4,7,2,5,1,14,79,55,55,79,79,6,4,1,1,4,4,3,1,2,2,1,1
4,7,2,5,0,82,43,40,14,79,55,3,0,7,6,4,1,5,1,3,3,1,2
4,7,2,5,1,14,55,79,61,89,85,6,1,4,4,7,1,3,2,1,1,6,1
4,7,2,5,1,14,79,55,41,48,11,6,4,1,5,4,4,3,1,2,3,3,1
4,7,2,5,0,55,79,38,14,55,79,1,4,2,6,1,4,2,1,3,3,2,1
4,7,2,5,1,14,55,79,61,81,23,6,1,4,4,3,3,3,2,1,1,3,4
4,7,2,5,0,7,55,79,40,7,36,4,1,4,7,4,6,1,2,1,3,1,1
4,7,2,5,1,7,55,79,34,56,27,4,1,4,1,1,5,1,2,1,3,3,3
4,7,2,5,0,79,55,89,77,55,25,4,1,7,0,1,1,1,2,6,5,2,2
28,2,9,1,0,25,34,70,25,9,34,1,1,2,1,6,1,2,3,3,2,1,3
13,7,1,5,1,34,12,60,34,19,29,1,4,4,1,3,0,3,4,1,3,2,5
13,7,1,5,1,66,19,29,55,9,19,1,3,0,1,6,3,3,2,5,2,1,2
13,7,1,5,0,55,27,29,79,25,82,1,5,0,4,1,3,2,3,5,1,2,5
13,7,1,5,1,27,79,29,27,94,78,5,4,0,5,3,7,3,1,5,3,2,2
13,7,1,5,1,29,61,83,7,71,12,0,4,6,4,4,4,5,1,4,1,1,4
13,7,1,5,1,79,29,51,9,61,13,4,0,7,6,4,6,1,5,6,1,1,4
13,7,1,5,0,12,6,16,29,44,66,4,4,5,0,5,1,4,1,3,5,5,3
13,7,1,5,0,82,0,89,79,89,29,3,3,7,4,7,0,5,5,6,1,6,5
13,7,1,5,1,89,30,29,79,38,96,7,1,0,4,2,0,6,1,5,1,3,5
13,7,1,5,0,29,15,94,19,55,41,0,1,3,3,1,5,5,3,2,2,2,3
13,7,1,5,0,25,6,29,94,30,27,1,4,0,3,1,5,2,1,5,2,1,3
13,7,1,5,1,29,89,83,69,13,8,0,7,6,1,6,5,5,6,4,3,4,1
13,7,1,5,1,55,82,29,6,76,79,1,3,0,4,3,4,2,5,5,1,1,1
13,7,1,5,0,61,40,55,90,89,29,4,7,1,3,7,0,1,3,2,2,6,5
13,7,1,5,0,43,29,51,55,3,16,0,0,7,1,4,5,1,5,6,2,1,3
13,7,1,5,1,29,61,79,79,6,30,0,4,4,4,4,1,5,1,1,1,1,1
13,7,1,5,0,88,69,29,61,90,51,3,1,0,4,3,7,0,3,5,1,2,6
32,1,15,1,0,19,29,9,25,88,69,3,0,6,1,3,1,2,5,1,2,0,3
32,1,15,1,1,26,25,82,19,82,87,6,1,3,3,3,1,5,2,5,2,5,1
32,1,15,1,1,29,88,19,69,13,82,0,3,3,1,6,3,5,0,2,3,4,5
32,1,15,1,0,19,27,95,19,9,69,3,5,3,3,6,1,2,3,3,2,1,3
32,1,15,1,1,40,13,32,46,19,9,7,6,2,6,3,6,3,4,1,5,2,1
32,1,15,1,1,19,36,93,34,82,31,3,6,1,1,3,6,2,1,1,3,5,4
32,1,15,1,1,88,56,21,42,34,69,3,1,3,2,1,1,0,3,3,1,3,3
32,1,15,1,0,9,13,31,88,95,82,6,6,6,3,3,3,1,4,4,0,3,5
32,1,15,1,1,95,10,32,82,37,9,3,2,2,3,2,6,3,1,1,5,1,1
32,1,15,1,1,29,9,89,32,23,64,0,6,7,2,3,6,5,1,6,1,4,2
32,1,15,1,0,53,25,88,81,13,54,5,1,3,3,6,0,2,2,0,3,4,1
32,1,15,1,1,9,10,69,9,88,69,6,2,1,6,3,1,1,1,3,1,0,3
29,1,4,1,0,9,82,34,31,32,9,6,3,1,6,2,6,1,5,3,4,1,1
29,1,4,1,1,86,9,40,69,32,31,2,6,7,1,2,6,2,1,3,3,1,4
29,1,4,1,0,32,82,9,23,69,9,2,3,6,3,1,6,1,5,1,4,3,1
23,5,8,3,1,13,66,24,66,23,55,6,1,1,1,3,1,4,3,2,3,4,2
23,5,8,3,0,13,24,82,13,65,66,6,1,3,6,1,1,4,2,5,4,3,3
23,5,8,3,0,13,51,32,24,23,32,6,7,2,1,3,2,4,6,1,2,4,1
23,5,8,3,1,56,65,66,82,24,88,1,1,1,3,1,3,3,3,3,5,2,0
23,5,8,3,0,51,36,65,66,13,24,7,6,1,1,6,1,6,1,3,3,4,2
23,5,8,3,0,89,23,32,24,13,8,7,3,2,1,6,5,6,4,1,2,4,1
23,5,8,3,1,56,24,51,23,5,15,1,1,7,3,0,1,3,2,6,4,4,3
23,5,8,3,1,13,20,89,23,10,24,6,3,7,3,2,1,4,3,6,4,1,2
23,5,8,3,1,89,24,65,85,30,90,7,1,1,1,1,3,6,2,3,1,1,2
4,7,2,5,0,27,69,66,6,90,16,5,1,1,4,3,5,3,3,3,1,2,3
4,7,2,5,1,79,15,16,36,53,58,4,1,5,6,5,2,1,3,3,1,2,3
4,7,2,5,1,61,6,11,16,61,78,4,4,4,5,4,7,1,1,1,3,1,2
4,7,2,5,0,69,16,74,23,25,30,1,5,2,3,1,1,3,3,3,4,2,1
4,7,2,5,1,55,3,79,16,69,55,1,4,4,5,1,1,2,1,1,3,3,2
4,7,2,5,1,25,15,16,30,65,15,1,1,5,1,1,1,2,3,3,1,3,3
4,7,2,5,0,32,48,16,14,41,33,2,4,5,6,5,3,1,3,3,3,3,3
4,7,2,5,0,16,33,69,90,69,71,5,3,1,3,1,4,3,3,3,2,3,1
4,7,2,5,1,16,71,90,82,81,73,5,4,3,3,3,7,3,1,2,5,3,3
4,7,2,5,1,96,16,25,25,18,27,0,5,1,1,2,5,5,3,2,2,3,3
4,7,2,5,0,55,27,78,19,79,16,1,5,7,3,4,5,2,3,2,2,1,3
4,7,2,5,1,23,16,43,90,37,29,3,5,0,3,2,0,4,3,1,2,1,5
4,7,2,5,0,16,53,26,74,89,44,5,5,6,2,7,5,3,2,5,3,6,5
4,7,2,5,0,56,16,75,34,99,56,1,5,5,1,7,1,3,3,1,3,3,3
4,7,2,5,1,16,54,24,61,69,44,5,0,1,4,1,5,3,1,2,1,3,5
4,7,2,5,1,12,16,78,79,40,78,4,5,7,4,7,7,4,3,2,1,3,2
4,7,2,5,1,25,41,10,78,16,31,1,5,2,7,5,6,2,3,1,2,3,4
4,7,2,5,0,63,25,16,96,12,97,7,1,5,0,4,7,1,2,3,5,4,1
4,7,2,5,1,17,69,16,46,73,4,3,1,5,6,7,6,5,3,3,5,3,1
4,7,2,5,1,53,23,56,16,6,71,5,3,1,5,4,4,2,4,3,3,1,1
4,7,2,5,0,80,79,16,53,13,25,5,4,5,5,6,1,4,1,3,2,4,2
4,7,2,5,0,55,56,16,51,15,25,1,1,5,7,1,1,2,3,3,6,3,2
4,7,2,5,0,56,79,62,38,16,39,1,4,5,2,5,7,3,1,3,3,3,3
4,7,2,5,1,25,10,16,6,93,79,1,2,5,4,1,4,2,1,3,1,1,1
4,7,2,5,1,67,12,16,78,53,82,7,4,5,7,5,3,3,4,3,2,2,5
32,1,15,1,0,69,13,90,15,58,82,1,6,3,1,2,3,3,4,2,3,3,5
32,1,15,1,0,80,94,36,15,82,36,5,3,6,1,3,6,4,2,1,3,5,1
32,1,15,1,1,24,15,26,82,77,90,1,1,6,3,0,3,2,3,5,5,5,2
32,1,15,1,1,13,82,86,13,15,9,6,3,2,6,1,6,4,5,2,4,3,1
32,1,15,1,1,1,15,59,13,89,69,7,1,3,6,7,1,3,3,3,4,6,3
32,1,15,1,1,82,15,89,93,97,6,3,1,7,1,7,4,5,3,6,1,1,1
32,1,15,1,1,6,13,9,82,9,15,4,6,6,3,6,1,1,4,1,5,1,3
32,1,15,1,1,82,88,13,82,89,15,3,3,6,3,7,1,5,0,4,5,6,3
32,1,15,1,0,32,13,15,89,9,13,2,6,1,7,6,6,1,4,3,6,1,4
32,1,15,1,1,43,15,82,32,31,29,0,1,3,2,6,0,1,3,5,1,4,5
32,1,15,1,1,13,9,89,15,89,9,6,6,7,1,7,6,4,1,6,3,6,1
32,1,15,1,1,90,15,82,82,25,89,3,1,3,3,1,7,2,3,5,5,2,6
32,1,15,1,1,94,69,13,32,4,15,3,1,6,2,6,1,2,3,4,1,1,3
32,1,15,1,1,82,32,86,69,19,89,3,2,2,1,3,7,5,1,2,3,2,6
32,1,15,1,0,30,46,69,6,86,89,1,6,1,4,2,7,1,5,3,1,2,6
4,7,2,5,1,79,41,51,3,69,25,4,5,7,4,1,1,1,3,6,1,3,2
4,7,2,5,0,79,16,36,79,51,41,4,5,6,4,7,5,1,3,1,1,6,3
4,7,2,5,0,92,53,38,12,79,92,2,5,2,4,4,2,3,2,3,4,1,3
4,7,2,5,1,92,38,53,12,16,41,2,2,5,4,5,5,3,3,2,4,3,3
32,1,15,1,1,6,9,13,89,9,69,4,6,6,7,6,1,1,1,4,6,1,3
32,1,15,1,1,6,9,13,89,9,89,4,6,6,7,6,7,1,1,4,6,1,6
32,1,15,1,1,9,89,13,6,9,13,6,7,6,4,6,6,1,6,4,1,1,4
32,1,15,1,0,9,36,69,9,13,6,6,6,1,6,6,4,1,1,3,1,4,1
32,1,15,1,1,6,9,13,9,86,81,4,6,6,6,2,3,1,1,4,1,2,3
32,1,15,1,0,19,30,83,9,34,81,3,1,6,6,1,3,2,1,4,1,3,3
32,1,15,1,1,9,13,21,34,9,93,6,6,3,1,6,1,1,4,3,3,1,1
32,1,15,1,0,9,13,82,82,13,34,6,6,3,3,6,1,1,4,5,5,4,3
32,1,15,1,0,34,9,36,82,25,29,1,6,6,3,1,0,3,1,1,5,2,5
32,1,15,1,1,9,69,34,89,88,36,6,1,1,7,3,6,1,3,3,6,0,1
32,1,15,1,0,34,1,9,89,24,9,1,7,6,7,1,6,3,3,1,6,2,1
32,1,15,1,1,9,88,34,82,94,24,6,3,1,3,3,1,1,0,3,5,2,2
32,1,15,1,0,9,82,34,82,9,32,6,3,1,3,6,2,1,5,3,5,1,1
32,1,15,1,1,82,89,13,89,34,13,3,7,6,7,1,6,5,6,4,6,3,4
32,1,15,1,1,85,36,34,13,36,46,1,6,1,6,6,6,1,1,3,4,1,5
28,2,9,1,0,69,9,32,53,69,78,1,6,2,5,1,7,3,1,1,2,3,2
32,1,15,1,0,34,16,69,9,13,80,1,5,1,6,6,5,3,3,3,1,4,4
32,1,15,1,1,82,46,9,34,23,9,3,6,6,1,3,6,5,5,1,3,4,1
32,1,15,1,0,69,13,89,82,34,89,1,6,7,3,1,7,3,4,6,5,3,6
32,1,15,1,1,2,24,89,90,30,15,2,1,7,3,1,1,2,2,6,2,1,3
32,1,15,1,0,89,13,52,27,52,82,7,6,1,5,1,3,6,4,2,3,2,5
32,1,15,1,0,93,29,9,23,89,69,1,0,6,3,7,1,1,5,1,4,6,3
32,1,15,1,1,9,49,89,69,72,83,6,2,7,1,3,6,1,5,6,3,4,4
32,1,15,1,1,82,94,89,88,25,80,3,3,7,3,1,5,5,2,6,0,2,4
32,1,15,1,1,97,58,29,89,36,9,7,2,0,7,6,6,1,3,5,6,1,1
32,1,15,1,1,89,82,69,9,88,82,7,3,1,6,3,3,6,5,3,1,0,5
4,7,2,5,1,25,69,12,89,79,51,1,1,4,7,4,7,2,3,4,6,1,6
4,7,2,5,1,94,74,89,68,5,12,3,2,7,3,0,4,2,3,6,3,4,4
4,7,2,5,1,79,89,3,45,7,79,4,7,4,6,4,4,1,6,1,1,1,1
4,7,2,5,1,89,80,55,30,42,78,7,5,1,1,2,7,6,4,2,1,1,2
4,7,2,5,0,97,51,93,30,69,89,7,7,1,1,1,7,1,6,1,1,3,6
4,7,2,5,1,79,90,89,79,90,30,4,3,7,4,3,1,1,2,6,1,2,1
4,7,2,5,1,43,93,89,9,16,52,0,1,7,6,5,1,1,1,6,1,3,2
4,7,2,5,1,89,19,10,42,69,16,7,3,2,2,1,5,6,2,1,1,3,3
4,7,2,5,1,89,79,17,40,61,6,7,4,3,7,4,4,6,1,5,3,1,1
32,1,15,1,1,54,9,10,65,89,23,0,6,2,1,7,3,1,1,1,3,6,4
32,1,15,1,0,93,32,89,82,69,89,1,2,7,3,1,7,1,1,6,5,3,6
32,1,15,1,1,82,95,89,32,56,36,3,3,7,2,1,6,5,3,6,1,3,1
32,1,15,1,0,72,36,30,89,86,46,3,6,1,7,2,6,4,1,1,6,2,5
29,1,4,1,0,89,24,69,13,89,25,7,1,1,6,7,1,6,2,3,4,6,2
29,1,4,1,0,13,89,29,13,89,25,6,7,0,6,7,1,4,6,5,4,6,2
29,1,4,1,1,13,89,25,96,30,90,6,7,1,0,1,3,4,6,2,5,1,2
29,1,4,1,0,25,13,89,89,13,69,1,6,7,7,6,1,2,4,6,6,4,3
29,1,4,1,1,55,9,82,13,25,89,1,6,3,6,1,7,2,1,5,4,2,6
29,1,4,1,1,13,89,25,89,9,82,6,7,1,7,6,3,4,6,2,6,1,5
29,1,4,1,1,89,13,25,9,13,81,7,6,1,6,6,3,6,4,2,1,4,3
29,1,4,1,1,13,25,89,72,23,32,6,1,7,3,3,2,4,2,6,4,4,1
29,1,4,1,0,80,25,9,41,6,89,5,1,6,5,4,7,4,2,1,3,1,6
29,1,4,1,0,25,80,82,9,93,82,1,5,3,6,1,3,2,4,5,1,1,5
29,1,4,1,1,25,80,69,90,82,9,1,5,1,3,3,6,2,4,3,2,5,1
29,1,4,1,1,89,36,9,34,80,25,7,6,6,1,5,1,6,1,1,3,4,2
29,1,4,1,0,19,69,9,25,80,9,3,1,6,1,5,6,2,3,1,2,4,1
29,1,4,1,1,9,25,80,23,29,36,6,1,5,3,0,6,1,2,4,4,5,1
29,1,4,1,0,80,36,13,40,13,9,5,6,6,7,6,6,4,1,4,3,4,1
29,1,4,1,0,82,65,23,36,80,25,3,1,3,6,5,1,5,3,4,1,4,2
29,1,4,1,1,80,36,34,53,9,69,5,6,1,5,6,1,4,1,3,2,1,3
29,1,4,1,1,80,36,30,9,36,53,5,6,1,6,6,5,4,1,1,1,1,2
29,1,4,1,1,25,34,13,65,34,25,1,1,6,1,1,1,2,3,4,3,3,2
29,1,4,1,1,25,89,30,89,25,85,1,7,1,7,1,1,2,6,1,6,2,1
29,1,4,1,0,25,9,82,19,9,89,1,6,3,3,6,7,2,1,5,2,1,6
29,1,4,1,1,25,13,9,24,95,89,1,6,6,1,3,7,2,4,1,2,3,6
29,1,4,1,1,9,89,25,82,13,89,6,7,1,3,6,7,1,6,2,5,4,6
32,1,15,1,1,89,9,13,82,9,89,7,6,6,3,6,7,6,1,4,5,1,6
32,1,15,1,1,89,9,87,82,29,46,7,6,1,3,0,6,6,1,1,5,5,5
32,1,15,1,0,89,9,82,25,32,9,7,6,3,1,2,6,6,1,5,2,1,1
32,1,15,1,0,89,90,82,29,82,24,7,3,3,0,3,1,6,2,5,5,5,2
32,1,15,1,1,24,82,13,88,13,82,1,3,6,3,6,3,2,5,4,0,4,5
32,1,15,1,1,96,32,9,24,36,9,0,2,6,1,6,6,5,1,1,2,1,1
34,9,16,2,1,30,9,7,69,30,22,1,6,4,1,1,3,1,1,1,3,1,1
11,1,15,1,1,9,32,89,90,9,34,6,2,7,3,6,1,1,1,6,2,1,3
7,4,10,2,1,10,9,25,27,9,25,2,6,1,5,6,1,1,1,2,3,1,2
8,6,13,4,0,52,9,89,32,9,10,1,6,7,2,6,2,2,1,6,1,1,1
11,1,15,1,0,10,23,80,82,89,9,2,3,5,3,7,6,1,4,4,5,6,1
11,1,15,1,0,19,62,89,69,25,32,3,5,7,1,1,2,2,3,6,3,2,1
7,4,10,2,1,89,36,25,63,98,1,7,6,1,7,2,7,6,1,2,1,3,3
21,7,14,5,1,12,92,79,12,30,90,4,2,4,4,1,3,4,3,1,4,1,2
21,7,14,5,1,12,79,92,55,61,71,4,4,2,1,4,4,4,1,3,2,1,1
21,7,14,5,0,79,71,25,12,92,79,4,4,1,4,2,4,1,1,2,4,3,1
21,7,14,5,1,12,7,92,19,55,12,4,4,2,3,1,4,4,1,3,2,2,4
21,7,14,5,0,16,74,82,12,7,92,5,2,3,4,4,2,3,3,5,4,1,3
21,7,14,5,1,92,7,12,79,78,16,2,4,4,4,7,5,3,1,4,1,2,3
21,7,14,5,1,12,92,7,61,79,32,4,2,4,4,4,2,4,3,1,1,1,1
21,7,14,5,0,56,69,16,12,7,92,1,1,5,4,4,2,3,3,3,4,1,3
12,4,11,2,1,25,82,44,69,89,55,1,3,5,1,7,1,2,5,5,3,6,2
2,3,0,1,0,63,71,40,23,34,89,7,4,7,3,1,7,1,1,3,4,3,6
2,3,0,1,1,32,89,41,40,63,46,2,7,5,7,7,6,1,6,3,3,1,5
2,3,0,1,1,63,40,93,34,94,69,7,7,1,1,3,1,1,3,1,3,2,3
2,3,0,1,1,63,44,40,23,69,34,7,5,7,3,1,1,1,5,3,4,3,3
2,3,0,1,1,63,40,49,90,25,69,7,7,2,3,1,1,1,3,5,2,2,3
2,3,0,1,1,40,48,63,65,34,9,7,4,7,1,1,6,3,3,1,3,3,1
32,1,15,1,1,82,52,22,88,90,32,3,1,3,3,3,2,5,2,1,0,2,1
13,7,1,5,1,16,25,19,80,69,81,5,1,3,5,1,3,3,2,2,4,3,3
32,1,15,1,1,87,89,72,88,13,69,1,7,3,3,6,1,1,6,4,0,4,3
32,1,15,1,0,14,33,82,69,11,13,6,3,3,1,4,6,3,3,5,3,1,4
32,1,15,1,1,25,36,32,58,13,46,1,6,2,2,6,6,2,1,1,3,4,5
32,1,15,1,1,13,74,46,9,91,81,6,2,6,6,0,3,4,3,5,1,3,3
32,1,15,1,0,9,25,13,9,88,13,6,1,6,6,3,6,1,2,4,1,0,4
32,1,15,1,0,62,82,9,82,13,25,5,3,6,3,6,1,3,5,1,5,4,2
32,1,15,1,1,82,90,95,25,13,34,3,3,3,1,6,1,5,2,3,2,4,3
32,1,15,1,1,13,88,86,36,39,24,6,3,2,6,7,1,4,0,2,1,3,2
32,1,15,1,0,13,29,52,90,13,69,6,0,1,3,6,1,4,5,2,2,4,3
32,1,15,1,1,90,13,69,69,9,82,3,6,1,1,6,3,2,4,3,3,1,5
32,1,15,1,1,13,32,97,49,72,80,6,2,7,2,3,5,4,1,1,5,4,4
32,1,15,1,0,13,82,64,82,9,32,6,3,6,3,6,2,4,5,2,5,1,1
32,1,15,1,0,36,31,13,69,23,72,6,6,6,1,3,3,1,4,4,3,4,4
6,7,12,5,0,16,78,71,79,3,55,5,7,4,4,4,1,3,2,1,1,1,2
6,7,12,5,0,78,23,16,12,23,90,7,3,5,4,3,3,2,4,3,4,4,2
7,4,10,2,1,53,13,34,2,25,11,5,6,1,2,1,4,2,4,3,2,2,1
11,1,15,1,1,13,32,83,62,30,34,6,2,6,5,1,1,4,1,4,3,1,3
29,1,4,1,1,9,89,65,69,82,64,6,7,1,1,3,6,1,6,3,3,5,2
29,1,4,1,0,9,82,30,89,9,65,6,3,1,7,6,1,1,5,1,6,1,3
29,1,4,1,0,9,89,65,89,62,23,6,7,1,7,5,3,1,6,3,6,3,4
13,7,1,5,1,50,35,53,12,96,30,0,7,5,4,0,1,3,3,2,4,5,1
29,1,4,1,1,25,28,89,13,52,50,1,6,7,6,1,0,2,2,6,4,2,3
29,1,4,1,0,13,32,80,50,87,69,6,2,5,0,1,1,4,1,4,3,1,3
29,1,4,1,1,13,50,10,36,55,90,6,0,2,6,1,3,4,3,1,1,2,2
29,1,4,1,1,89,9,29,23,50,32,7,6,0,3,0,2,6,1,5,4,3,1
29,1,4,1,1,9,50,94,9,19,69,6,0,3,6,3,1,1,3,2,1,2,3
29,1,4,1,1,72,50,69,32,9,74,3,0,1,2,6,2,4,3,3,1,1,3
29,1,4,1,0,90,9,80,50,69,27,3,6,5,0,1,5,2,1,4,3,3,3
29,1,4,1,1,50,80,89,30,24,29,0,5,7,1,1,0,3,4,6,1,2,5
29,1,4,1,1,25,27,44,88,31,82,1,5,5,3,6,3,2,3,5,0,4,5
29,1,4,1,1,13,89,82,25,89,65,6,7,3,1,7,1,4,6,5,2,6,3
19,1,4,1,0,97,23,82,55,59,13,7,3,3,1,3,6,1,4,5,2,3,4
19,1,4,1,1,90,69,46,65,9,89,3,1,6,1,6,7,2,3,5,3,1,6
19,1,4,1,1,82,69,90,27,9,32,3,1,3,5,6,2,5,3,2,3,1,1
19,1,4,1,1,9,40,82,69,90,9,6,7,3,1,3,6,1,3,5,3,2,1
19,1,4,1,0,23,44,9,90,69,82,3,5,6,3,1,3,4,5,1,2,3,5
19,1,4,1,1,30,9,42,34,69,90,1,6,2,1,1,3,1,1,1,3,3,2
6,7,12,5,1,71,43,79,71,90,61,4,0,4,4,3,4,1,1,1,1,2,1
7,4,10,2,0,56,25,9,13,10,32,1,1,6,6,2,2,3,2,1,4,1,1
6,7,12,5,0,79,12,89,43,79,16,4,4,7,0,4,5,1,4,6,1,1,3
7,4,10,2,0,76,88,69,13,10,69,3,3,1,6,2,1,1,0,3,4,1,3
8,6,13,4,1,89,32,42,20,89,90,7,2,2,3,7,3,6,1,1,3,6,2
6,7,12,5,1,71,96,79,63,12,79,4,0,4,7,4,4,1,5,1,1,4,1
32,1,15,1,0,89,82,24,89,52,96,7,3,1,7,1,0,6,5,2,6,2,5
32,1,15,1,1,82,69,9,29,94,30,3,1,6,0,3,1,5,3,1,5,2,1
32,1,15,1,1,9,89,82,53,13,82,6,7,3,5,6,3,1,6,5,2,4,5
32,1,15,1,1,73,82,86,32,94,29,7,3,2,2,3,0,3,5,2,1,2,5
32,1,15,1,0,69,82,52,9,60,29,1,3,1,6,4,0,3,5,2,1,1,5
32,1,15,1,1,85,9,82,69,13,82,1,6,3,1,6,3,1,1,5,3,4,5
32,1,15,1,1,13,9,89,82,42,9,6,6,7,3,2,6,4,1,6,5,1,1
32,1,15,1,0,23,9,13,9,82,13,3,6,6,6,3,6,4,1,4,1,5,4
29,1,4,1,1,9,82,69,25,9,82,6,3,1,1,6,3,1,5,3,2,1,5
29,1,4,1,0,9,25,82,52,36,23,6,1,3,1,6,3,1,2,5,2,1,4
29,1,4,1,1,60,9,82,93,21,6,4,6,3,1,3,4,1,1,5,1,3,1
29,1,4,1,1,13,9,82,87,9,29,6,6,3,1,6,0,4,1,5,1,1,5
29,1,4,1,1,25,9,82,9,23,89,1,6,3,6,3,7,2,1,5,1,4,6
29,1,4,1,0,69,9,36,9,72,82,1,6,6,6,3,3,3,1,1,1,4,5
29,1,4,1,0,9,29,32,27,9,82,6,0,2,5,6,3,1,5,1,3,1,5
29,1,4,1,0,13,96,34,99,9,82,6,0,1,7,6,3,4,5,3,3,1,5
29,1,4,1,0,69,29,13,31,86,62,1,0,6,6,2,5,3,5,4,4,2,3
4,7,2,5,1,39,6,55,82,9,94,7,4,1,3,6,3,3,1,2,5,1,2
4,7,2,5,0,96,16,79,89,38,14,0,5,4,7,2,6,5,3,1,6,3,3
4,7,2,5,0,57,44,56,44,7,79,3,5,1,5,4,4,1,5,3,5,1,1
4,7,2,5,1,61,44,7,82,43,94,4,5,4,3,0,3,1,5,1,5,1,2
4,7,2,5,1,84,14,27,32,19,34,5,6,5,2,3,1,3,3,3,1,2,3
4,7,2,5,1,84,27,14,94,69,16,5,5,6,3,1,5,3,3,3,2,3,3
4,7,2,5,1,27,84,14,67,41,22,5,5,6,7,5,3,3,3,3,3,3,1
4,7,2,5,1,69,9,16,84,14,27,1,6,5,5,6,5,3,1,3,3,3,3
4,7,2,5,1,27,14,84,14,52,34,5,6,5,6,1,1,3,3,3,3,2,3
4,7,2,5,0,14,27,84,69,23,89,6,5,5,1,3,7,3,3,3,3,4,6
4,7,2,5,1,84,27,14,25,61,43,5,5,6,1,4,0,3,3,3,2,1,1
4,7,2,5,1,84,27,14,53,55,27,5,5,6,5,1,5,3,3,3,2,2,3
4,7,2,5,1,84,14,27,69,79,55,5,6,5,1,4,1,3,3,3,3,1,2
4,7,2,5,1,14,27,84,41,44,71,6,5,5,5,5,4,3,3,3,3,5,1
4,7,2,5,1,14,84,27,61,55,3,6,5,5,4,1,4,3,3,3,1,2,1
4,7,2,5,0,61,19,17,14,27,84,4,3,3,6,5,5,1,2,5,3,3,3
4,7,2,5,1,84,14,27,69,56,6,5,6,5,1,1,4,3,3,3,3,3,1
4,7,2,5,0,16,56,44,14,84,27,5,1,5,6,5,5,3,3,5,3,3,3
4,7,2,5,0,80,13,25,84,27,14,5,6,1,5,5,6,4,4,2,3,3,3
4,7,2,5,0,79,49,96,84,14,27,4,2,0,5,6,5,1,5,5,3,3,3
4,7,2,5,1,84,14,27,53,56,19,5,6,5,5,1,3,3,3,3,2,3,2
4,7,2,5,0,69,27,56,27,84,14,1,5,1,5,5,6,3,3,3,3,3,3
4,7,2,5,0,56,69,41,84,27,14,1,1,5,5,5,6,3,3,3,3,3,3
4,7,2,5,1,27,40,53,30,55,93,5,7,5,1,1,1,3,3,2,1,2,1
32,1,15,1,1,82,5,95,88,31,32,3,0,3,3,6,2,5,4,3,0,4,1
32,1,15,1,1,32,18,52,5,36,80,2,2,1,0,6,5,1,3,2,4,1,4
27,4,8,2,0,67,55,90,23,37,25,7,1,3,3,2,1,3,2,2,4,1,2
27,4,8,2,1,34,89,6,52,69,16,1,7,4,1,1,5,3,6,1,2,3,3
27,4,8,2,0,16,34,53,27,25,83,5,1,5,5,1,6,3,3,2,3,2,4
27,4,8,2,1,10,25,90,10,49,96,2,1,3,2,2,0,1,2,2,1,5,5
29,1,4,1,1,82,25,9,82,51,80,3,1,6,3,7,5,5,2,1,5,6,4
32,1,15,1,1,86,46,72,72,15,9,2,6,3,3,1,6,2,5,4,4,3,1
32,1,15,1,0,25,15,29,9,29,82,1,1,0,6,0,3,2,3,5,1,5,5
32,1,15,1,1,8,22,15,52,79,24,5,3,1,1,4,1,1,1,3,2,1,2
28,2,9,1,1,78,7,96,10,39,93,7,4,0,2,7,1,2,1,5,1,3,1
28,2,9,1,1,43,79,61,54,77,89,0,4,4,0,0,7,1,1,1,1,5,6
22,6,1,4,0,52,66,96,20,32,1,1,1,0,3,2,7,2,3,5,3,1,3
32,1,15,1,0,9,31,89,69,10,90,6,6,7,1,2,3,1,4,6,3,1,2
4,7,2,5,1,89,38,79,79,25,52,7,2,4,4,1,1,6,3,1,1,2,2
4,7,2,5,0,16,52,79,55,78,63,5,1,4,1,7,7,3,2,1,2,2,1
4,7,2,5,0,52,25,79,71,7,42,1,1,4,4,4,2,2,2,1,1,1,1
4,7,2,5,1,7,23,25,79,52,25,4,3,1,4,1,1,1,4,2,1,2,2
4,7,2,5,1,52,79,25,61,14,23,1,4,1,4,6,3,2,1,2,1,3,4
4,7,2,5,1,79,55,25,25,56,69,4,1,1,1,1,1,1,2,2,2,3,3
4,7,2,5,0,89,82,79,79,92,9,7,3,4,4,2,6,6,5,1,1,3,1
4,7,2,5,0,89,27,69,89,79,82,7,5,1,7,4,3,6,3,3,6,1,5
4,7,2,5,1,89,82,79,79,16,55,7,3,4,4,5,1,6,5,1,1,3,2
4,7,2,5,1,89,82,79,25,93,43,7,3,4,1,1,0,6,5,1,2,1,1
4,7,2,5,1,89,82,79,69,24,90,7,3,4,1,1,3,6,5,1,3,2,2
4,7,2,5,1,82,79,90,90,79,93,3,4,3,3,4,1,5,1,2,2,1,1
4,7,2,5,1,17,49,63,52,79,82,3,2,7,1,4,3,5,5,1,2,1,5
4,7,2,5,0,15,79,23,33,25,89,1,4,3,3,1,7,3,1,4,3,2,6
32,1,15,1,1,27,13,90,9,54,34,5,6,3,6,0,1,3,4,2,1,1,3
32,1,15,1,1,34,9,27,36,30,90,1,6,5,6,1,3,3,1,3,1,1,2
28,2,9,1,0,96,12,4,27,6,52,0,4,6,5,4,1,5,4,1,3,1,2
28,2,9,1,1,30,62,66,6,7,61,1,5,1,4,4,4,1,3,3,1,1,1
28,2,9,1,1,60,7,61,61,34,96,4,4,4,4,1,0,1,1,1,1,3,5
28,2,9,1,0,69,34,96,12,34,90,1,1,0,4,1,3,3,3,5,4,3,2
28,2,9,1,0,77,16,43,61,34,2,0,5,0,4,1,2,5,3,1,1,3,2
28,2,9,1,0,77,12,34,35,42,28,0,4,1,7,2,6,5,4,3,3,1,2
28,2,9,1,0,77,23,25,44,34,32,0,3,1,5,1,2,5,4,2,5,3,1
28,2,9,1,1,25,61,79,25,35,13,1,4,4,1,7,6,2,1,1,2,3,4
28,2,9,1,1,30,21,82,6,17,90,1,3,3,4,3,3,1,3,5,1,5,2
28,2,9,1,1,34,17,6,27,41,80,1,3,4,5,5,5,3,5,1,3,3,4
28,2,9,1,1,32,26,89,6,17,42,2,6,7,4,3,2,1,5,6,1,5,1
28,2,9,1,1,9,12,16,6,10,16,6,4,5,4,2,5,1,4,3,1,1,3
29,1,4,1,0,34,60,13,13,89,25,1,4,6,6,7,1,3,1,4,4,6,2
29,1,4,1,0,82,13,36,34,60,13,3,6,6,1,4,6,5,4,1,3,1,4
29,1,4,1,0,36,30,89,34,60,13,6,1,7,1,4,6,1,1,6,3,1,4
29,1,4,1,0,34,13,60,69,89,31,1,6,4,1,7,6,3,4,1,3,6,4
29,1,4,1,1,34,60,13,90,95,49,1,4,6,3,3,2,3,1,4,2,3,5
29,1,4,1,0,34,60,9,13,82,60,1,4,6,6,3,4,3,1,1,4,5,1
29,1,4,1,1,82,29,9,34,82,60,3,0,6,1,3,4,5,5,1,3,5,1
29,1,4,1,1,34,60,82,9,55,13,1,4,3,6,1,6,3,1,5,1,2,4
29,1,4,1,0,69,13,9,34,60,82,1,6,6,1,4,3,3,4,1,3,1,5
32,1,15,1,1,9,34,25,55,73,29,6,1,1,1,7,0,1,3,2,2,3,5
32,1,15,1,1,95,73,55,19,69,32,3,7,1,3,1,2,3,3,2,2,3,1
32,1,15,1,1,55,67,82,90,26,80,1,7,3,3,6,5,2,3,5,2,5,4
13,7,1,5,0,27,73,2,19,25,34,5,7,2,3,1,1,3,3,2,2,2,3
13,7,1,5,1,27,38,83,40,90,17,5,2,6,7,3,3,3,3,4,3,2,5
28,2,9,1,1,23,89,65,65,43,42,3,7,1,1,0,2,4,6,3,3,1,1
28,2,9,1,1,65,82,43,99,80,9,1,3,0,7,5,6,3,5,1,3,4,1
28,2,9,1,0,30,16,34,43,69,65,1,5,1,0,1,1,1,3,3,1,3,3
28,2,9,1,0,69,43,82,25,26,69,1,0,3,1,6,1,3,1,5,2,5,3
28,2,9,1,1,82,42,69,96,26,10,3,2,1,0,6,2,5,1,3,5,5,1
28,2,9,1,1,65,69,42,78,61,96,1,1,2,7,4,0,3,3,1,2,1,5
28,2,9,1,0,69,89,74,65,82,43,1,7,2,1,3,0,3,6,3,3,5,1
29,1,4,1,1,24,94,26,94,34,36,1,3,6,3,1,6,2,2,5,2,3,1
29,1,4,1,0,24,98,82,88,82,29,1,2,3,3,3,0,2,3,5,0,5,5
29,1,4,1,1,29,65,25,82,69,24,0,1,1,3,1,1,5,3,2,5,3,2
29,1,4,1,1,24,69,25,69,13,49,1,1,1,1,6,2,2,3,2,3,4,5
4,7,2,5,1,23,25,7,79,88,55,3,1,4,4,3,1,4,2,1,1,0,2
29,1,4,1,0,69,82,9,29,69,34,1,3,6,0,1,1,3,5,1,5,3,3
29,1,4,1,0,59,90,68,69,96,99,3,3,3,1,0,7,3,2,3,3,5,3
29,1,4,1,1,69,34,9,9,23,17,1,1,6,6,3,3,3,3,1,1,4,5
29,1,4,1,0,13,93,46,13,31,69,6,1,6,6,6,1,4,1,5,4,4,3
19,1,4,1,1,42,69,6,29,69,13,2,1,4,0,1,6,1,3,1,5,3,4
13,7,1,5,0,55,78,14,91,83,69,1,7,6,0,6,1,2,2,3,3,4,3
32,1,15,1,1,13,9,87,19,13,10,6,6,1,3,6,2,4,1,1,2,4,1
32,1,15,1,1,82,13,10,32,90,31,3,6,2,2,3,6,5,4,1,1,2,4
32,1,15,1,1,9,10,13,90,89,13,6,2,6,3,7,6,1,1,4,2,6,4
32,1,15,1,0,13,9,89,10,13,82,6,6,7,2,6,3,4,1,6,1,4,5
32,1,15,1,1,25,13,10,44,95,13,1,6,2,5,3,6,2,4,1,5,3,4
32,1,15,1,1,10,13,9,72,19,15,2,6,6,3,3,1,1,4,1,4,2,3
32,1,15,1,0,10,13,89,13,69,89,2,6,7,6,1,7,1,4,6,4,3,6
32,1,15,1,1,10,13,89,13,82,25,2,6,7,6,3,1,1,4,6,4,5,2
32,1,15,1,1,25,10,13,62,26,82,1,2,6,5,6,3,2,1,4,3,5,5
32,1,15,1,1,25,13,10,31,13,43,1,6,2,6,6,0,2,4,1,4,4,1
32,1,15,1,1,10,90,13,9,13,74,2,3,6,6,6,2,1,2,4,1,4,3
32,1,15,1,0,9,89,13,10,13,90,6,7,6,2,6,3,1,6,4,1,4,2
32,1,15,1,1,82,13,10,19,9,82,3,6,2,3,6,3,5,4,1,2,1,5
32,1,15,1,0,88,10,13,82,9,89,3,2,6,3,6,7,0,1,4,5,1,6
32,1,15,1,1,88,10,13,82,13,69,3,2,6,3,6,1,0,1,4,5,4,3
32,1,15,1,1,52,13,69,93,23,57,1,6,1,1,3,3,2,4,3,1,4,1
32,1,15,1,1,82,83,72,9,37,72,3,6,3,6,2,3,5,4,4,1,1,4
32,1,15,1,1,82,97,90,15,72,86,3,7,3,1,3,2,5,1,2,3,4,2
13,7,1,5,1,89,55,83,67,82,44,7,1,6,7,3,5,6,2,4,3,5,5
13,7,1,5,1,53,12,19,83,17,2,5,4,3,6,3,2,2,4,2,4,5,2
13,7,1,5,0,88,29,90,31,89,83,3,0,3,6,7,6,0,5,2,4,6,4
13,7,1,5,1,36,15,11,95,30,83,6,1,4,3,1,6,1,3,1,3,1,4
13,7,1,5,0,69,16,79,83,53,25,1,5,4,6,5,1,3,3,1,4,2,2
13,7,1,5,1,32,12,83,80,73,22,2,4,6,5,7,3,1,4,4,4,3,1
13,7,1,5,0,36,9,83,88,56,16,6,6,6,3,1,5,1,1,4,0,3,3
13,7,1,5,1,23,25,55,23,83,25,3,1,1,3,6,1,4,2,2,4,4,2
13,7,1,5,1,89,69,44,90,62,83,7,1,5,3,5,6,6,3,5,2,3,4
13,7,1,5,1,83,25,79,56,89,18,6,1,4,1,7,2,4,2,1,3,6,3
13,7,1,5,1,69,83,90,55,51,82,1,6,3,1,7,3,3,4,2,2,6,5
19,1,4,1,1,69,29,99,80,71,83,1,0,7,5,4,6,3,5,3,4,1,4
19,1,4,1,1,52,99,24,46,30,69,1,7,1,6,1,1,2,3,2,5,1,3
19,1,4,1,1,30,94,13,52,69,99,1,3,6,1,1,7,1,2,4,2,3,3
19,1,4,1,1,29,9,13,30,13,99,0,6,6,1,6,7,5,1,4,1,4,3
19,1,4,1,0,99,94,9,81,36,37,7,3,6,3,6,2,3,2,1,3,1,1
19,1,4,1,0,30,39,25,69,32,99,1,7,1,1,2,7,1,3,2,3,1,3
19,1,4,1,0,16,32,68,99,29,82,5,2,3,7,0,3,3,1,3,3,5,5
19,1,4,1,0,25,90,99,82,26,23,1,3,7,3,6,3,2,2,3,5,5,4
19,1,4,1,1,69,36,99,13,23,69,1,6,7,6,3,1,3,1,3,4,4,3
19,1,4,1,1,29,69,99,34,69,9,0,1,7,1,1,6,5,3,3,3,3,1
19,1,4,1,0,17,63,99,25,36,89,3,7,7,1,6,7,5,1,3,2,1,6
19,1,4,1,0,31,23,69,99,17,63,6,3,1,7,3,7,4,4,3,3,5,1
19,1,4,1,0,79,99,69,9,55,23,4,7,1,6,1,3,1,3,3,1,2,4
21,7,14,5,1,33,30,17,12,55,67,3,1,3,4,1,7,3,1,5,4,2,3
32,1,15,1,0,83,27,26,17,10,9,6,5,6,3,2,6,4,3,5,5,1,1
32,1,15,1,1,9,23,89,46,83,27,6,3,7,6,6,5,1,4,6,5,4,3
32,1,15,1,0,24,9,29,83,27,32,1,6,0,6,5,2,2,1,5,4,3,1
4,7,2,5,0,67,73,51,69,53,79,7,7,7,1,5,4,3,3,6,3,2,1
4,7,2,5,0,69,79,53,90,69,9,1,4,5,3,1,6,3,1,2,2,3,1
4,7,2,5,1,53,69,79,88,90,32,5,1,4,3,3,2,2,3,1,0,2,1
4,7,2,5,1,89,8,17,69,53,79,7,5,3,1,5,4,6,1,5,3,2,1
4,7,2,5,1,29,82,90,53,69,79,0,3,3,5,1,4,5,5,2,2,3,1
4,7,2,5,1,53,69,79,12,19,82,5,1,4,4,3,3,2,3,1,4,2,5
4,7,2,5,0,29,44,69,53,69,79,0,5,1,5,1,4,5,5,3,2,3,1
4,7,2,5,1,16,41,27,56,52,25,5,5,5,1,1,1,3,3,3,3,2,2
4,7,2,5,0,16,61,3,41,27,53,5,4,4,5,5,5,3,1,1,3,3,2
32,1,15,1,1,88,24,93,71,52,69,3,1,1,4,1,1,0,2,1,1,2,3
32,1,15,1,0,89,69,9,23,88,25,7,1,6,3,3,1,6,3,1,4,0,2
23,5,8,3,1,82,13,9,25,29,96,3,6,6,1,0,0,5,4,1,2,5,5
32,1,15,1,0,88,9,31,25,20,80,3,6,6,1,3,5,0,1,4,2,3,4
32,1,15,1,1,30,20,24,82,69,13,1,3,1,3,1,6,1,3,2,5,3,4
4,7,2,5,1,79,25,54,67,62,30,4,1,0,7,5,1,1,2,1,3,3,1
4,7,2,5,0,54,25,79,41,61,16,0,1,4,5,4,5,1,2,1,3,1,3
4,7,2,5,1,79,24,54,26,56,69,4,1,0,6,1,1,1,2,1,5,3,3
32,1,15,1,0,90,74,89,69,25,37,3,2,7,1,1,2,2,3,6,3,2,1
32,1,15,1,0,82,13,9,37,25,13,3,6,6,2,1,6,5,4,1,1,2,4
32,1,15,1,1,27,25,13,89,9,82,5,1,6,7,6,3,3,2,4,6,1,5
32,1,15,1,0,82,9,89,13,88,27,3,6,7,6,3,5,5,1,6,4,0,3
32,1,15,1,1,88,60,82,72,9,32,3,4,3,3,6,2,0,1,5,4,1,1
32,1,15,1,0,88,62,25,36,9,95,3,5,1,6,6,3,0,3,2,1,1,3
32,1,15,1,1,36,9,13,93,88,25,6,6,6,1,3,1,1,1,4,1,0,2
32,1,15,1,0,82,89,32,82,23,69,3,7,2,3,3,1,5,6,1,5,4,3
32,1,15,1,0,36,83,82,25,13,23,6,6,3,1,6,3,1,4,5,2,4,4
32,1,15,1,0,23,94,88,82,9,13,3,3,3,3,6,6,4,2,0,5,1,4
32,1,15,1,0,23,82,9,27,42,9,3,3,6,5,2,6,4,5,1,3,1,1
32,1,15,1,0,32,9,82,94,23,9,2,6,3,3,3,6,1,1,5,2,4,1
32,1,15,1,1,62,82,23,80,12,49,5,3,3,5,4,2,3,5,4,4,4,5
4,7,2,5,0,67,56,16,90,56,12,7,1,5,3,1,4,3,3,3,2,3,4
32,1,15,1,1,9,82,72,82,9,52,6,3,3,3,6,1,1,5,4,5,1,2
32,1,15,1,0,66,9,12,72,24,42,1,6,4,3,1,2,3,1,4,4,2,1
32,1,15,1,1,89,82,13,9,69,72,7,3,6,6,1,3,6,5,4,1,3,4
32,1,15,1,1,69,82,72,80,70,5,1,3,3,5,2,0,3,5,4,4,3,4
32,1,15,1,0,27,83,9,27,95,17,5,6,6,5,3,3,3,4,1,3,3,5
32,1,15,1,0,87,29,31,82,15,95,1,0,6,3,1,3,1,5,4,5,3,3
32,1,15,1,1,95,82,24,82,9,34,3,3,1,3,6,1,3,5,2,5,1,3
32,1,15,1,0,98,82,48,88,9,52,2,3,4,3,6,1,3,5,3,0,1,2
32,1,15,1,1,27,9,36,9,48,30,5,6,6,6,4,1,3,1,1,1,3,1
32,1,15,1,1,9,36,48,9,29,19,6,6,4,6,0,3,1,1,3,1,5,2
32,1,15,1,1,9,36,48,96,15,82,6,6,4,0,1,3,1,1,3,5,3,5
32,1,15,1,0,32,25,98,32,88,9,2,1,2,2,3,6,1,2,3,1,0,1
32,1,15,1,0,69,29,31,9,42,98,1,0,6,6,2,2,3,5,4,1,1,3
32,1,15,1,0,13,27,9,98,29,90,6,5,6,2,0,3,4,3,1,3,5,2
32,1,15,1,0,72,88,9,98,13,24,3,3,6,2,6,1,4,0,1,3,4,2
32,1,15,1,1,27,19,46,56,82,69,5,3,6,1,3,1,3,2,5,3,5,3
32,1,15,1,0,69,53,13,82,27,13,1,5,6,3,5,6,3,2,4,5,3,4
32,1,15,1,1,82,89,53,30,25,9,3,7,5,1,1,6,5,6,2,1,2,1
32,1,15,1,1,36,89,10,37,82,53,6,7,2,2,3,5,1,6,1,1,5,2
32,1,15,1,0,69,29,95,13,53,69,1,0,3,6,5,1,3,5,3,4,2,3
32,1,15,1,0,82,9,69,9,88,29,3,6,1,6,3,0,5,1,3,1,0,5
32,1,15,1,0,84,19,69,82,90,31,5,3,1,3,3,6,3,2,3,5,2,4
32,1,15,1,1,69,9,84,30,9,88,1,6,5,1,6,3,3,1,3,1,1,0
32,1,15,1,1,72,9,84,30,52,13,3,6,5,1,1,6,4,1,3,1,2,4
32,1,15,1,0,21,13,89,13,42,24,3,6,7,6,2,1,3,4,6,4,1,2
32,1,15,1,0,26,40,88,98,13,9,6,7,3,2,6,6,5,3,0,3,4,1
32,1,15,1,1,88,26,40,13,72,32,3,6,7,6,3,2,0,5,3,4,4,1
32,1,15,1,1,93,13,82,13,42,1,1,6,3,6,2,7,1,4,5,4,1,3
32,1,15,1,0,13,1,69,9,37,30,6,7,1,6,2,1,4,3,3,1,1,1
32,1,15,1,0,82,6,89,67,89,13,3,4,7,7,7,6,5,1,6,3,6,4
23,5,8,3,0,9,72,89,9,13,89,6,3,7,6,6,7,1,4,6,1,4,6
23,5,8,3,0,72,9,13,65,82,89,3,6,6,1,3,7,4,1,4,3,5,6
23,5,8,3,0,26,72,24,65,66,72,6,3,1,1,1,3,5,4,2,3,3,4
23,5,8,3,1,24,72,13,65,89,13,1,3,6,1,7,6,2,4,4,3,6,4
23,5,8,3,1,24,72,17,9,66,34,1,3,3,6,1,1,2,4,5,1,3,3
23,5,8,3,1,24,72,13,66,9,74,1,3,6,1,6,2,2,4,4,3,1,3
23,5,8,3,1,24,72,13,89,77,66,1,3,6,7,0,1,2,4,4,6,5,3
23,5,8,3,1,72,13,24,65,30,13,3,6,1,1,1,6,4,4,2,3,1,4
23,5,8,3,0,72,13,24,72,13,9,3,6,1,3,6,6,4,4,2,4,4,1
23,5,8,3,1,24,72,13,72,89,49,1,3,6,3,7,2,2,4,4,4,6,5
29,1,4,1,1,82,89,9,69,9,89,3,7,6,1,6,7,5,6,1,3,1,6
29,1,4,1,1,9,89,36,55,9,82,6,7,6,1,6,3,1,6,1,2,1,5
29,1,4,1,1,74,87,9,37,30,88,2,1,6,2,1,3,3,1,1,1,1,0
23,5,8,3,1,13,89,9,89,9,25,6,7,6,7,6,1,4,6,1,6,1,2
23,5,8,3,0,9,89,25,9,32,89,6,7,1,6,2,7,1,6,2,1,1,6
23,5,8,3,1,9,13,89,13,24,65,6,6,7,6,1,1,1,4,6,4,2,3
23,5,8,3,0,29,64,9,66,22,72,0,6,6,1,3,3,5,2,1,3,1,4
23,5,8,3,0,9,29,65,9,89,13,6,0,1,6,7,6,1,5,3,1,6,4
23,5,8,3,0,81,23,9,85,66,9,3,3,6,1,1,6,3,4,1,1,3,1
29,1,4,1,1,82,78,25,89,9,26,3,7,1,7,6,6,5,2,2,6,1,5
29,1,4,1,0,21,46,42,69,82,13,3,6,2,1,3,6,3,5,1,3,5,4
29,1,4,1,0,9,13,69,9,89,69,6,6,1,6,7,1,1,4,3,1,6,3
29,1,4,1,0,9,34,32,69,13,25,6,1,2,1,6,1,1,3,1,3,4,2
29,1,4,1,0,65,88,13,34,17,25,1,3,6,1,3,1,3,0,4,3,5,2
29,1,4,1,1,13,19,9,9,13,89,6,3,6,6,6,7,4,2,1,1,4,6
29,1,4,1,0,13,87,9,36,67,13,6,1,6,6,7,6,4,1,1,1,3,4
29,1,4,1,1,9,13,30,23,36,32,6,6,1,3,6,2,1,4,1,4,1,1
29,1,4,1,1,78,28,32,36,13,49,7,6,2,6,6,2,2,2,1,1,4,5
29,1,4,1,1,51,89,55,89,13,49,7,7,1,7,6,2,6,6,2,6,4,5
29,1,4,1,1,13,9,96,89,5,24,6,6,0,7,0,1,4,1,5,6,4,2
29,1,4,1,0,82,13,36,9,88,76,3,6,6,6,3,3,5,4,1,1,0,1
29,1,4,1,1,9,69,13,88,30,29,6,1,6,3,1,0,1,3,4,0,1,5
29,1,4,1,0,9,13,82,9,52,82,6,6,3,6,1,3,1,4,5,1,2,5
29,1,4,1,0,37,13,67,52,89,9,2,6,7,1,7,6,1,4,3,2,6,1
19,1,4,1,1,89,13,25,69,89,13,7,6,1,1,7,6,6,4,2,3,6,4
19,1,4,1,0,69,89,13,98,32,25,1,7,6,2,2,1,3,6,4,3,1,2
30,1,4,1,0,23,69,13,9,67,19,3,1,6,6,7,3,4,3,4,1,3,2
30,1,4,1,1,67,32,19,19,13,89,7,2,3,3,6,7,3,1,2,2,4,6
30,1,4,1,0,13,25,9,32,67,19,6,1,6,2,7,3,4,2,1,1,3,2
30,1,4,1,1,32,67,19,89,82,9,2,7,3,7,3,6,1,3,2,6,5,1
30,1,4,1,0,69,9,89,32,67,19,1,6,7,2,7,3,3,1,6,1,3,2
30,1,4,1,1,32,67,19,89,9,25,2,7,3,7,6,1,1,3,2,6,1,2
30,1,4,1,1,32,19,67,82,51,25,2,3,7,3,7,1,1,2,3,5,6,2
30,1,4,1,1,32,67,19,89,78,82,2,7,3,7,7,3,1,3,2,6,2,5
30,1,4,1,0,19,24,9,67,32,19,3,1,6,7,2,3,2,2,1,3,1,2
30,1,4,1,1,32,67,19,96,82,75,2,7,3,0,3,5,1,3,2,5,5,1
30,1,4,1,0,25,19,9,32,67,19,1,3,6,2,7,3,2,2,1,1,3,2
30,1,4,1,0,75,9,82,32,67,19,5,6,3,2,7,3,1,1,5,1,3,2
30,1,4,1,1,32,67,19,82,89,13,2,7,3,3,7,6,1,3,2,5,6,4
30,1,4,1,1,32,67,19,69,82,9,2,7,3,1,3,6,1,3,2,3,5,1
30,1,4,1,0,37,9,69,32,67,19,2,6,1,2,7,3,1,1,3,1,3,2
30,1,4,1,1,32,19,67,34,25,89,2,3,7,1,1,7,1,2,3,3,2,6
30,1,4,1,1,32,67,19,29,36,9,2,7,3,0,6,6,1,3,2,5,1,1
30,1,4,1,0,82,9,13,32,67,19,3,6,6,2,7,3,5,1,4,1,3,2
30,1,4,1,0,10,9,69,32,67,19,2,6,1,2,7,3,1,1,3,1,3,2
30,1,4,1,1,88,89,25,89,9,9,3,7,1,7,6,6,0,6,2,6,1,1
30,1,4,1,0,25,19,67,89,25,9,1,3,7,7,1,6,2,2,3,6,2,1
30,1,4,1,0,69,36,28,67,25,19,1,6,6,7,1,3,3,1,2,3,2,2
30,1,4,1,1,25,67,19,9,25,90,1,7,3,6,1,3,2,3,2,1,2,2
32,1,15,1,1,74,89,25,82,13,23,2,7,1,3,6,3,3,6,2,5,4,4
32,1,15,1,0,13,82,9,89,25,74,6,3,6,7,1,2,4,5,1,6,2,3
32,1,15,1,0,13,89,9,74,89,25,6,7,6,2,7,1,4,6,1,3,6,2
32,1,15,1,0,13,25,89,74,89,25,6,1,7,2,7,1,4,2,6,3,6,2
32,1,15,1,1,74,89,25,72,68,82,2,7,1,3,3,3,3,6,2,4,3,5
32,1,15,1,1,89,74,25,25,13,69,7,2,1,1,6,1,6,3,2,2,4,3
32,1,15,1,0,86,13,89,89,25,74,2,6,7,7,1,2,2,4,6,6,2,3
32,1,15,1,1,74,89,25,13,31,9,2,7,1,6,6,6,3,6,2,4,4,1
32,1,15,1,1,86,19,89,74,89,25,2,3,7,2,7,1,2,2,6,3,6,2
32,1,15,1,0,89,23,69,74,89,25,7,3,1,2,7,1,6,4,3,3,6,2
32,1,15,1,1,74,89,25,69,9,52,2,7,1,1,6,1,3,6,2,3,1,2
32,1,15,1,0,69,32,89,74,89,25,1,2,7,2,7,1,3,1,6,3,6,2
32,1,15,1,0,69,9,6,74,89,25,1,6,4,2,7,1,3,1,1,3,6,2
32,1,15,1,0,69,90,13,74,89,25,1,3,6,2,7,1,3,2,4,3,6,2
32,1,15,1,0,9,13,13,74,89,25,6,6,6,2,7,1,1,4,4,3,6,2
32,1,15,1,1,25,13,89,25,89,74,1,6,7,1,7,2,2,4,6,2,6,3
32,1,15,1,1,74,89,25,13,69,82,2,7,1,6,1,3,3,6,2,4,3,5
32,1,15,1,1,89,74,25,82,13,9,7,2,1,3,6,6,6,3,2,5,4,1
32,1,15,1,0,82,89,9,74,89,25,3,7,6,2,7,1,5,6,1,3,6,2
32,1,15,1,1,74,89,25,89,13,9,2,7,1,7,6,6,3,6,2,6,4,1
32,1,15,1,1,89,25,74,31,69,87,7,1,2,6,1,1,6,2,3,4,3,1
32,1,15,1,0,89,9,67,74,89,25,7,6,7,2,7,1,6,1,3,3,6,2
32,1,15,1,0,23,69,13,74,25,89,3,1,6,2,1,7,4,3,4,3,2,6
32,1,15,1,0,89,74,34,74,25,89,7,2,1,2,1,7,6,3,3,3,2,6
32,1,15,1,1,74,25,89,89,32,9,2,1,7,7,2,6,3,2,6,6,1,1
32,1,15,1,1,31,89,36,19,45,69,6,7,6,3,6,1,4,6,1,2,1,3
32,1,15,1,0,82,89,36,89,82,83,3,7,6,7,3,6,5,6,1,6,5,4
32,1,15,1,1,82,83,89,32,89,9,3,6,7,2,7,6,5,4,6,1,6,1
32,1,15,1,0,53,69,24,83,82,62,5,1,1,6,3,5,2,3,2,4,5,3
32,1,15,1,1,13,89,82,74,9,83,6,7,3,2,6,6,4,6,5,3,1,4
32,1,15,1,0,36,72,82,74,9,83,6,3,3,2,6,6,1,4,5,3,1,4
32,1,15,1,0,27,13,9,9,83,74,5,6,6,6,6,2,3,4,1,1,4,3
32,1,15,1,0,82,44,52,83,74,9,3,5,1,6,2,6,5,5,2,4,3,1
32,1,15,1,0,36,9,89,13,32,83,6,6,7,6,2,6,1,1,6,4,1,4
32,1,15,1,1,13,9,82,83,29,9,6,6,3,6,0,6,4,1,5,4,5,1
32,1,15,1,0,82,89,9,83,13,4,3,7,6,6,6,6,5,6,1,4,4,1
32,1,15,1,0,13,89,9,9,83,27,6,7,6,6,6,5,4,6,1,1,4,3
32,1,15,1,0,18,69,82,9,83,26,2,1,3,6,6,6,3,3,5,1,4,5
32,1,15,1,1,69,13,83,25,19,32,1,6,6,1,3,2,3,4,4,2,2,1
32,1,15,1,1,13,83,9,89,9,82,6,6,6,7,6,3,4,4,1,6,1,5
32,1,15,1,0,13,83,9,82,87,19,6,6,6,3,1,3,4,4,1,5,1,2
32,1,15,1,1,13,83,9,9,83,69,6,6,6,6,6,1,4,4,1,1,4,3
32,1,15,1,1,74,83,82,19,96,82,2,6,3,3,0,3,3,4,5,2,5,5
32,1,15,1,1,83,82,74,4,25,9,6,3,2,6,1,6,4,5,3,1,2,1
32,1,15,1,0,74,83,82,89,13,9,2,6,3,7,6,6,3,4,5,6,4,1
32,1,15,1,1,74,83,82,13,74,23,2,6,3,6,2,3,3,4,5,4,3,4
32,1,15,1,1,74,82,83,13,89,9,2,3,6,6,7,6,3,5,4,4,6,1
32,1,15,1,0,31,13,69,74,83,82,6,6,1,2,6,3,4,4,3,3,4,5
32,1,15,1,1,26,72,58,82,26,89,6,3,2,3,6,7,5,4,3,5,5,6
32,1,15,1,0,8,32,13,26,72,58,5,2,6,6,3,2,1,1,4,5,4,3
32,1,15,1,1,26,58,72,27,82,26,6,2,3,5,3,6,5,3,4,3,5,5
32,1,15,1,0,89,82,9,26,72,58,7,3,6,6,3,2,6,5,1,5,4,3
32,1,15,1,1,26,72,58,13,69,9,6,3,2,6,1,6,5,4,3,4,3,1
32,1,15,1,1,72,26,58,69,82,89,3,6,2,1,3,7,4,5,3,3,5,6
32,1,15,1,1,26,72,58,9,13,88,6,3,2,6,6,3,5,4,3,1,4,0
32,1,15,1,1,72,26,58,82,89,9,3,6,2,3,7,6,4,5,3,5,6,1
32,1,15,1,1,72,26,58,30,56,6,3,6,2,1,1,4,4,5,3,1,3,1
32,1,15,1,1,72,58,26,94,29,9,3,2,6,3,0,6,4,3,5,2,5,1
32,1,15,1,0,95,26,82,26,72,58,3,6,3,6,3,2,3,5,5,5,4,3
32,1,15,1,0,13,44,9,72,58,26,6,5,6,3,2,6,4,5,1,4,3,5
32,1,15,1,0,74,9,82,26,72,58,2,6,3,6,3,2,3,1,5,5,4,3
32,1,15,1,1,26,72,58,9,24,82,6,3,2,6,1,3,5,4,3,1,2,5
32,1,15,1,1,26,72,58,69,13,29,6,3,2,1,6,0,5,4,3,3,4,5
32,1,15,1,0,74,18,15,26,72,58,2,2,1,6,3,2,3,3,3,5,4,3
32,1,15,1,1,26,72,58,82,69,88,6,3,2,3,1,3,5,4,3,5,3,0
32,1,15,1,1,26,72,58,36,32,29,6,3,2,6,2,0,5,4,3,1,1,5
32,1,15,1,0,32,9,69,26,72,58,2,6,1,6,3,2,1,1,3,5,4,3
32,1,15,1,1,26,72,58,82,9,24,6,3,2,3,6,1,5,4,3,5,1,2
32,1,15,1,0,69,17,9,26,72,58,1,3,6,6,3,2,3,5,1,5,4,3
32,1,15,1,0,9,69,13,26,72,58,6,1,6,6,3,2,1,3,4,5,4,3
32,1,15,1,1,26,72,58,94,78,82,6,3,2,3,7,3,5,4,3,2,2,5
32,1,15,1,1,26,72,58,9,13,94,6,3,2,6,6,3,5,4,3,1,4,2
4,7,2,5,1,55,67,84,60,82,24,1,7,5,4,3,1,2,3,3,1,5,2
4,7,2,5,1,69,1,30,1,67,84,1,7,1,7,7,5,3,3,1,3,3,3
4,7,2,5,1,1,67,84,23,3,69,7,7,5,3,4,1,3,3,3,4,1,3
4,7,2,5,0,90,3,89,1,67,84,3,4,7,7,7,5,2,1,6,3,3,3
4,7,2,5,1,1,67,84,92,77,25,7,7,5,2,0,1,3,3,3,3,5,2
4,7,2,5,1,17,12,69,84,1,67,3,4,1,5,7,7,5,4,3,3,3,3
4,7,2,5,1,1,76,84,12,39,40,7,3,5,4,7,7,3,1,3,4,3,3
32,1,15,1,1,69,13,89,13,63,32,1,6,7,6,7,2,3,4,6,4,1,1
32,1,15,1,0,13,32,63,29,9,89,6,2,7,0,6,7,4,1,1,5,1,6
32,1,15,1,0,9,31,13,13,63,32,6,6,6,6,7,2,1,4,4,4,1,1
32,1,15,1,1,13,32,63,82,32,13,6,2,7,3,2,6,4,1,1,5,1,4
32,1,15,1,0,88,19,89,13,32,63,3,3,7,6,2,7,0,2,6,4,1,1
32,1,15,1,0,89,82,29,13,63,32,7,3,0,6,7,2,6,5,5,4,1,1
32,1,15,1,1,18,13,9,13,63,32,2,6,6,6,7,2,3,4,1,4,1,1
32,1,15,1,1,13,74,89,13,89,63,6,2,7,6,7,7,4,3,6,4,6,1
32,1,15,1,1,58,9,89,13,89,63,2,6,7,6,7,7,3,1,6,4,6,1
32,1,15,1,0,24,13,29,13,89,63,1,6,0,6,7,7,2,4,5,4,6,1
32,1,15,1,1,89,74,36,13,72,63,7,2,6,6,3,7,6,3,1,4,4,1
32,1,15,1,0,95,9,81,63,13,72,3,6,3,7,6,3,3,1,3,1,4,4
32,1,15,1,0,13,72,63,90,82,25,6,3,7,3,3,1,4,4,1,2,5,2
32,1,15,1,0,87,9,13,13,72,63,1,6,6,6,3,7,1,1,4,4,4,1
32,1,15,1,0,9,42,65,13,72,63,6,2,1,6,3,7,1,1,3,4,4,1
32,1,15,1,1,13,72,63,29,23,42,6,3,7,0,3,2,4,4,1,5,4,1
32,1,15,1,0,36,69,23,13,72,63,6,1,3,6,3,7,1,3,4,4,4,1
32,1,15,1,1,13,72,63,9,89,13,6,3,7,6,7,6,4,4,1,1,6,4
32,1,15,1,0,13,89,82,88,82,72,6,7,3,3,3,3,4,6,5,0,5,4
32,1,15,1,1,82,88,72,13,36,9,3,3,3,6,6,6,5,0,4,4,1,1
32,1,15,1,1,88,72,82,9,90,82,3,3,3,6,3,3,0,4,5,1,2,5
32,1,15,1,1,88,82,72,98,69,9,3,3,3,2,1,6,0,5,4,3,3,1
32,1,15,1,1,88,82,72,90,29,9,3,3,3,3,0,6,0,5,4,2,5,1
32,1,15,1,1,9,13,82,82,26,94,6,6,3,3,6,3,1,4,5,5,5,2
32,1,15,1,1,82,81,23,94,82,26,3,3,3,3,3,6,5,3,4,2,5,5
32,1,15,1,1,94,82,26,96,13,36,3,3,6,0,6,6,2,5,5,5,4,1
4,7,2,5,1,61,69,53,79,56,44,4,1,5,4,1,5,1,3,2,1,3,5
4,7,2,5,1,61,69,53,89,6,40,4,1,5,7,4,7,1,3,2,6,1,3
4,7,2,5,1,61,69,53,82,72,31,4,1,5,3,3,6,1,3,2,5,4,4
29,1,4,1,1,93,9,13,4,31,60,1,6,6,6,6,4,1,1,4,1,4,1
29,1,4,1,0,13,31,37,13,9,82,6,6,2,6,6,3,4,4,1,4,1,5
22,6,1,4,0,52,66,27,52,81,32,1,1,5,1,3,2,2,3,3,2,3,1
22,6,1,4,1,81,54,9,96,56,27,3,0,6,0,1,5,3,1,1,5,3,3
4,7,2,5,1,48,56,73,12,11,56,4,1,7,4,4,1,3,3,3,4,1,3
4,7,2,5,1,69,89,79,79,61,82,1,7,4,4,4,3,3,6,1,1,1,5
4,7,2,5,1,61,82,79,13,12,56,4,3,4,6,4,1,1,5,1,4,4,3
4,7,2,5,1,79,82,61,69,16,13,4,3,4,1,5,6,1,5,1,3,3,4
4,7,2,5,0,88,90,63,38,7,82,3,3,7,2,4,3,0,2,1,3,1,5
4,7,2,5,0,16,0,34,7,38,82,5,3,1,4,2,3,3,5,3,1,3,5
4,7,2,5,1,38,82,7,69,56,16,2,3,4,1,1,5,3,5,1,3,3,3
4,7,2,5,0,88,56,69,82,7,38,3,1,1,3,4,2,0,3,3,5,1,3
4,7,2,5,1,89,12,32,38,7,82,7,4,2,2,4,3,6,4,1,3,1,5
4,7,2,5,0,19,81,10,7,82,38,3,3,2,4,3,2,2,3,1,1,5,3
4,7,2,5,1,38,7,82,56,30,1,2,4,3,1,1,7,3,1,5,3,1,3
4,7,2,5,0,79,23,12,38,7,82,4,3,4,2,4,3,1,4,4,3,1,5
4,7,2,5,0,90,63,41,7,82,38,3,7,5,4,3,2,2,1,3,1,5,3
4,7,2,5,0,56,61,30,38,7,82,1,4,1,2,4,3,3,1,1,3,1,5
32,1,15,1,1,27,52,60,30,27,82,5,1,4,1,5,3,3,2,1,1,3,5
32,1,15,1,1,52,60,27,82,52,30,1,4,5,3,1,1,2,1,3,5,2,1
32,1,15,1,1,27,52,60,88,82,90,5,1,4,3,3,3,3,2,1,0,5,2
32,1,15,1,1,89,82,9,32,52,60,7,3,6,2,1,4,6,5,1,1,2,1
32,1,15,1,0,52,60,32,81,13,89,1,4,2,3,6,7,2,1,1,3,4,6
32,1,15,1,0,13,69,9,52,32,60,6,1,6,1,2,4,4,3,1,2,1,1
32,1,15,1,0,97,82,69,32,52,60,7,3,1,2,1,4,1,5,3,1,2,1
32,1,15,1,1,9,30,82,52,32,60,6,1,3,1,2,4,1,1,5,2,1,1
32,1,15,1,0,72,9,13,60,52,32,3,6,6,4,1,2,4,1,4,1,2,1
32,1,15,1,0,24,82,13,60,52,13,1,3,6,4,1,6,2,5,4,1,2,4
32,1,15,1,0,36,52,10,1,36,9,6,1,2,7,6,6,1,2,1,3,1,1
32,1,15,1,1,36,52,10,72,34,9,6,1,2,3,1,6,1,2,1,4,3,1
32,1,15,1,0,36,52,10,25,30,31,6,1,2,1,1,6,1,2,1,2,1,4
32,1,15,1,0,52,23,88,82,72,13,1,3,3,3,3,6,2,4,0,5,4,4
32,1,15,1,0,27,29,12,52,88,23,5,0,4,1,3,3,3,5,4,2,0,4
32,1,15,1,0,52,97,23,9,98,13,1,7,3,6,2,6,2,1,4,1,3,4
32,1,15,1,1,52,97,23,82,94,15,1,7,3,3,3,1,2,1,4,5,2,3
32,1,15,1,1,13,9,88,52,97,23,6,6,3,1,7,3,4,1,0,2,1,4
32,1,15,1,1,82,90,13,82,94,97,3,3,6,3,3,7,5,2,4,5,2,1
32,1,15,1,1,94,82,97,88,32,46,3,3,7,3,2,6,2,5,1,0,1,5
32,1,15,1,1,19,25,42,82,97,94,3,1,2,3,7,3,2,2,1,5,1,2
32,1,15,1,1,82,94,97,81,9,69,3,3,7,3,6,1,5,2,1,3,1,3
32,1,15,1,1,82,94,97,87,9,24,3,3,7,1,6,1,5,2,1,1,1,2
32,1,15,1,0,32,89,25,94,97,82,2,7,1,3,7,3,1,6,2,2,1,5
32,1,15,1,0,82,94,97,89,82,24,3,3,7,7,3,1,5,2,1,6,5,2
32,1,15,1,0,9,25,13,9,62,82,6,1,6,6,5,3,1,2,4,1,3,5
32,1,15,1,0,82,94,13,82,27,69,3,3,6,3,5,1,5,2,4,5,3,3
32,1,15,1,1,32,30,7,53,36,80,2,1,4,5,6,5,1,1,1,2,1,4
32,1,15,1,0,82,9,13,27,36,4,3,6,6,5,6,6,5,1,4,3,1,1
32,1,15,1,0,9,82,69,82,90,17,6,3,1,3,3,3,1,5,3,5,2,5
4,7,2,5,0,25,66,53,40,13,10,1,1,5,7,6,2,2,3,2,3,4,1
4,7,2,5,0,67,16,25,66,25,53,7,5,1,1,1,5,3,3,2,3,2,2
4,7,2,5,1,25,53,66,50,69,89,1,5,1,0,1,7,2,2,3,3,3,6
4,7,2,5,1,25,66,53,30,61,24,1,1,5,1,4,1,2,3,2,1,1,2
4,7,2,5,1,61,79,89,25,66,53,4,4,7,1,1,5,1,1,6,2,3,2
4,7,2,5,0,30,71,90,25,66,53,1,4,3,1,1,5,1,1,2,2,3,2
4,7,2,5,0,40,71,56,25,66,53,7,4,1,1,1,5,3,1,3,2,3,2
4,7,2,5,1,25,66,53,31,3,96,1,1,5,6,4,0,2,3,2,4,1,5
4,7,2,5,1,25,66,53,3,55,63,1,1,5,4,1,7,2,3,2,1,2,1
4,7,2,5,1,25,66,53,30,89,25,1,1,5,1,7,1,2,3,2,1,6,2
3,0,13,0,1,33,55,89,69,25,82,3,1,7,1,1,3,3,2,6,3,2,5
3,0,13,0,1,55,79,82,12,67,78,1,4,3,4,7,7,2,1,5,4,3,2
3,0,13,0,0,71,69,79,12,78,67,4,1,4,4,7,7,1,3,1,4,2,3
3,0,13,0,1,78,67,12,0,61,23,7,7,4,3,4,3,2,3,4,5,1,4
3,0,13,0,1,12,78,67,55,61,78,4,7,7,1,4,7,4,2,3,2,1,2
3,0,13,0,1,79,78,41,12,78,67,4,7,5,4,7,7,1,2,3,4,2,3
3,0,13,0,1,78,12,67,56,55,25,7,4,7,1,1,1,2,4,3,3,2,2
3,0,13,0,0,19,27,34,78,12,67,3,5,1,7,4,7,2,3,3,2,4,3
3,0,13,0,0,0,62,78,78,67,12,3,5,7,7,7,4,5,3,2,2,3,4
3,0,13,0,1,69,82,25,12,78,67,1,3,1,4,7,7,3,5,2,4,2,3
3,0,13,0,0,78,27,69,12,70,67,7,5,1,4,2,7,2,3,3,4,3,3
3,0,13,0,0,79,69,43,67,12,70,4,1,0,7,4,2,1,3,1,3,4,3
27,4,8,2,0,55,69,25,6,25,69,1,1,1,4,1,1,2,3,2,1,2,3
27,4,8,2,1,69,61,25,78,69,55,1,4,1,7,1,1,3,1,2,2,3,2
27,4,8,2,1,80,69,55,96,38,25,5,1,1,0,2,1,4,3,2,5,3,2
27,4,8,2,1,10,12,69,34,10,80,2,4,1,1,2,5,1,4,3,3,1,4
27,4,8,2,1,10,69,25,49,25,69,2,1,1,2,1,1,1,3,2,5,2,3
27,4,8,2,0,51,49,25,79,41,69,7,2,1,4,5,1,6,5,2,1,3,3
22,6,1,4,1,9,50,89,52,50,35,6,0,7,1,0,7,1,3,6,2,3,3
22,6,1,4,1,29,52,53,29,45,52,0,1,5,0,6,1,5,2,2,5,1,2
27,4,8,2,0,92,32,96,65,52,96,2,2,0,1,1,0,3,1,5,3,2,5
27,4,8,2,1,96,6,25,52,65,6,0,4,1,1,1,4,5,1,2,2,3,1
27,4,8,2,0,20,23,12,65,52,51,3,3,4,1,1,7,3,4,4,3,2,6
27,4,8,2,0,6,9,30,25,52,96,4,6,1,1,1,0,1,1,1,2,2,5
27,4,8,2,1,52,90,25,9,94,24,1,3,1,6,3,1,2,2,2,1,2,2
22,6,1,4,0,52,63,13,9,13,89,1,7,6,6,6,7,2,1,4,1,4,6
22,6,1,4,0,32,52,89,89,30,50,2,1,7,7,1,0,1,2,6,6,1,3
22,6,1,4,0,89,32,52,69,96,97,7,2,1,1,0,7,6,1,2,3,5,1
22,6,1,4,1,32,89,52,25,89,10,2,7,1,1,7,2,1,6,2,2,6,1
22,6,1,4,1,89,32,52,25,45,52,7,2,1,1,6,1,6,1,2,2,1,2
22,6,1,4,0,32,89,52,13,9,10,2,7,1,6,6,2,1,6,2,4,1,1
22,6,1,4,0,90,89,5,89,32,52,3,7,0,7,2,1,2,6,4,6,1,2
22,6,1,4,0,69,25,96,89,32,52,1,1,0,7,2,1,3,2,5,6,1,2
22,6,1,4,1,32,89,52,54,66,50,2,7,1,0,1,0,1,6,2,1,3,3
22,6,1,4,1,32,89,52,77,94,32,2,7,1,0,3,2,1,6,2,5,2,1
4,7,2,5,1,40,20,23,72,57,40,7,3,3,3,3,7,3,3,4,4,1,3
4,7,2,5,0,79,77,38,33,19,96,4,0,2,3,3,0,1,5,3,3,2,5
4,7,2,5,1,82,55,38,96,16,79,3,1,2,0,5,4,5,2,3,5,3,1
32,1,15,1,1,25,13,89,18,9,13,1,6,7,2,6,6,2,4,6,3,1,4
32,1,15,1,0,69,82,9,18,9,13,1,3,6,2,6,6,3,5,1,3,1,4
32,1,15,1,0,82,69,32,9,18,13,3,1,2,6,2,6,5,3,1,1,3,4
32,1,15,1,1,32,80,9,9,18,13,2,5,6,6,2,6,1,4,1,1,3,4
32,1,15,1,1,13,18,9,82,89,9,6,2,6,3,7,6,4,3,1,5,6,1
32,1,15,1,0,26,23,69,18,9,19,6,3,1,2,6,3,5,4,3,3,1,2
32,1,15,1,1,9,18,19,9,13,89,6,2,3,6,6,7,1,3,2,1,4,6
32,1,15,1,1,89,13,82,9,18,19,7,6,3,6,2,3,6,4,5,1,3,2
32,1,15,1,0,13,9,90,18,9,19,6,6,3,2,6,3,4,1,2,3,1,2
32,1,15,1,0,9,18,19,13,9,82,6,2,3,6,6,3,1,3,2,4,1,5
32,1,15,1,0,13,69,9,18,19,9,6,1,6,2,3,6,4,3,1,3,2,1
32,1,15,1,1,9,19,18,69,80,25,6,3,2,1,5,1,1,2,3,3,4,2
32,1,15,1,0,73,13,82,9,18,19,7,6,3,6,2,3,3,4,5,1,3,2
32,1,15,1,0,69,17,9,18,87,9,1,3,6,2,1,6,3,5,1,3,1,1
32,1,15,1,1,25,19,88,13,18,9,1,3,3,6,2,6,2,2,0,4,3,1
32,1,15,1,0,94,6,9,9,89,13,3,4,6,6,7,6,2,1,1,1,6,4
32,1,15,1,0,9,89,13,25,72,28,6,7,6,1,3,6,1,6,4,2,4,2
32,1,15,1,1,96,85,13,19,32,67,0,1,6,3,2,7,5,1,4,2,1,3
32,1,15,1,1,89,88,90,74,23,85,7,3,3,2,3,1,6,0,2,3,4,1
32,1,15,1,1,23,74,85,95,78,34,3,2,1,3,7,1,4,3,1,3,2,3
32,1,15,1,1,74,83,82,23,74,85,2,6,3,3,2,1,3,4,5,4,3,1
32,1,15,1,0,82,25,89,74,85,23,3,1,7,2,1,3,5,2,6,3,1,4
32,1,15,1,0,36,13,90,23,85,74,6,6,3,3,1,2,1,4,2,4,1,3
32,1,15,1,1,69,21,83,95,9,24,1,3,6,3,6,1,3,3,4,3,1,2
32,1,15,1,0,69,21,9,36,86,82,1,3,6,6,2,3,3,3,1,1,2,5
32,1,15,1,0,69,21,9,32,13,31,1,3,6,2,6,6,3,3,1,1,4,4
32,1,15,1,1,21,69,9,13,82,88,3,1,6,6,3,3,3,3,1,4,5,0
32,1,15,1,0,9,23,24,19,23,25,6,3,1,3,3,1,1,4,2,2,4,2
32,1,15,1,1,31,13,19,23,24,9,6,6,3,3,1,6,4,4,2,4,2,1
32,1,15,1,1,23,24,88,86,82,13,3,1,3,2,3,6,4,2,0,2,5,4
32,1,15,1,0,24,13,30,23,24,29,1,6,1,3,1,0,2,4,1,4,2,5
32,1,15,1,0,23,24,89,82,89,52,3,1,7,3,7,1,4,2,6,5,6,2
32,1,15,1,1,9,23,24,34,83,82,6,3,1,1,6,3,1,4,2,3,4,5
32,1,15,1,1,25,24,23,23,13,82,1,1,3,3,6,3,2,2,4,4,4,5
32,1,15,1,0,34,91,32,32,82,46,1,0,2,2,3,6,3,3,1,1,5,5
32,1,15,1,1,34,91,27,29,80,9,1,0,5,0,5,6,3,3,3,5,4,1
32,1,15,1,0,34,91,25,23,13,82,1,0,1,3,6,3,3,3,2,4,4,5
32,1,15,1,0,34,91,25,88,9,65,1,0,1,3,6,1,3,3,2,0,1,3
32,1,15,1,1,77,69,9,82,46,24,0,1,6,3,6,1,5,3,1,5,5,2
32,1,15,1,0,69,77,69,13,72,32,1,0,1,6,3,2,3,5,3,4,4,1
32,1,15,1,0,77,69,9,22,13,9,0,1,6,3,6,6,5,3,1,1,4,1
32,1,15,1,1,32,77,69,23,82,9,2,0,1,3,3,6,1,5,3,4,5,1
32,1,15,1,1,82,80,69,64,69,54,3,5,1,6,1,0,5,4,3,2,3,1
32,1,15,1,0,32,69,64,98,89,13,2,1,6,2,7,6,1,3,2,3,6,4
32,1,15,1,1,69,64,82,29,9,15,1,6,3,0,6,1,3,2,5,5,1,3
32,1,15,1,0,82,60,89,69,88,9,3,4,7,1,3,6,5,1,6,3,0,1
32,1,15,1,0,69,23,89,69,82,2,1,3,7,1,3,2,3,4,6,3,5,2
32,1,15,1,1,13,36,25,82,69,49,6,6,1,3,1,2,4,1,2,5,3,5
32,1,15,1,0,72,88,34,19,86,36,3,3,1,3,2,6,4,0,3,2,2,1
32,1,15,1,1,82,89,25,95,19,86,3,7,1,3,3,2,5,6,2,3,2,2
32,1,15,1,1,19,86,1,36,23,29,3,2,7,6,3,0,2,2,3,1,4,5
32,1,15,1,0,32,9,5,19,86,9,2,6,0,3,2,6,1,1,4,2,2,1
32,1,15,1,0,24,30,65,49,56,86,1,1,1,2,1,2,2,1,3,5,3,2
32,1,15,1,1,69,13,23,13,9,89,1,6,3,6,6,7,3,4,4,4,1,6
32,1,15,1,1,13,24,25,13,9,89,6,1,1,6,6,7,4,2,2,4,1,6
23,5,8,3,0,9,28,13,89,23,32,6,6,6,7,3,2,1,2,4,6,4,1
23,5,8,3,1,89,23,32,13,56,66,7,3,2,6,1,1,6,4,1,4,3,3
23,5,8,3,1,89,32,23,13,23,24,7,2,3,6,3,1,6,1,4,4,4,2
23,5,8,3,1,89,23,32,51,13,19,7,3,2,7,6,3,6,4,1,6,4,2
23,5,8,3,0,66,72,89,23,32,89,1,3,7,3,2,7,3,4,6,4,1,6
23,5,8,3,0,89,13,9,89,23,32,7,6,6,7,3,2,6,4,1,6,4,1
23,5,8,3,0,13,72,23,23,32,89,6,3,3,3,2,7,4,4,4,4,1,6
23,5,8,3,0,10,9,65,89,23,32,2,6,1,7,3,2,1,1,3,6,4,1
32,1,15,1,1,32,25,9,9,29,82,2,1,6,6,0,3,1,2,1,1,5,5
32,1,15,1,1,9,29,82,90,82,9,6,0,3,3,3,6,1,5,5,2,5,1
32,1,15,1,1,82,9,59,89,9,9,3,6,3,7,6,6,5,1,3,6,1,1
32,1,15,1,1,82,59,72,9,90,82,3,3,3,6,3,3,5,3,4,1,2,5
32,1,15,1,1,82,59,72,82,89,9,3,3,3,3,7,6,5,3,4,5,6,1
32,1,15,1,0,51,9,32,82,59,72,7,6,2,3,3,3,6,1,1,5,3,4
32,1,15,1,1,87,72,82,10,82,31,1,3,3,2,3,6,1,4,5,1,5,4
32,1,15,1,0,36,13,6,82,31,89,6,6,4,3,6,7,1,4,1,5,4,6
32,1,15,1,1,31,82,89,82,69,13,6,3,7,3,1,6,4,5,6,5,3,4
32,1,15,1,1,9,89,25,15,82,89,6,7,1,1,3,7,1,6,2,3,5,6
32,1,15,1,0,82,9,74,9,89,13,3,6,2,6,7,6,5,1,3,1,6,4
32,1,15,1,1,82,9,74,69,9,29,3,6,2,1,6,0,5,1,3,3,1,5
32,1,15,1,0,9,76,82,82,9,74,6,3,3,3,6,2,1,1,5,5,1,3
32,1,15,1,0,89,9,82,74,82,9,7,6,3,2,3,6,6,1,5,3,5,1
32,1,15,1,0,13,82,55,82,9,74,6,3,1,3,6,2,4,5,2,5,1,3
32,1,15,1,1,82,9,74,34,89,93,3,6,2,1,7,1,5,1,3,3,6,1
32,1,15,1,1,9,74,82,13,19,9,6,2,3,6,3,6,1,3,5,4,2,1
32,1,15,1,1,4,82,89,82,42,74,6,3,7,3,2,2,1,5,6,5,1,3
32,1,15,1,0,9,19,13,42,82,74,6,3,6,2,3,2,1,2,4,1,5,3
32,1,15,1,0,19,89,9,82,42,74,3,7,6,3,2,2,2,6,1,5,1,3
32,1,15,1,0,9,95,98,82,42,74,6,3,2,3,2,2,1,3,3,5,1,3
32,1,15,1,0,82,89,9,82,74,42,3,7,6,3,2,2,5,6,1,5,3,1
32,1,15,1,1,42,82,74,36,31,13,2,3,2,6,6,6,1,5,3,1,4,4
6,7,12,5,1,34,16,96,44,83,29,1,5,0,5,6,0,3,3,5,5,4,5
25,1,7,1,0,40,78,46,89,98,9,7,7,6,7,2,6,3,2,5,6,3,1
25,1,7,1,0,25,9,69,74,40,46,1,6,1,2,7,6,2,1,3,3,3,5
25,1,7,1,0,74,46,78,69,82,89,2,6,7,1,3,7,3,5,2,3,5,6
25,1,7,1,1,74,46,78,69,9,90,2,6,7,1,6,3,3,5,2,3,1,2
25,1,7,1,1,79,9,80,74,78,46,4,6,5,2,7,6,1,1,4,3,2,5
25,1,7,1,0,13,81,9,74,78,46,6,3,6,2,7,6,4,3,1,3,2,5
25,1,7,1,1,9,89,90,74,46,78,6,7,3,2,6,7,1,6,2,3,5,2
25,1,7,1,0,25,89,90,74,78,46,1,7,3,2,7,6,2,6,2,3,2,5
25,1,7,1,0,74,78,46,9,32,69,2,7,6,6,2,1,3,2,5,1,1,3
25,1,7,1,0,21,32,51,78,89,46,3,2,7,7,7,6,3,1,6,2,6,5
25,1,7,1,0,78,49,23,89,78,46,7,2,3,7,7,6,2,5,4,6,2,5
25,1,7,1,0,78,46,89,9,34,89,7,6,7,6,1,7,2,5,6,1,3,6
25,1,7,1,1,78,46,89,93,32,25,7,6,7,1,2,1,2,5,6,1,1,2
25,1,7,1,0,78,46,89,69,60,86,7,6,7,1,4,2,2,5,6,3,1,2
25,1,7,1,1,89,78,46,19,89,82,7,7,6,3,7,3,6,2,5,2,6,5
25,1,7,1,0,69,90,25,78,46,89,1,3,1,7,6,7,3,2,2,2,5,6
25,1,7,1,1,46,78,89,28,89,9,6,7,7,6,7,6,5,2,6,2,6,1
25,1,7,1,1,89,78,46,82,17,9,7,7,6,3,3,6,6,2,5,5,5,1
25,1,7,1,0,90,89,69,89,78,46,3,7,1,7,7,6,2,6,3,6,2,5
25,1,7,1,0,89,9,36,89,46,78,7,6,6,7,6,7,6,1,1,6,5,2
25,1,7,1,0,89,78,46,25,23,32,7,7,6,1,3,2,6,2,5,2,4,1
25,1,7,1,1,46,78,89,69,23,9,6,7,7,1,3,6,5,2,6,3,4,1
25,1,7,1,1,89,78,46,37,25,9,7,7,6,2,1,6,6,2,5,1,2,1
25,1,7,1,0,89,46,78,10,25,9,7,6,7,2,1,6,6,5,2,1,2,1
4,7,2,5,1,7,89,6,90,6,76,4,7,4,3,4,3,1,6,1,2,1,1
4,7,2,5,1,53,27,71,76,90,6,5,5,4,3,3,4,2,3,1,1,2,1
4,7,2,5,1,76,90,6,23,82,32,3,3,4,3,3,2,1,2,1,4,5,1
4,7,2,5,1,76,90,6,13,71,12,3,3,4,6,4,4,1,2,1,4,1,4
4,7,2,5,1,25,89,84,76,90,6,1,7,5,3,3,4,2,6,3,1,2,1
4,7,2,5,1,44,90,55,6,90,76,5,3,1,4,3,3,5,2,2,1,2,1
4,7,2,5,0,89,16,12,76,90,6,7,5,4,3,3,4,6,3,4,1,2,1
4,7,2,5,0,90,23,55,76,90,6,3,3,1,3,3,4,2,4,2,1,2,1
4,7,2,5,1,78,55,89,76,90,6,7,1,7,3,3,4,2,2,6,1,2,1
4,7,2,5,0,76,90,6,89,55,96,3,3,4,7,1,0,1,2,1,6,2,5
4,7,2,5,0,53,48,10,76,90,6,5,4,2,3,3,4,2,3,1,1,2,1
4,7,2,5,0,76,6,79,12,55,16,3,4,4,4,1,5,1,1,1,4,2,3
4,7,2,5,1,76,79,6,42,40,14,3,4,4,2,7,6,1,1,1,1,3,3
4,7,2,5,0,79,7,90,76,6,12,4,4,3,3,4,4,1,1,2,1,1,4
4,7,2,5,0,44,76,61,76,12,6,5,3,4,3,4,4,5,1,1,1,4,1
4,7,2,5,0,41,79,61,76,12,6,5,4,4,3,4,4,3,1,1,1,4,1
4,7,2,5,1,82,79,12,6,12,76,3,4,4,4,4,3,5,1,4,1,4,1
4,7,2,5,0,12,89,67,76,12,6,4,7,7,3,4,4,4,6,3,1,4,1
4,7,2,5,0,76,12,6,30,89,23,3,4,4,1,7,3,1,4,1,1,6,4
4,7,2,5,0,69,55,9,76,6,12,1,1,6,3,4,4,3,2,1,1,1,4
4,7,2,5,0,7,55,13,76,12,6,4,1,6,3,4,4,1,2,4,1,4,1
4,7,2,5,0,31,91,3,76,12,6,6,0,4,3,4,4,4,3,1,1,4,1
4,7,2,5,0,41,27,14,76,12,6,5,5,6,3,4,4,3,3,3,1,4,1
4,7,2,5,1,76,6,12,89,78,16,3,4,4,7,7,5,1,1,4,6,2,3
32,1,15,1,1,9,89,82,72,90,9,6,7,3,3,3,6,1,6,5,4,2,1
32,1,15,1,0,9,82,89,89,19,82,6,3,7,7,3,3,1,5,6,6,2,5
32,1,15,1,0,15,32,82,9,13,82,1,2,3,6,6,3,3,1,5,1,4,5
32,1,15,1,0,9,29,93,13,29,4,6,0,1,6,0,6,1,5,1,4,5,1
32,1,15,1,1,89,74,9,42,82,69,7,2,6,2,3,1,6,3,1,1,5,3
32,1,15,1,1,9,13,32,9,42,90,6,6,2,6,2,3,1,4,1,1,1,2
32,1,15,1,1,42,82,13,69,82,32,2,3,6,1,3,2,1,5,4,3,5,1
32,1,15,1,1,13,42,69,36,27,88,6,2,1,6,5,3,4,1,3,1,3,0
32,1,15,1,0,13,82,90,13,42,82,6,3,3,6,2,3,4,5,2,4,1,5
32,1,15,1,1,25,13,54,89,23,9,1,6,0,7,3,6,2,4,1,6,4,1
32,1,15,1,0,9,82,89,25,13,54,6,3,7,1,6,0,1,5,6,2,4,1
32,1,15,1,1,9,82,89,13,54,25,6,3,7,6,0,1,1,5,6,4,1,2
32,1,15,1,1,13,25,54,9,44,32,6,1,0,6,5,2,4,2,1,1,5,1
32,1,15,1,1,13,25,54,25,9,72,6,1,0,1,6,3,4,2,1,2,1,4
29,1,4,1,0,13,9,55,89,55,74,6,6,1,7,1,2,4,1,2,6,2,3
29,1,4,1,0,55,82,89,89,52,74,1,3,7,7,1,2,2,5,6,6,2,3
29,1,4,1,0,9,89,34,52,89,74,6,7,1,1,7,2,1,6,3,2,6,3
29,1,4,1,1,9,89,59,52,89,74,6,7,3,1,7,2,1,6,3,2,6,3
29,1,4,1,0,23,9,69,52,89,74,3,6,1,1,7,2,4,1,3,2,6,3
29,1,4,1,0,32,69,46,89,52,74,2,1,6,7,1,2,1,3,5,6,2,3
29,1,4,1,1,13,87,29,52,89,74,6,1,0,1,7,2,4,1,5,2,6,3
29,1,4,1,0,89,9,25,52,89,74,7,6,1,1,7,2,6,1,2,2,6,3
29,1,4,1,1,74,69,36,89,52,74,2,1,6,7,1,2,3,3,1,6,2,3
29,1,4,1,1,89,74,52,9,23,19,7,2,1,6,3,3,6,3,2,1,4,2
29,1,4,1,1,89,52,74,87,25,9,7,1,2,1,1,6,6,2,3,1,2,1
29,1,4,1,0,9,82,13,89,52,74,6,3,6,7,1,2,1,5,4,6,2,3
29,1,4,1,0,19,30,99,52,74,89,3,1,7,1,2,7,2,1,3,2,3,6
29,1,4,1,0,52,60,22,89,52,74,1,4,3,7,1,2,2,1,1,6,2,3
29,1,4,1,0,59,9,82,89,52,74,3,6,3,7,1,2,3,1,5,6,2,3
29,1,4,1,1,89,52,74,23,25,82,7,1,2,3,1,3,6,2,3,4,2,5
29,1,4,1,0,34,31,42,89,52,74,1,6,2,7,1,2,3,4,1,6,2,3
29,1,4,1,0,82,69,9,89,52,74,3,1,6,7,1,2,5,3,1,6,2,3
29,1,4,1,1,89,74,52,89,69,9,7,2,1,7,1,6,6,3,2,6,3,1
29,1,4,1,1,52,74,89,89,82,25,1,2,7,7,3,1,2,3,6,6,5,2
4,7,2,5,0,16,44,89,55,79,84,5,5,7,1,4,5,3,5,6,2,1,3
4,7,2,5,1,16,79,84,88,52,5,5,4,5,3,1,0,3,1,3,0,2,4
4,7,2,5,1,25,69,53,79,84,43,1,1,5,4,5,0,2,3,2,1,3,1
4,7,2,5,1,3,12,23,69,84,29,4,4,3,1,5,0,1,4,4,3,3,5
4,7,2,5,1,89,69,84,30,79,25,7,1,5,1,4,1,6,3,3,1,1,2
4,7,2,5,0,69,84,55,25,9,89,1,5,1,1,6,7,3,3,2,2,1,6
4,7,2,5,1,55,69,84,12,9,79,1,1,5,4,6,4,2,3,3,4,1,1
4,7,2,5,1,20,84,61,16,76,55,3,5,4,5,3,1,3,3,1,3,1,2
4,7,2,5,1,20,84,56,90,79,96,3,5,1,3,4,0,3,3,3,2,1,5
4,7,2,5,0,69,84,23,53,27,62,1,5,3,5,5,5,3,3,4,2,3,3
4,7,2,5,1,84,69,30,25,55,89,5,1,1,1,1,7,3,3,1,2,2,6
4,7,2,5,0,55,25,34,69,55,87,1,1,1,1,1,1,2,2,3,3,2,1
4,7,2,5,1,55,69,25,16,79,25,1,1,1,5,4,1,2,3,2,3,1,2
4,7,2,5,1,69,55,10,88,82,32,1,1,2,3,3,2,3,2,1,0,5,1
4,7,2,5,0,9,69,55,73,94,53,6,1,1,7,3,5,1,3,2,3,2,2
4,7,2,5,1,89,69,55,69,77,66,7,1,1,1,0,1,6,3,2,3,5,3
4,7,2,5,0,69,55,31,74,18,23,1,1,6,2,2,3,3,2,4,3,3,4
4,7,2,5,1,69,55,66,82,90,29,1,1,1,3,3,0,3,2,3,5,2,5
4,7,2,5,0,79,55,69,38,14,92,4,1,1,2,6,2,1,2,3,3,3,3
4,7,2,5,1,23,79,55,41,54,25,3,4,1,5,0,1,4,1,2,3,1,2
4,7,2,5,1,79,62,69,89,3,79,4,5,1,7,4,4,1,3,3,6,1,1
4,7,2,5,1,79,62,56,82,72,32,4,5,1,3,3,2,1,3,3,5,4,1
4,7,2,5,1,43,27,13,26,51,55,0,5,6,6,7,1,1,3,4,5,6,2
4,7,2,5,0,71,25,55,55,26,51,4,1,1,1,6,7,1,2,2,2,5,6
4,7,2,5,1,55,26,51,14,12,71,1,6,7,6,4,4,2,5,6,3,4,1
4,7,2,5,1,26,55,51,46,34,82,6,1,7,6,1,3,5,2,6,5,3,5
23,5,8,3,1,89,9,32,13,9,51,7,6,2,6,6,7,6,1,1,4,1,6
23,5,8,3,0,66,13,89,9,13,51,1,6,7,6,6,7,3,4,6,1,4,6
23,5,8,3,0,9,13,51,36,9,13,6,6,7,6,6,6,1,4,6,1,1,4
23,5,8,3,1,23,89,9,13,9,51,3,7,6,6,6,7,4,6,1,4,1,6
32,1,15,1,1,89,74,13,58,26,72,7,2,6,2,6,3,6,3,4,3,5,4
32,1,15,1,1,58,26,72,82,9,13,2,6,3,3,6,6,3,5,4,5,1,4
32,1,15,1,1,58,26,72,53,13,9,2,6,3,5,6,6,3,5,4,2,4,1
32,1,15,1,0,13,6,9,58,72,26,6,4,6,2,3,6,4,1,1,3,4,5
32,1,15,1,1,58,26,72,37,89,34,2,6,3,2,7,1,3,5,4,1,6,3
32,1,15,1,1,58,26,72,9,82,83,2,6,3,6,3,6,3,5,4,1,5,4
32,1,15,1,1,58,26,72,82,13,89,2,6,3,3,6,7,3,5,4,5,4,6
32,1,15,1,1,58,26,72,25,9,89,2,6,3,1,6,7,3,5,4,2,1,6
32,1,15,1,1,58,72,26,82,34,13,2,3,6,3,1,6,3,4,5,5,3,4
32,1,15,1,1,58,26,72,9,19,13,2,6,3,6,3,6,3,5,4,1,2,4
32,1,15,1,0,89,13,69,58,26,72,7,6,1,2,6,3,6,4,3,3,5,4
32,1,15,1,0,69,13,82,58,26,72,1,6,3,2,6,3,3,4,5,3,5,4
32,1,15,1,1,26,58,72,31,46,25,6,2,3,6,6,1,5,3,4,4,5,2
32,1,15,1,1,58,26,72,55,9,58,2,6,3,1,6,2,3,5,4,2,1,3
32,1,15,1,0,13,81,46,26,58,72,6,3,6,6,2,3,4,3,5,5,3,4
32,1,15,1,0,82,9,13,58,26,72,3,6,6,2,6,3,5,1,4,3,5,4
32,1,15,1,0,31,69,9,58,26,72,6,1,6,2,6,3,4,3,1,3,5,4
32,1,15,1,0,9,32,89,26,72,58,6,2,7,6,3,2,1,1,6,5,4,3
32,1,15,1,1,58,26,72,69,9,36,2,6,3,1,6,6,3,5,4,3,1,1
32,1,15,1,1,58,72,26,80,8,31,2,3,6,5,5,6,3,4,5,4,1,4
32,1,15,1,1,58,72,26,9,24,32,2,3,6,6,1,2,3,4,5,1,2,1
32,1,15,1,1,26,58,72,36,9,89,6,2,3,6,6,7,5,3,4,1,1,6
32,1,15,1,0,36,9,69,58,26,72,6,6,1,2,6,3,1,1,3,3,5,4
4,7,2,5,1,55,61,38,55,63,12,1,4,2,1,7,4,2,1,3,2,1,4
4,7,2,5,0,78,69,16,55,38,61,7,1,5,1,2,4,2,3,3,2,3,1
4,7,2,5,0,23,96,78,55,38,61,3,0,7,1,2,4,4,5,2,2,3,1
4,7,2,5,0,61,96,93,55,38,61,4,0,1,1,2,4,1,5,1,2,3,1
4,7,2,5,0,61,38,55,87,79,89,4,2,1,1,4,7,1,3,2,1,1,6
4,7,2,5,0,89,25,9,55,38,61,7,1,6,1,2,4,6,2,1,2,3,1
4,7,2,5,0,82,44,12,55,38,61,3,5,4,1,2,4,5,5,4,2,3,1
4,7,2,5,1,61,38,55,81,76,29,4,2,1,3,3,0,1,3,2,3,1,5
4,7,2,5,0,61,3,16,55,38,61,4,4,5,1,2,4,1,1,3,2,3,1
4,7,2,5,1,55,38,61,3,79,27,1,2,4,4,4,5,2,3,1,1,1,3
4,7,2,5,0,81,25,38,61,55,38,3,1,2,4,1,2,3,2,3,1,2,3
4,7,2,5,0,27,12,30,55,38,61,5,4,1,1,2,4,3,4,1,2,3,1
4,7,2,5,0,61,56,71,38,55,61,4,1,4,2,1,4,1,3,1,3,2,1
4,7,2,5,0,79,61,78,55,61,38,4,4,7,1,4,2,1,1,2,2,1,3
4,7,2,5,1,55,38,61,5,23,86,1,2,4,0,3,2,2,3,1,4,4,2
32,1,15,1,1,9,89,92,9,89,32,6,7,2,6,7,2,1,6,3,1,6,1
32,1,15,1,1,13,9,92,89,9,19,6,6,2,7,6,3,4,1,3,6,1,2
32,1,15,1,0,36,46,26,9,85,92,6,6,6,6,1,2,1,5,5,1,1,3
32,1,15,1,1,69,90,9,9,92,69,1,3,6,6,2,1,3,2,1,1,3,3
32,1,15,1,1,92,13,23,50,5,65,2,6,3,0,0,1,3,4,4,3,4,3
32,1,15,1,1,9,69,26,92,27,82,6,1,6,2,5,3,1,3,5,3,3,5
32,1,15,1,0,69,92,82,62,9,89,1,2,3,5,6,7,3,3,5,3,1,6
32,1,15,1,0,82,83,92,82,13,19,3,6,2,3,6,3,5,4,3,5,4,2
32,1,15,1,1,13,92,69,82,1,88,6,2,1,3,7,3,4,3,3,5,3,0
32,1,15,1,1,82,13,26,69,13,9,3,6,6,1,6,6,5,4,5,3,4,1
32,1,15,1,0,13,46,4,26,36,90,6,6,6,6,6,3,4,5,1,5,1,2
32,1,15,1,1,72,13,26,25,9,69,3,6,6,1,6,1,4,4,5,2,1,3
32,1,15,1,1,26,88,96,29,4,27,6,3,0,0,6,5,5,0,5,5,1,3
32,1,15,1,0,36,32,26,36,17,69,6,2,6,6,3,1,1,1,5,1,5,3
32,1,15,1,1,82,89,9,86,26,25,3,7,6,2,6,1,5,6,1,2,5,2
32,1,15,1,1,9,89,13,25,26,86,6,7,6,1,6,2,1,6,4,2,5,2
32,1,15,1,1,86,26,25,99,95,25,2,6,1,7,3,1,2,5,2,3,3,2
32,1,15,1,0,82,46,60,25,86,76,3,6,4,1,2,3,5,5,1,2,2,1
32,1,15,1,0,86,25,76,69,89,9,2,1,3,1,7,6,2,2,1,3,6,1
32,1,15,1,1,86,76,25,13,9,69,2,3,1,6,6,1,2,1,2,4,1,3
32,1,15,1,1,76,25,86,9,69,30,3,1,2,6,1,1,1,2,2,1,3,1
32,1,15,1,1,86,82,72,9,13,89,2,3,3,6,6,7,2,5,4,1,4,6
32,1,15,1,0,82,13,72,82,90,89,3,6,3,3,3,7,5,4,4,5,2,6
32,1,15,1,1,9,69,29,69,32,87,6,1,0,1,2,1,1,3,5,3,1,1
32,1,15,1,0,69,32,87,13,9,19,1,2,1,6,6,3,3,1,1,4,1,2
32,1,15,1,1,69,13,32,89,9,69,1,6,2,7,6,1,3,4,1,6,1,3
32,1,15,1,0,69,9,82,32,9,82,1,6,3,2,6,3,3,1,5,1,1,5
32,1,15,1,1,43,9,13,69,9,32,0,6,6,1,6,2,1,1,4,3,1,1
32,1,15,1,1,13,9,32,13,9,69,6,6,2,6,6,1,4,1,1,4,1,3
32,1,15,1,1,9,32,26,9,89,23,6,2,6,6,7,3,1,1,5,1,6,4
32,1,15,1,1,88,89,32,13,89,34,3,7,2,6,7,1,0,6,1,4,6,3
32,1,15,1,0,23,89,82,72,32,23,3,7,3,3,2,3,4,6,5,4,1,4
32,1,15,1,0,13,32,82,13,88,90,6,2,3,6,3,3,4,1,5,4,0,2
32,1,15,1,0,17,13,89,9,19,32,3,6,7,6,3,2,5,4,6,1,2,1
32,1,15,1,1,13,82,89,72,32,82,6,3,7,3,2,3,4,5,6,4,1,5
32,1,15,1,1,72,82,32,9,13,88,3,3,2,6,6,3,4,5,1,1,4,0
32,1,15,1,0,29,36,32,32,72,82,0,6,2,2,3,3,5,1,1,1,4,5
32,1,15,1,0,32,72,82,9,89,98,2,3,3,6,7,2,1,4,5,1,6,3
32,1,15,1,1,32,82,72,72,13,82,2,3,3,3,6,3,1,5,4,4,4,5
32,1,15,1,1,32,82,89,87,88,23,2,3,7,1,3,3,1,5,6,1,0,4
32,1,15,1,1,32,15,82,51,82,9,2,1,3,7,3,6,1,3,5,6,5,1
32,1,15,1,0,13,82,9,82,32,52,6,3,6,3,2,1,4,5,1,5,1,2
3,0,13,0,0,16,71,25,44,79,82,5,4,1,5,4,3,3,1,2,5,1,5
3,0,13,0,1,16,25,71,69,6,53,5,1,4,1,4,5,3,2,1,3,1,2
3,0,13,0,1,16,38,25,69,13,55,5,2,1,1,6,1,3,3,2,3,4,2
3,0,13,0,0,78,76,79,16,25,38,7,3,4,5,1,2,2,1,1,3,2,3
3,0,13,0,0,33,69,55,16,38,25,3,1,1,5,2,1,3,3,2,3,3,2
32,1,15,1,0,89,58,9,31,9,13,7,2,6,6,6,6,6,3,1,4,1,4
32,1,15,1,0,89,88,9,72,89,9,7,3,6,3,7,6,6,0,1,4,6,1
32,1,15,1,0,19,82,72,13,90,15,3,3,3,6,3,1,2,5,4,4,2,3
32,1,15,1,0,30,80,34,82,72,19,1,5,1,3,3,3,1,4,3,5,4,2
32,1,15,1,1,82,9,46,88,72,82,3,6,6,3,3,3,5,1,5,0,4,5
32,1,15,1,1,88,82,72,27,90,82,3,3,3,5,3,3,0,5,4,3,2,5
4,7,2,5,0,70,82,69,12,25,55,2,3,1,4,1,1,3,5,3,4,2,2
4,7,2,5,0,43,55,25,79,55,12,0,1,1,4,1,4,1,2,2,1,2,4
32,1,15,1,1,80,24,13,23,32,13,5,1,6,3,2,6,4,2,4,4,1,4
32,1,15,1,0,23,13,32,89,9,32,3,6,2,7,6,2,4,4,1,6,1,1
32,1,15,1,1,23,32,13,81,84,30,3,2,6,3,5,1,4,1,4,3,3,1
32,1,15,1,1,23,13,32,89,82,9,3,6,2,7,3,6,4,4,1,6,5,1
32,1,15,1,1,23,13,32,9,89,32,3,6,2,6,7,2,4,4,1,1,6,1
32,1,15,1,0,23,6,9,23,13,32,3,4,6,3,6,2,4,1,1,4,4,1
32,1,15,1,0,6,89,13,23,13,32,4,7,6,3,6,2,1,6,4,4,4,1
32,1,15,1,1,23,32,13,10,24,13,3,2,6,2,1,6,4,1,4,1,2,4
32,1,15,1,1,23,13,32,36,13,89,3,6,2,6,6,7,4,4,1,1,4,6
32,1,15,1,1,89,82,16,23,32,13,7,3,5,3,2,6,6,5,3,4,1,4
32,1,15,1,0,9,13,69,23,13,32,6,6,1,3,6,2,1,4,3,4,4,1
32,1,15,1,1,23,32,13,89,13,25,3,2,6,7,6,1,4,1,4,6,4,2
32,1,15,1,0,15,82,25,23,13,32,1,3,1,3,6,2,3,5,2,4,4,1
32,1,15,1,1,23,32,13,25,82,97,3,2,6,1,3,7,4,1,4,2,5,1
32,1,15,1,1,23,13,32,9,32,89,3,6,2,6,2,7,4,4,1,1,1,6
32,1,15,1,1,13,89,9,23,13,32,6,7,6,3,6,2,4,6,1,4,4,1
32,1,15,1,1,23,13,32,82,25,69,3,6,2,3,1,1,4,4,1,5,2,3
32,1,15,1,0,82,9,36,23,13,32,3,6,6,3,6,2,5,1,1,4,4,1
32,1,15,1,1,23,32,13,94,51,36,3,2,6,3,7,6,4,1,4,2,6,1
32,1,15,1,0,9,90,89,23,13,32,6,3,7,3,6,2,1,2,6,4,4,1
32,1,15,1,0,23,32,13,89,13,86,3,2,6,7,6,2,4,1,4,6,4,2
32,1,15,1,0,13,9,82,23,32,13,6,6,3,3,2,6,4,1,5,4,1,4
32,1,15,1,0,25,89,82,23,13,32,1,7,3,3,6,2,2,6,5,4,4,1
32,1,15,1,1,13,32,23,9,42,89,6,2,3,6,2,7,4,1,4,1,1,6
29,1,4,1,0,9,69,29,9,69,89,6,1,0,6,1,7,1,3,5,1,3,6
23,5,8,3,1,51,66,32,51,81,28,7,1,2,7,3,6,6,3,1,6,3,2
23,5,8,3,0,28,51,81,9,13,28,6,7,3,6,6,6,2,6,3,1,4,2
23,5,8,3,1,28,81,51,28,66,25,6,3,7,6,1,1,2,3,6,2,3,2
23,5,8,3,1,28,81,51,66,51,9,6,3,7,1,7,6,2,3,6,3,6,1
23,5,8,3,1,28,81,51,22,13,30,6,3,7,3,6,1,2,3,6,1,4,1
23,5,8,3,1,81,28,51,89,9,13,3,6,7,7,6,6,3,2,6,6,1,4
23,5,8,3,1,28,81,51,17,9,13,6,3,7,3,6,6,2,3,6,5,1,4
23,5,8,3,1,28,51,81,13,89,65,6,7,3,6,7,1,2,6,3,4,6,3
23,5,8,3,1,28,81,51,9,13,20,6,3,7,6,6,3,2,3,6,1,4,3
23,5,8,3,1,13,89,82,28,81,51,6,7,3,6,3,7,4,6,5,2,3,6
23,5,8,3,0,22,80,30,28,81,51,3,5,1,6,3,7,1,4,1,2,3,6
23,5,8,3,1,28,51,81,32,89,9,6,7,3,2,7,6,2,6,3,1,6,1
23,5,8,3,1,81,28,51,82,32,9,3,6,7,3,2,6,3,2,6,5,1,1
23,5,8,3,0,30,95,13,81,28,51,1,3,6,3,6,7,1,3,4,3,2,6
23,5,8,3,1,81,51,28,13,9,66,3,7,6,6,6,1,3,6,2,4,1,3
23,5,8,3,1,28,51,81,59,13,9,6,7,3,3,6,6,2,6,3,3,4,1
23,5,8,3,0,13,89,9,28,81,51,6,7,6,6,3,7,4,6,1,2,3,6
23,5,8,3,1,51,81,28,89,9,49,7,3,6,7,6,2,6,3,2,6,1,5
23,5,8,3,0,66,72,13,28,51,81,1,3,6,6,7,3,3,4,4,2,6,3
23,5,8,3,0,72,9,65,28,51,81,3,6,1,6,7,3,4,1,3,2,6,3
12,4,11,2,0,87,9,82,13,52,25,1,6,3,6,1,1,1,1,5,4,2,2
12,4,11,2,1,52,13,25,25,82,55,1,6,1,1,3,1,2,4,2,2,5,2
12,4,11,2,1,52,25,13,89,82,11,1,1,6,7,3,4,2,2,4,6,5,1
12,4,11,2,1,25,13,52,9,82,74,1,6,1,6,3,2,2,4,2,1,5,3
12,4,11,2,1,52,13,25,69,9,45,1,6,1,1,6,6,2,4,2,3,1,1
12,4,11,2,0,89,82,25,25,52,13,7,3,1,1,1,6,6,5,2,2,2,4
12,4,11,2,0,82,9,25,52,13,25,3,6,1,1,6,1,5,1,2,2,4,2
12,4,11,2,0,96,25,69,52,13,25,0,1,1,1,6,1,5,2,3,2,4,2
12,4,11,2,1,13,32,25,82,89,88,6,2,1,3,7,3,4,1,2,5,6,0
12,4,11,2,1,25,32,13,32,89,25,1,2,6,2,7,1,2,1,4,1,6,2
12,4,11,2,1,89,13,82,13,82,25,7,6,3,6,3,1,6,4,5,4,5,2
12,4,11,2,0,27,69,82,82,13,25,5,1,3,3,6,1,3,3,5,5,4,2
12,4,11,2,0,56,82,74,82,13,25,1,3,2,3,6,1,3,5,3,5,4,2
12,4,11,2,1,56,13,89,82,78,9,1,6,7,3,7,6,3,4,6,5,2,1
12,4,11,2,0,86,24,10,56,13,89,2,1,2,1,6,7,2,2,1,3,4,6
12,4,11,2,0,82,95,89,56,13,89,3,3,7,1,6,7,5,3,6,3,4,6
12,4,11,2,1,13,56,89,74,89,56,6,1,7,2,7,1,4,3,6,3,6,3
12,4,11,2,1,13,89,56,25,88,13,6,7,1,1,3,6,4,6,3,2,0,4
12,4,11,2,0,9,89,82,56,89,13,6,7,3,1,7,6,1,6,5,3,6,4
12,4,11,2,0,13,56,89,25,9,82,6,1,7,1,6,3,4,3,6,2,1,5
12,4,11,2,1,56,89,13,30,69,89,1,7,6,1,1,7,3,6,4,1,3,6
12,4,11,2,0,93,94,51,56,89,13,1,3,7,1,7,6,1,2,6,3,6,4
12,4,11,2,1,56,13,89,90,9,69,1,6,7,3,6,1,3,4,6,2,1,3
12,4,11,2,1,69,89,25,56,12,13,1,7,1,1,4,6,3,6,2,3,4,4
12,4,11,2,0,78,6,4,13,82,56,7,4,6,6,3,1,2,1,1,4,5,3
32,1,15,1,1,82,60,90,82,25,9,3,4,3,3,1,6,5,1,2,5,2,1
32,1,15,1,0,89,31,60,82,90,60,7,6,4,3,3,4,6,4,1,5,2,1
32,1,15,1,0,69,29,82,60,90,82,1,0,3,4,3,3,3,5,5,1,2,5
32,1,15,1,0,9,32,13,90,60,82,6,2,6,3,4,3,1,1,4,2,1,5
32,1,15,1,0,9,37,36,82,60,90,6,2,6,3,4,3,1,1,1,5,1,2
32,1,15,1,0,69,29,46,82,60,90,1,0,6,3,4,3,3,5,5,5,1,2
32,1,15,1,0,42,31,90,94,13,15,2,6,3,3,6,1,1,4,2,2,4,3
32,1,15,1,0,9,36,94,90,42,31,6,6,3,3,2,6,1,1,2,2,1,4
32,1,15,1,0,90,9,46,42,31,90,3,6,6,2,6,3,2,1,5,1,4,2
32,1,15,1,1,9,34,69,82,42,90,6,1,1,3,2,3,1,3,3,5,1,2
32,1,15,1,0,67,69,9,82,90,42,7,1,6,3,3,2,3,3,1,5,2,1
32,1,15,1,1,42,25,82,34,15,9,2,1,3,1,1,6,1,2,5,3,3,1
32,1,15,1,0,15,36,80,9,31,46,1,6,5,6,6,6,3,1,4,1,4,5
32,1,15,1,0,31,96,74,80,36,15,6,0,2,5,6,1,4,5,3,4,1,3
32,1,15,1,1,15,80,36,27,28,31,1,5,6,5,6,6,3,4,1,3,2,4
32,1,15,1,1,15,36,80,34,9,69,1,6,5,1,6,1,3,1,4,3,1,3
32,1,15,1,1,21,36,15,4,82,24,3,6,1,6,3,1,3,1,3,1,5,2
32,1,15,1,1,90,88,32,88,95,9,3,3,2,3,3,6,2,0,1,0,3,1
32,1,15,1,0,34,42,89,88,9,95,1,2,7,3,6,3,3,1,6,0,1,3
32,1,15,1,1,88,95,9,69,9,52,3,3,6,1,6,1,0,3,1,3,1,2
32,1,15,1,1,88,95,9,60,69,29,3,3,6,4,1,0,0,3,1,1,3,5
32,1,15,1,0,82,9,13,9,95,88,3,6,6,6,3,3,5,1,4,1,3,0
32,1,15,1,0,25,82,9,9,95,88,1,3,6,6,3,3,2,5,1,1,3,0
32,1,15,1,1,95,88,9,28,9,13,3,3,6,6,6,6,3,0,1,2,1,4
4,7,2,5,1,55,7,12,56,29,25,1,4,4,1,0,1,2,1,4,3,5,2
4,7,2,5,0,79,7,69,55,7,12,4,4,1,1,4,4,1,1,3,2,1,4
32,1,15,1,1,17,23,68,82,98,9,3,3,3,3,2,6,5,4,3,5,3,1
32,1,15,1,1,17,23,68,13,89,82,3,3,3,6,7,3,5,4,3,4,6,5
32,1,15,1,0,82,9,94,23,17,68,3,6,3,3,3,3,5,1,2,4,5,3
32,1,15,1,1,17,68,23,9,96,30,3,3,3,6,0,1,5,3,4,1,5,1
32,1,15,1,0,32,24,9,68,17,23,2,1,6,3,3,3,1,2,1,3,5,4
32,1,15,1,0,13,82,8,68,23,17,6,3,5,3,3,3,4,5,1,3,4,5
32,1,15,1,0,23,9,13,68,23,17,3,6,6,3,3,3,4,1,4,3,4,5
32,1,15,1,1,17,23,68,82,69,95,3,3,3,3,1,3,5,4,3,5,3,3
32,1,15,1,1,17,23,68,4,90,32,3,3,3,6,3,2,5,4,3,1,2,1
32,1,15,1,1,23,68,17,32,96,9,3,3,3,2,0,6,4,3,5,1,5,1
4,7,2,5,1,61,9,89,38,7,41,4,6,7,2,4,5,1,1,6,3,1,3
4,7,2,5,1,38,41,7,9,59,81,2,5,4,6,3,3,3,3,1,1,3,3
4,7,2,5,1,23,90,96,41,7,38,3,3,0,5,4,2,4,2,5,3,1,3
4,7,2,5,1,41,7,38,40,32,67,5,4,2,7,2,7,3,1,3,3,1,3
4,7,2,5,0,10,89,55,38,41,7,2,7,1,2,5,4,1,6,2,3,3,1
4,7,2,5,0,3,56,89,38,41,7,4,1,7,2,5,4,1,3,6,3,3,1
4,7,2,5,1,38,7,41,36,23,15,2,4,5,6,3,1,3,1,3,1,4,3
4,7,2,5,0,41,7,18,69,56,25,5,4,2,1,1,1,3,1,3,3,3,2
4,7,2,5,0,38,25,56,41,18,7,2,1,1,5,2,4,3,2,3,3,3,1
4,7,2,5,0,18,7,41,79,56,12,2,4,5,4,1,4,3,1,3,1,3,4
4,7,2,5,0,55,12,87,18,7,41,1,4,1,2,4,5,2,4,1,3,1,3
4,7,2,5,1,18,7,41,40,89,15,2,4,5,7,7,1,3,1,3,3,6,3
4,7,2,5,0,9,74,12,18,7,41,6,2,4,2,4,5,1,3,4,3,1,3
32,1,15,1,1,23,9,82,13,82,26,3,6,3,6,3,6,4,1,5,4,5,5
32,1,15,1,1,23,82,32,82,32,30,3,3,2,3,2,1,4,5,1,5,1,1
2,3,0,1,1,46,13,9,65,13,63,6,6,6,1,6,7,5,4,1,3,4,1
2,3,0,1,1,13,63,69,33,30,21,6,7,1,3,1,3,4,1,3,3,1,3
32,1,15,1,0,13,88,89,9,23,89,6,3,7,6,3,7,4,0,6,1,4,6
2,3,0,1,1,94,25,96,41,25,96,3,1,0,5,1,0,2,2,5,3,2,5
2,3,0,1,0,96,23,39,25,15,31,0,3,7,1,1,6,5,4,3,2,3,4
2,3,0,1,1,96,5,88,96,0,5,0,0,3,0,3,0,5,4,0,5,5,4
2,3,0,1,0,96,9,89,65,9,43,0,6,7,1,6,0,5,1,6,3,1,1
2,3,0,1,0,31,63,46,9,74,82,6,7,6,6,2,3,4,1,5,1,3,5
2,3,0,1,1,31,63,23,74,69,30,6,7,3,2,1,1,4,1,4,3,3,1
2,3,0,1,1,10,13,80,31,63,65,2,6,5,6,7,1,1,4,4,4,1,3
2,3,0,1,0,21,15,69,31,63,24,3,1,1,6,7,1,3,3,3,4,1,2
2,3,0,1,1,24,34,80,31,14,93,1,1,5,6,6,1,2,3,4,4,3,1
2,3,0,1,1,31,14,93,9,6,5,6,6,1,6,4,0,4,3,1,1,1,4
2,3,0,1,0,13,69,96,69,25,40,6,1,0,1,1,7,4,3,5,3,2,3
2,3,0,1,1,9,19,0,10,25,96,6,3,3,2,1,0,1,2,5,1,2,5
2,3,0,1,0,9,14,36,89,40,9,6,6,6,7,7,6,1,3,1,6,3,1
2,3,0,1,0,23,31,42,46,9,32,3,6,2,6,6,2,4,4,1,5,1,1
29,1,4,1,0,89,87,9,52,2,98,7,1,6,1,2,2,6,1,1,2,2,3
29,1,4,1,1,89,87,9,90,93,23,7,1,6,3,1,3,6,1,1,2,1,4
29,1,4,1,1,89,87,9,55,25,69,7,1,6,1,1,1,6,1,1,2,2,3
29,1,4,1,1,89,9,87,25,9,36,7,6,1,1,6,6,6,1,1,2,1,1
29,1,4,1,0,98,9,13,9,89,87,2,6,6,6,7,1,3,1,4,1,6,1
29,1,4,1,1,87,89,9,10,32,98,1,7,6,2,2,2,1,6,1,1,1,3
29,1,4,1,1,9,25,87,89,43,23,6,1,1,7,0,3,1,2,1,6,1,4
29,1,4,1,1,87,25,9,25,24,89,1,1,6,1,1,7,1,2,1,2,2,6
29,1,4,1,0,82,9,25,25,9,87,3,6,1,1,6,1,5,1,2,2,1,1
29,1,4,1,1,25,87,9,23,25,89,1,1,6,3,1,7,2,1,1,4,2,6
29,1,4,1,0,9,89,94,9,25,87,6,7,3,6,1,1,1,6,2,1,2,1
29,1,4,1,1,25,9,87,23,13,89,1,6,1,3,6,7,2,1,1,4,4,6
29,1,4,1,1,25,87,9,13,36,89,1,1,6,6,6,7,2,1,1,4,1,6
29,1,4,1,1,89,9,23,25,9,87,7,6,3,1,6,1,6,1,4,2,1,1
29,1,4,1,0,89,9,25,9,25,87,7,6,1,6,1,1,6,1,2,1,2,1
29,1,4,1,1,25,87,9,89,90,13,1,1,6,7,3,6,2,1,1,6,2,4
29,1,4,1,1,9,13,31,25,87,9,6,6,6,1,1,6,1,4,4,2,1,1
29,1,4,1,0,9,89,56,25,87,9,6,7,1,1,1,6,1,6,3,2,1,1
29,1,4,1,0,32,9,88,9,25,87,2,6,3,6,1,1,1,1,0,1,2,1
29,1,4,1,1,25,9,87,97,25,9,1,6,1,7,1,6,2,1,1,1,2,1
29,1,4,1,0,53,73,32,25,9,87,5,7,2,1,6,1,2,3,1,2,1,1
29,1,4,1,1,25,87,9,52,23,82,1,1,6,1,3,3,2,1,1,2,4,5
29,1,4,1,0,25,87,9,9,59,85,1,1,6,6,3,1,2,1,1,1,3,1
29,1,4,1,1,25,9,87,24,58,69,1,6,1,1,2,1,2,1,1,2,3,3
29,1,4,1,1,25,82,87,69,23,89,1,3,1,1,3,7,2,5,1,3,4,6
29,1,4,1,1,24,29,89,89,82,13,1,0,7,7,3,6,2,5,6,6,5,4
23,5,8,3,0,8,9,17,8,51,25,5,6,3,5,7,1,1,1,5,1,6,2
27,4,8,2,0,69,79,33,37,25,77,1,4,3,2,1,0,3,1,3,1,2,5
29,1,4,1,1,82,32,26,25,23,99,3,2,6,1,3,7,5,1,5,2,4,3
29,1,4,1,0,98,82,9,26,82,32,2,3,6,6,3,2,3,5,1,5,5,1
29,1,4,1,1,32,26,82,89,82,87,2,6,3,7,3,1,1,5,5,6,5,1
29,1,4,1,1,26,82,32,24,82,25,6,3,2,1,3,1,5,5,1,2,5,2
29,1,4,1,1,26,82,32,13,67,23,6,3,2,6,7,3,5,5,1,4,3,4
29,1,4,1,1,82,32,26,89,23,96,3,2,6,7,3,0,5,1,5,6,4,5
29,1,4,1,1,26,82,32,17,25,9,6,3,2,3,1,6,5,5,1,5,2,1
29,1,4,1,0,26,84,32,9,25,13,6,5,2,6,1,6,5,3,1,1,2,4
29,1,4,1,0,9,24,23,84,26,32,6,1,3,5,6,2,1,2,4,3,5,1
29,1,4,1,0,65,83,89,26,84,32,1,6,7,6,5,2,3,4,6,5,3,1
29,1,4,1,0,89,32,31,26,84,32,7,2,6,6,5,2,6,1,4,5,3,1
29,1,4,1,1,26,84,32,9,34,13,6,5,2,6,1,6,5,3,1,1,3,4
29,1,4,1,0,9,13,25,26,84,32,6,6,1,6,5,2,1,4,2,5,3,1
29,1,4,1,0,26,15,84,96,13,89,6,1,5,0,6,7,5,3,3,5,4,6
29,1,4,1,0,25,82,36,26,84,15,1,3,6,6,5,1,2,5,1,5,3,3
29,1,4,1,1,84,15,26,82,52,13,5,1,6,3,1,6,3,3,5,5,2,4
29,1,4,1,1,25,32,86,26,84,15,1,2,2,6,5,1,2,1,2,5,3,3
29,1,4,1,1,84,15,26,9,85,96,5,1,6,6,1,0,3,3,5,1,1,5
29,1,4,1,1,94,84,89,32,43,36,3,5,7,2,0,6,2,3,6,1,1,1
29,1,4,1,1,84,9,25,89,46,86,5,6,1,7,6,2,3,1,2,6,5,2
29,1,4,1,1,32,96,84,23,29,72,2,0,5,3,0,3,1,5,3,4,5,4
29,1,4,1,0,84,32,30,29,19,89,5,2,1,0,3,7,3,1,1,5,2,6
32,1,15,1,0,30,13,69,13,82,88,1,6,1,6,3,3,1,4,3,4,5,0
32,1,15,1,1,88,82,13,16,13,9,3,3,6,5,6,6,0,5,4,3,4,1
32,1,15,1,0,30,82,9,13,82,88,1,3,6,6,3,3,1,5,1,4,5,0
32,1,15,1,0,82,87,27,13,88,82,3,1,5,6,3,3,5,1,3,4,0,5
32,1,15,1,1,13,82,88,15,13,9,6,3,3,1,6,6,4,5,0,3,4,1
32,1,15,1,0,29,9,36,82,88,13,0,6,6,3,3,6,5,1,1,5,0,4
32,1,15,1,1,13,82,88,82,89,25,6,3,3,3,7,1,4,5,0,5,6,2
32,1,15,1,0,52,86,16,72,25,13,1,2,5,3,1,6,2,2,3,4,2,4
32,1,15,1,0,84,88,25,52,16,86,5,3,1,1,5,2,3,0,2,2,3,2
32,1,15,1,1,90,74,25,69,16,86,3,2,1,1,5,2,2,3,2,3,3,2
32,1,15,1,0,82,25,49,24,25,9,3,1,2,1,1,6,5,2,5,2,2,1
32,1,15,1,0,24,72,13,82,49,89,1,3,6,3,2,7,2,4,4,5,5,6
32,1,15,1,0,25,89,9,82,49,9,1,7,6,3,2,6,2,6,1,5,5,1
32,1,15,1,1,49,82,13,89,29,90,2,3,6,7,0,3,5,5,4,6,5,2
32,1,15,1,0,82,19,9,82,49,68,3,3,6,3,2,3,5,2,1,5,5,3
32,1,15,1,1,82,49,9,31,46,89,3,2,6,6,6,7,5,5,1,4,5,6
32,1,15,1,0,13,43,89,82,49,89,6,0,7,3,2,7,4,1,6,5,5,6
32,1,15,1,1,82,49,9,95,13,82,3,2,6,3,6,3,5,5,1,3,4,5
32,1,15,1,1,82,49,24,69,25,13,3,2,1,1,1,6,5,5,2,3,2,4
29,1,4,1,1,19,32,24,9,55,24,3,2,1,6,1,1,2,1,2,1,2,2
29,1,4,1,0,53,68,13,24,32,19,5,3,6,1,2,3,2,3,4,2,1,2
29,1,4,1,0,82,69,15,19,32,24,3,1,1,3,2,1,5,3,3,2,1,2
29,1,4,1,1,32,24,19,32,80,9,2,1,3,2,5,6,1,2,2,1,4,1
29,1,4,1,1,9,89,95,24,32,19,6,7,3,1,2,3,1,6,3,2,1,2
29,1,4,1,1,32,24,19,89,9,46,2,1,3,7,6,6,1,2,2,6,1,5
29,1,4,1,0,89,25,10,32,89,13,7,1,2,2,7,6,6,2,1,1,6,4
29,1,4,1,0,20,89,36,32,89,13,3,7,6,2,7,6,3,6,1,1,6,4
29,1,4,1,0,32,25,82,13,32,89,2,1,3,6,2,7,1,2,5,4,1,6
29,1,4,1,1,13,32,89,19,9,25,6,2,7,3,6,1,4,1,6,2,1,2
29,1,4,1,1,32,13,89,36,89,13,2,6,7,6,7,6,1,4,6,1,6,4
29,1,4,1,1,32,13,89,89,72,55,2,6,7,7,3,1,1,4,6,6,4,2
29,1,4,1,1,13,32,89,74,55,13,6,2,7,2,1,6,4,1,6,3,2,4
29,1,4,1,0,40,13,19,32,13,89,7,6,3,2,6,7,3,4,2,1,4,6
29,1,4,1,1,13,32,89,24,9,89,6,2,7,1,6,7,4,1,6,2,1,6
29,1,4,1,0,9,13,69,32,13,89,6,6,1,2,6,7,1,4,3,1,4,6
29,1,4,1,1,13,32,89,69,9,32,6,2,7,1,6,2,4,1,6,3,1,1
29,1,4,1,1,13,32,89,13,89,23,6,2,7,6,7,3,4,1,6,4,6,4
29,1,4,1,0,9,34,89,32,13,89,6,1,7,2,6,7,1,3,6,1,4,6
29,1,4,1,0,29,69,9,13,32,89,0,1,6,6,2,7,5,3,1,4,1,6
29,1,4,1,0,24,18,82,13,89,32,1,2,3,6,7,2,2,3,5,4,6,1
29,1,4,1,0,13,9,49,13,32,89,6,6,2,6,2,7,4,1,5,4,1,6
29,1,4,1,1,32,13,89,52,36,23,2,6,7,1,6,3,1,4,6,2,1,4
29,1,4,1,0,32,25,89,89,13,32,2,1,7,7,6,2,1,2,6,6,4,1
29,1,4,1,1,13,32,89,81,13,89,6,2,7,3,6,7,4,1,6,3,4,6
28,2,9,1,0,65,25,61,34,69,82,1,1,4,1,1,3,3,2,1,3,3,5
28,2,9,1,1,95,60,9,61,74,25,3,4,6,4,2,1,3,1,1,1,3,2
28,2,9,1,1,65,25,86,92,23,82,1,1,2,2,3,3,3,2,2,3,4,5
28,2,9,1,1,42,74,65,34,79,55,2,2,1,1,4,1,1,3,3,3,1,2
28,2,9,1,0,30,61,82,74,65,42,1,4,3,2,1,2,1,1,5,3,3,1
28,2,9,1,0,65,25,86,65,61,6,1,1,2,1,4,4,3,2,2,3,1,1
28,2,9,1,0,21,96,89,65,25,74,3,0,7,1,1,2,3,5,6,3,2,3
28,2,9,1,0,9,90,94,65,25,74,6,3,3,1,1,2,1,2,2,3,2,3
28,2,9,1,1,25,65,74,90,96,55,1,1,2,3,0,1,2,3,3,2,5,2
28,2,9,1,1,48,89,10,65,25,86,4,7,2,1,1,2,3,6,1,3,2,2
28,2,9,1,1,82,43,6,74,34,65,3,0,4,2,1,1,5,1,1,3,3,3
28,2,9,1,1,65,34,74,80,96,34,1,1,2,5,0,1,3,3,3,4,5,3
28,2,9,1,1,67,65,34,26,25,96,7,1,1,6,1,0,3,3,3,5,2,5
28,2,9,1,1,42,74,89,13,30,25,2,2,7,6,1,1,1,3,6,4,1,2
28,2,9,1,0,80,61,78,65,19,74,5,4,7,1,3,2,4,1,2,3,2,3
28,2,9,1,0,96,34,61,89,65,19,0,1,4,7,1,3,5,3,1,6,3,2
28,2,9,1,0,89,19,65,24,65,68,7,3,1,1,1,3,6,2,3,2,3,3
32,1,15,1,1,82,13,29,26,0,7,3,6,0,6,3,4,5,4,5,5,5,1
32,1,15,1,1,27,2,69,82,9,69,5,2,1,3,6,1,3,2,3,5,1,3
32,1,15,1,0,94,89,9,82,89,9,3,7,6,3,7,6,2,6,1,5,6,1
32,1,15,1,1,13,55,69,88,82,90,6,1,1,3,3,3,4,2,3,0,5,2
29,1,4,1,0,13,69,29,89,13,25,6,1,0,7,6,1,4,3,5,6,4,2
29,1,4,1,0,13,53,16,80,87,13,6,5,5,5,1,6,4,2,3,4,1,4
3,0,13,0,0,55,56,0,40,55,78,1,1,3,7,1,7,2,3,5,3,2,2
3,0,13,0,1,55,0,39,80,55,15,1,3,7,5,1,1,2,5,3,4,2,3
4,7,2,5,1,79,90,26,89,55,56,4,3,6,7,1,1,1,2,5,6,2,3
4,7,2,5,1,79,90,26,43,48,55,4,3,6,0,4,1,1,2,5,1,3,2
4,7,2,5,0,55,25,41,79,90,26,1,1,5,4,3,6,2,2,3,1,2,5
4,7,2,5,1,79,26,90,79,56,12,4,6,3,4,1,4,1,5,2,1,3,4
4,7,2,5,0,96,31,55,90,26,79,0,6,1,3,6,4,5,4,2,2,5,1
4,7,2,5,0,52,87,55,79,90,26,1,1,1,4,3,6,2,1,2,1,2,5
11,1,15,1,0,52,74,37,89,9,25,1,2,2,7,6,1,2,3,1,6,1,2
8,6,13,4,0,69,89,13,89,32,74,1,7,6,7,2,2,3,6,4,6,1,3
11,1,15,1,1,13,25,40,69,89,42,6,1,7,1,7,2,4,2,3,3,6,1
11,1,15,1,1,49,9,32,9,89,10,2,6,2,6,7,2,5,1,1,1,6,1
7,4,10,2,0,32,77,25,74,89,9,2,0,1,2,7,6,1,5,2,3,6,1
6,7,12,5,1,78,16,3,83,79,1,7,5,4,6,4,7,2,3,1,4,1,3
8,6,13,4,1,30,10,89,27,69,89,1,2,7,5,1,7,1,1,6,3,3,6
11,1,15,1,0,9,24,89,52,89,16,6,1,7,1,7,5,1,2,6,2,6,3
11,1,15,1,0,89,36,78,89,52,77,7,6,7,7,1,0,6,1,2,6,2,5
8,6,13,4,0,32,43,9,25,89,45,2,0,6,1,7,6,1,1,1,2,6,1
8,6,13,4,1,89,69,5,89,10,63,7,1,0,7,2,7,6,3,4,6,1,1
7,4,10,2,1,13,89,32,89,25,55,6,7,2,7,1,1,4,6,1,6,2,2
29,1,4,1,1,9,13,53,24,37,9,6,6,5,1,2,6,1,4,2,2,1,1
24,1,4,1,1,60,9,81,52,78,15,4,6,3,1,7,1,1,1,3,2,2,3
0,1,7,1,1,67,31,25,79,82,89,7,6,1,4,3,7,3,4,2,1,5,6
18,1,4,1,0,82,29,77,58,9,69,3,0,0,2,6,1,5,5,5,3,1,3
18,1,4,1,1,21,32,12,82,29,77,3,2,4,3,0,0,3,1,4,5,5,5
18,1,4,1,0,37,29,82,89,82,13,2,0,3,7,3,6,1,5,5,6,5,4
18,1,4,1,1,82,37,29,61,42,81,3,2,0,4,2,3,5,1,5,1,1,3
18,1,4,1,0,9,89,82,37,82,29,6,7,3,2,3,0,1,6,5,1,5,5
18,1,4,1,1,25,89,13,82,29,37,1,7,6,3,0,2,2,6,4,5,5,1
4,7,2,5,0,39,80,25,90,12,63,7,5,1,3,4,7,3,4,2,2,4,1
4,7,2,5,1,25,63,69,62,25,23,1,7,1,5,1,3,2,1,3,3,2,4
4,7,2,5,1,38,55,63,43,53,51,2,1,7,0,5,7,3,2,1,1,2,6
4,7,2,5,0,74,79,43,23,25,41,2,4,0,3,1,5,3,1,1,4,2,3
4,7,2,5,1,23,61,69,79,23,41,3,4,1,4,3,5,4,1,3,1,4,3
4,7,2,5,0,78,41,79,94,91,79,7,5,4,3,0,4,2,3,1,2,3,1
32,1,15,1,0,97,69,27,24,27,9,7,1,5,1,5,6,1,3,3,2,3,1
32,1,15,1,1,94,13,59,86,9,25,3,6,3,2,6,1,2,4,3,2,1,2
32,1,15,1,0,82,67,72,94,13,59,3,7,3,3,6,3,5,3,4,2,4,3
32,1,15,1,0,69,67,89,94,13,59,1,7,7,3,6,3,3,3,6,2,4,3
32,1,15,1,1,72,82,13,94,13,59,3,3,6,3,6,3,4,5,4,2,4,3
32,1,15,1,0,87,13,9,13,94,59,1,6,6,6,3,3,1,4,1,4,2,3
32,1,15,1,0,89,85,82,94,13,59,7,1,3,3,6,3,6,1,5,2,4,3
32,1,15,1,0,93,90,9,94,59,13,1,3,6,3,3,6,1,2,1,2,3,4
32,1,15,1,1,94,13,59,88,90,9,3,6,3,3,3,6,2,4,3,0,2,1
32,1,15,1,0,32,34,69,13,59,94,2,1,1,6,3,3,1,3,3,4,3,2
32,1,15,1,1,94,59,13,13,82,9,3,3,6,6,3,6,2,3,4,4,5,1
32,1,15,1,1,94,13,59,69,37,9,3,6,3,1,2,6,2,4,3,3,1,1
32,1,15,1,1,13,59,94,69,32,9,6,3,3,1,2,6,4,3,2,3,1,1
32,1,15,1,1,69,94,59,13,36,95,1,3,3,6,6,3,3,2,3,4,1,3
32,1,15,1,0,97,82,96,69,19,59,7,3,0,1,3,3,1,5,5,3,2,3
32,1,15,1,0,69,19,59,31,9,13,1,3,3,6,6,6,3,2,3,4,1,4
32,1,15,1,0,9,27,36,69,19,59,6,5,6,1,3,3,1,3,1,3,2,3
32,1,15,1,0,13,9,46,69,19,59,6,6,6,1,3,3,4,1,5,3,2,3
32,1,15,1,0,36,9,82,19,59,69,6,6,3,3,3,1,1,1,5,2,3,3
32,1,15,1,0,15,95,19,74,1,72,1,3,3,2,7,3,3,3,2,3,3,4
32,1,15,1,0,9,74,15,9,13,88,6,2,1,6,6,3,1,3,3,1,4,0
32,1,15,1,1,88,74,23,34,17,8,3,2,3,1,3,5,0,3,4,3,5,1
32,1,15,1,0,82,27,74,94,78,82,3,5,2,3,7,3,5,3,3,2,2,5
32,1,15,1,1,17,85,36,46,74,82,3,1,6,6,2,3,5,1,1,5,3,5
32,1,15,1,1,32,89,25,72,60,74,2,7,1,3,4,2,1,6,2,4,1,3
32,1,15,1,1,74,9,82,88,90,29,2,6,3,3,3,0,3,1,5,0,2,5
32,1,15,1,0,31,90,30,9,60,74,6,3,1,6,4,2,4,2,1,1,1,3
32,1,15,1,1,89,24,13,74,9,82,7,1,6,2,6,3,6,2,4,3,1,5
32,1,15,1,1,25,9,82,13,31,69,1,6,3,6,6,1,2,1,5,4,4,3
32,1,15,1,0,89,69,9,13,82,34,7,1,6,6,3,1,6,3,1,4,5,3
32,1,15,1,1,72,10,82,69,13,62,3,2,3,1,6,5,4,1,5,3,4,3
32,1,15,1,0,9,46,82,13,89,32,6,6,3,6,7,2,1,5,5,4,6,1
32,1,15,1,0,9,82,89,9,25,82,6,3,7,6,1,3,1,5,6,1,2,5
32,1,15,1,1,82,90,9,82,94,13,3,3,6,3,3,6,5,2,1,5,2,4
32,1,15,1,0,82,69,13,74,19,89,3,1,6,2,3,7,5,3,4,3,2,6
32,1,15,1,1,19,31,96,82,13,9,3,6,0,3,6,6,2,4,5,5,4,1
32,1,15,1,1,88,89,82,89,9,13,3,7,3,7,6,6,0,6,5,6,1,4
32,1,15,1,0,82,51,13,90,74,42,3,7,6,3,2,2,5,6,4,2,3,1
32,1,15,1,1,82,31,88,77,83,56,3,6,3,0,6,1,5,4,0,5,4,3
32,1,15,1,0,88,36,30,55,88,4,3,6,1,1,3,6,0,1,1,2,0,1
32,1,15,1,1,82,8,4,82,13,89,3,5,6,3,6,7,5,1,1,5,4,6
32,1,15,1,1,90,17,4,9,19,41,3,3,6,6,3,5,2,5,1,1,2,3
32,1,15,1,1,30,69,4,2,43,52,1,1,6,2,0,1,1,3,1,2,1,2
32,1,15,1,1,96,4,63,80,72,75,0,6,7,5,3,5,5,1,1,4,4,1
11,1,15,1,1,9,78,82,37,13,32,6,7,3,2,6,2,1,2,5,1,4,1
7,4,10,2,1,32,9,1,31,66,23,2,6,7,6,1,3,1,1,3,4,3,4
31,3,0,1,0,69,51,34,62,31,41,1,7,1,5,6,5,3,6,3,3,4,3
11,1,15,1,0,32,82,65,9,89,69,2,3,1,6,7,1,1,5,3,1,6,3
28,2,9,1,0,69,61,18,16,13,9,1,4,2,5,6,6,3,1,3,3,4,1
28,2,9,1,0,69,23,2,69,61,18,1,3,2,1,4,2,3,4,2,3,1,3
28,2,9,1,1,69,61,18,95,13,90,1,4,2,3,6,3,3,1,3,3,4,2
28,2,9,1,0,26,9,36,69,61,18,6,6,6,1,4,2,5,1,1,3,1,3
28,2,9,1,0,96,23,12,69,18,65,0,3,4,1,2,1,5,4,4,3,3,3
28,2,9,1,0,82,9,65,69,65,61,3,6,1,1,1,4,5,1,3,3,3,1
28,2,9,1,0,89,65,30,69,61,18,7,1,1,1,4,2,6,3,1,3,1,3
28,2,9,1,1,69,61,18,82,95,69,1,4,2,3,3,1,3,1,3,5,3,3
28,2,9,1,0,96,41,74,69,61,18,0,5,2,1,4,2,5,3,3,3,1,3
28,2,9,1,1,90,65,61,13,30,22,3,1,4,6,1,3,2,3,1,4,1,1
28,2,9,1,0,9,13,69,69,61,90,6,6,1,1,4,3,1,4,3,3,1,2
28,2,9,1,0,69,61,18,34,25,39,1,4,2,1,1,7,3,1,3,3,2,3
29,1,4,1,1,23,9,89,9,89,74,3,6,7,6,7,2,4,1,6,1,6,3
29,1,4,1,0,19,89,9,9,89,74,3,7,6,6,7,2,2,6,1,1,6,3
29,1,4,1,1,9,89,29,9,89,74,6,7,0,6,7,2,1,6,5,1,6,3
29,1,4,1,0,29,13,89,9,89,74,0,6,7,6,7,2,5,4,6,1,6,3
29,1,4,1,0,9,89,9,9,89,74,6,7,6,6,7,2,1,6,1,1,6,3
32,1,15,1,1,2,87,88,89,36,13,2,1,3,7,6,6,2,1,0,6,1,4
32,1,15,1,1,88,2,82,32,82,89,3,2,3,2,3,7,0,2,5,1,5,6
32,1,15,1,0,13,8,9,88,82,2,6,5,6,3,3,2,4,1,1,0,5,2
32,1,15,1,1,88,82,2,9,13,25,3,3,2,6,6,1,0,5,2,1,4,2
32,1,15,1,0,89,13,96,88,2,82,7,6,0,3,2,3,6,4,5,0,2,5
32,1,15,1,1,88,2,82,13,32,81,3,2,3,6,2,3,0,2,5,4,1,3
32,1,15,1,1,9,25,88,92,69,82,6,1,3,2,1,3,1,2,0,3,3,5
32,1,15,1,0,82,13,89,82,69,92,3,6,7,3,1,2,5,4,6,5,3,3
32,1,15,1,0,82,13,36,36,92,69,3,6,6,6,2,1,5,4,1,1,3,3
32,1,15,1,1,36,69,92,9,36,80,6,1,2,6,6,5,1,3,3,1,1,4
32,1,15,1,1,24,90,89,82,24,2,1,3,7,3,1,2,2,2,6,5,2,2
32,1,15,1,0,23,32,82,82,2,24,3,2,3,3,2,1,4,1,5,5,2,2
32,1,15,1,0,90,36,92,24,2,82,3,6,2,1,2,3,2,1,3,2,2,5
32,1,15,1,1,2,24,89,82,69,25,2,1,7,3,1,1,2,2,6,5,3,2
32,1,15,1,0,69,9,85,2,24,89,1,6,1,2,1,7,3,1,1,2,2,6
32,1,15,1,0,82,89,13,24,2,89,3,7,6,1,2,7,5,6,4,2,2,6
32,1,15,1,0,82,32,36,2,24,46,3,2,6,2,1,6,5,1,1,2,2,5
32,1,15,1,0,82,24,36,2,24,82,3,1,6,2,1,3,5,2,1,2,2,5
4,7,2,5,1,78,76,9,79,16,55,7,3,6,4,5,1,2,1,1,1,3,2
4,7,2,5,1,56,79,12,78,76,12,1,4,4,7,3,4,3,1,4,2,1,4
4,7,2,5,0,79,25,90,76,12,78,4,1,3,3,4,7,1,2,2,1,4,2
4,7,2,5,1,78,76,12,16,89,78,7,3,4,5,7,7,2,1,4,3,6,2
4,7,2,5,0,76,61,78,33,17,29,3,4,7,3,3,0,1,1,2,3,5,5
4,7,2,5,1,76,78,61,56,55,25,3,7,4,1,1,1,1,2,1,3,2,2
4,7,2,5,1,78,89,76,79,10,61,7,7,3,4,2,4,2,6,1,1,1,1
29,1,4,1,1,42,90,43,9,89,69,2,3,0,6,7,1,1,2,1,1,6,3
29,1,4,1,1,90,42,15,90,9,29,3,2,1,3,6,0,2,1,3,2,1,5
29,1,4,1,0,36,67,32,82,42,98,6,7,2,3,2,2,1,3,1,5,1,3
29,1,4,1,0,23,69,9,82,42,32,3,1,6,3,2,2,4,3,1,5,1,1
29,1,4,1,0,9,82,42,82,13,51,6,3,2,3,6,7,1,5,1,5,4,6
29,1,4,1,0,89,90,64,36,42,82,7,3,6,6,2,3,6,2,2,1,1,5
29,1,4,1,1,89,42,82,36,9,59,7,2,3,6,6,3,6,1,5,1,1,3
29,1,4,1,1,89,82,9,42,82,9,7,3,6,2,3,6,6,5,1,1,5,1
29,1,4,1,0,9,32,15,46,82,42,6,2,1,6,3,2,1,1,3,5,5,1
29,1,4,1,1,42,82,9,82,88,89,2,3,6,3,3,7,1,5,1,5,0,6
29,1,4,1,0,13,90,82,9,69,25,6,3,3,6,1,1,4,2,5,1,3,2
29,1,4,1,1,90,82,36,40,96,5,3,3,6,7,0,0,2,5,1,3,5,4
29,1,4,1,1,32,89,69,90,82,69,2,7,1,3,3,1,1,6,3,2,5,3
29,1,4,1,0,90,13,82,59,60,89,3,6,3,3,4,7,2,4,5,3,1,6
29,1,4,1,0,82,13,74,13,82,69,3,6,2,6,3,1,5,4,3,4,5,3
29,1,4,1,0,88,32,34,74,13,82,3,2,1,2,6,3,0,1,3,3,4,5
29,1,4,1,1,69,25,74,74,82,13,1,1,2,2,3,6,3,2,3,3,5,4
29,1,4,1,1,60,13,25,82,13,74,4,6,1,3,6,2,1,4,2,5,4,3
29,1,4,1,0,13,15,31,82,74,9,6,1,6,3,2,6,4,3,4,5,3,1
20,6,14,4,0,69,32,23,69,34,20,1,2,3,1,1,3,3,1,4,3,3,3
20,6,14,4,1,10,51,49,69,10,20,2,7,2,1,2,3,1,6,5,3,1,3
20,6,14,4,0,9,20,96,99,11,9,6,3,0,7,4,6,1,3,5,3,1,1
20,6,14,4,0,69,80,25,35,9,20,1,5,1,7,6,3,3,4,2,3,1,3
20,6,14,4,0,69,29,20,69,20,65,1,0,3,1,3,1,3,5,3,3,3,3
20,6,14,4,0,17,30,51,13,20,51,3,1,7,6,3,7,5,1,6,4,3,6
10,4,10,2,0,55,25,96,9,6,90,1,1,0,6,4,3,2,2,5,1,1,2
10,4,10,2,0,25,69,89,9,6,90,1,1,7,6,4,3,2,3,6,1,1,2
10,4,10,2,0,9,6,90,89,56,13,6,4,3,7,1,6,1,1,2,6,3,4
10,4,10,2,1,9,6,90,10,10,25,6,4,3,2,2,1,1,1,2,1,1,2
10,4,10,2,0,9,6,90,69,16,89,6,4,3,1,5,7,1,1,2,3,3,6
10,4,10,2,0,10,79,56,90,9,6,2,4,1,3,6,4,1,1,3,2,1,1
10,4,10,2,1,9,6,90,26,52,25,6,4,3,6,1,1,1,1,2,5,2,2
10,4,10,2,1,9,6,90,97,9,10,6,4,3,7,6,2,1,1,2,1,1,1
10,4,10,2,0,9,89,77,9,90,6,6,7,0,6,3,4,1,6,5,1,2,1
32,1,15,1,1,89,42,9,13,82,89,7,2,6,6,3,7,6,1,1,4,5,6
32,1,15,1,0,72,89,82,89,9,42,3,7,3,7,6,2,4,6,5,6,1,1
32,1,15,1,1,89,9,42,88,32,69,7,6,2,3,2,1,6,1,1,0,1,3
32,1,15,1,0,32,89,9,89,42,9,2,7,6,7,2,6,1,6,1,6,1,1
32,1,15,1,0,89,15,9,13,82,89,7,1,6,6,3,7,6,3,1,4,5,6
32,1,15,1,1,89,9,15,32,89,13,7,6,1,2,7,6,6,1,3,1,6,4
32,1,15,1,0,25,9,89,9,89,13,1,6,7,6,7,6,2,1,6,1,6,4
32,1,15,1,0,9,13,24,9,89,13,6,6,1,6,7,6,1,4,2,1,6,4
32,1,15,1,0,9,89,13,2,89,25,6,7,6,2,7,1,1,6,4,2,6,2
32,1,15,1,1,9,89,13,9,13,89,6,7,6,6,6,7,1,6,4,1,4,6
32,1,15,1,0,9,88,89,89,13,9,6,3,7,7,6,6,1,0,6,6,4,1
32,1,15,1,0,13,9,69,9,89,13,6,6,1,6,7,6,4,1,3,1,6,4
32,1,15,1,1,13,89,9,9,94,13,6,7,6,6,3,6,4,6,1,1,2,4
32,1,15,1,1,89,82,25,13,89,9,7,3,1,6,7,6,6,5,2,4,6,1
32,1,15,1,1,90,74,9,9,13,89,3,2,6,6,6,7,2,3,1,1,4,6
32,1,15,1,0,45,87,67,9,89,13,6,1,7,6,7,6,1,1,3,1,6,4
32,1,15,1,1,9,22,13,25,9,13,6,3,6,1,6,6,1,1,4,2,1,4
32,1,15,1,0,85,9,69,22,9,13,1,6,1,3,6,6,1,1,3,1,1,4
32,1,15,1,1,89,13,9,9,13,22,7,6,6,6,6,3,6,4,1,1,4,1
32,1,15,1,1,9,13,22,15,89,82,6,6,3,1,7,3,1,4,1,3,6,5
32,1,15,1,1,13,22,9,82,89,0,6,3,6,3,7,3,4,1,1,5,6,5
32,1,15,1,1,13,89,9,9,22,13,6,7,6,6,3,6,4,6,1,1,1,4
32,1,15,1,0,32,23,9,9,22,13,2,3,6,6,3,6,1,4,1,1,1,4
32,1,15,1,1,22,13,9,13,82,36,3,6,6,6,3,6,1,4,1,4,5,1
32,1,15,1,0,22,9,13,89,23,13,3,6,6,7,3,6,1,1,4,6,4,4
32,1,15,1,1,88,90,89,90,74,42,3,3,7,3,2,2,0,2,6,2,3,1
32,1,15,1,1,89,88,9,74,90,42,7,3,6,2,3,2,6,0,1,3,2,1
32,1,15,1,1,74,90,42,1,32,25,2,3,2,7,2,1,3,2,1,3,1,2
32,1,15,1,0,74,90,42,15,95,24,2,3,2,1,3,1,3,2,1,3,3,2
32,1,15,1,1,74,90,42,82,13,55,2,3,2,3,6,1,3,2,1,5,4,2
32,1,15,1,1,90,42,74,10,32,13,3,2,2,2,2,6,2,1,3,1,1,4
32,1,15,1,0,90,42,74,89,22,23,3,2,2,7,3,3,2,1,3,6,1,4
32,1,15,1,1,82,42,89,19,25,26,3,2,7,3,1,6,5,1,6,2,2,5
32,1,15,1,0,82,9,13,82,89,42,3,6,6,3,7,2,5,1,4,5,6,1
32,1,15,1,1,82,42,89,89,9,13,3,2,7,7,6,6,5,1,6,6,1,4
32,1,15,1,1,88,25,89,82,89,42,3,1,7,3,7,2,0,2,6,5,6,1
32,1,15,1,0,19,89,9,82,89,42,3,7,6,3,7,2,2,6,1,5,6,1
32,1,15,1,1,82,89,42,9,13,27,3,7,2,6,6,5,5,6,1,1,4,3
32,1,15,1,0,89,73,13,42,89,82,7,7,6,2,7,3,6,3,4,1,6,5
32,1,15,1,1,42,89,82,82,9,29,2,7,3,3,6,0,1,6,5,5,1,5
32,1,15,1,0,82,90,42,82,90,89,3,3,2,3,3,7,5,2,1,5,2,6
32,1,15,1,0,82,90,42,82,89,9,3,3,2,3,7,6,5,2,1,5,6,1
32,1,15,1,1,82,90,42,93,9,82,3,3,2,1,6,3,5,2,1,1,1,5
32,1,15,1,0,13,24,89,90,42,82,6,1,7,3,2,3,4,2,6,2,1,5
32,1,15,1,1,52,29,89,82,42,90,1,0,7,3,2,3,2,5,6,5,1,2
32,1,15,1,1,82,42,90,82,13,86,3,2,3,3,6,2,5,1,2,5,4,2
32,1,15,1,0,97,13,9,82,42,90,7,6,6,3,2,3,1,4,1,5,1,2
32,1,15,1,0,90,42,74,89,9,6,3,2,2,7,6,4,2,1,3,6,1,1
4,7,2,5,1,78,55,23,25,9,53,7,1,3,1,6,5,2,2,4,2,1,2
32,1,15,1,1,13,25,9,82,9,13,6,1,6,3,6,6,4,2,1,5,1,4
23,5,8,3,0,9,59,13,13,9,9,6,3,6,6,6,6,1,3,4,4,1,1
23,5,8,3,1,59,13,9,89,32,89,3,6,6,7,2,7,3,4,1,6,1,6
23,5,8,3,0,87,9,82,9,13,59,1,6,3,6,6,3,1,1,5,1,4,3
23,5,8,3,1,23,89,32,9,13,89,3,7,2,6,6,7,4,6,1,1,4,6
23,5,8,3,0,9,13,89,9,59,13,6,6,7,6,3,6,1,4,6,1,3,4
23,5,8,3,1,9,89,13,89,13,9,6,7,6,7,6,6,1,6,4,6,4,1
23,5,8,3,0,13,9,89,89,13,9,6,6,7,7,6,6,4,1,6,6,4,1
23,5,8,3,1,89,13,9,13,89,72,7,6,6,6,7,3,6,4,1,4,6,4
23,5,8,3,1,89,9,13,13,23,89,7,6,6,6,3,7,6,1,4,4,4,6
23,5,8,3,0,9,66,25,9,89,13,6,1,1,6,7,6,1,3,2,1,6,4
23,5,8,3,1,9,13,89,23,13,9,6,6,7,3,6,6,1,4,6,4,4,1
23,5,8,3,1,89,13,9,89,13,89,7,6,6,7,6,7,6,4,1,6,4,6
23,5,8,3,1,13,89,9,23,89,13,6,7,6,3,7,6,4,6,1,4,6,4
23,5,8,3,1,9,89,13,9,25,13,6,7,6,6,1,6,1,6,4,1,2,4
23,5,8,3,1,9,89,13,17,89,74,6,7,6,3,7,2,1,6,4,5,6,3
23,5,8,3,0,9,89,13,9,9,89,6,7,6,6,6,7,1,6,4,1,1,6
23,5,8,3,1,9,89,13,66,13,9,6,7,6,1,6,6,1,6,4,3,4,1
23,5,8,3,1,9,9,36,9,13,89,6,6,6,6,6,7,1,1,1,1,4,6
23,5,8,3,0,24,66,32,89,13,9,1,1,2,7,6,6,2,3,1,6,4,1
23,5,8,3,1,9,89,13,89,9,48,6,7,6,7,6,4,1,6,4,6,1,3
23,5,8,3,0,89,30,59,9,89,13,7,1,3,6,7,6,6,1,3,1,6,4
28,2,9,1,1,9,90,61,69,65,96,6,3,4,1,1,0,1,2,1,3,3,5
28,2,9,1,1,90,9,61,9,23,34,3,6,4,6,3,1,2,1,1,1,4,3
28,2,9,1,0,69,34,53,9,90,61,1,1,5,6,3,4,3,3,2,1,2,1
28,2,9,1,1,9,65,61,69,17,32,6,1,4,1,3,2,1,3,1,3,5,1
28,2,9,1,1,9,90,65,25,34,84,6,3,1,1,1,5,1,2,3,2,3,3
28,2,9,1,1,9,90,61,13,9,29,6,3,4,6,6,0,1,2,1,4,1,5
28,2,9,1,0,21,49,9,9,65,61,3,2,6,6,1,4,3,5,1,1,3,1
28,2,9,1,1,9,67,65,89,34,96,6,7,1,7,1,0,1,3,3,6,3,5
28,2,9,1,0,82,69,34,65,9,67,3,1,1,1,6,7,5,3,3,3,1,3
33,3,0,1,0,82,96,69,6,89,82,3,0,1,4,7,3,5,5,3,1,6,5
33,3,0,1,1,6,89,82,36,93,41,4,7,3,6,1,5,1,6,5,1,1,3
33,3,0,1,1,6,89,82,69,55,34,4,7,3,1,1,1,1,6,5,3,2,3
33,3,0,1,0,42,34,9,6,89,82,2,1,6,4,7,3,1,3,1,1,6,5
33,3,0,1,0,32,6,63,6,89,82,2,4,7,4,7,3,1,1,1,1,6,5
33,3,0,1,1,55,46,9,6,89,82,1,6,6,4,7,3,2,5,1,1,6,5
32,1,15,1,0,36,82,9,19,13,63,6,3,6,3,6,7,1,5,1,2,4,1
32,1,15,1,1,13,19,63,27,36,13,6,3,7,5,6,6,4,2,1,3,1,4
32,1,15,1,0,69,36,93,13,63,19,1,6,1,6,7,3,3,1,1,4,1,2
32,1,15,1,0,67,13,24,63,13,19,7,6,1,7,6,3,3,4,2,1,4,2
32,1,15,1,0,13,26,29,63,19,13,6,6,0,7,3,6,4,5,5,1,2,4
32,1,15,1,1,63,13,19,18,36,82,7,6,3,2,6,3,1,4,2,3,1,5
32,1,15,1,1,13,19,63,9,89,88,6,3,7,6,7,3,4,2,1,1,6,0
32,1,15,1,1,13,63,19,29,95,36,6,7,3,0,3,6,4,1,2,5,3,1
32,1,15,1,1,9,56,30,82,14,19,6,1,1,3,6,3,1,3,1,5,3,2
32,1,15,1,0,72,97,19,89,74,9,3,7,3,7,2,6,4,1,2,6,3,1
32,1,15,1,1,19,72,97,30,9,90,3,3,7,1,6,3,2,4,1,1,1,2
32,1,15,1,0,81,32,69,72,19,97,3,2,1,3,3,7,3,1,3,4,2,1
32,1,15,1,1,19,2,72,9,98,89,3,2,3,6,2,7,2,2,4,1,3,6
32,1,15,1,1,72,2,19,90,13,19,3,2,3,3,6,3,4,2,2,2,4,2
32,1,15,1,0,9,16,19,19,72,2,6,5,3,3,3,2,1,3,2,2,4,2
32,1,15,1,1,4,97,10,72,84,78,6,7,2,3,5,7,1,1,1,4,3,2
32,1,15,1,1,72,84,78,89,69,9,3,5,7,7,1,6,4,3,2,6,3,1
32,1,15,1,1,72,84,78,88,13,82,3,5,7,3,6,3,4,3,2,0,4,5
32,1,15,1,0,9,13,53,72,84,78,6,6,5,3,5,7,1,4,2,4,3,2
32,1,15,1,0,13,91,36,72,84,78,6,0,6,3,5,7,4,3,1,4,3,2
32,1,15,1,1,72,78,84,82,9,90,3,7,5,3,6,3,4,2,3,5,1,2
32,1,15,1,0,31,90,13,78,84,72,6,3,6,7,5,3,4,2,4,2,3,4
32,1,15,1,0,32,9,82,72,78,84,2,6,3,3,7,5,1,1,5,4,2,3
32,1,15,1,0,82,89,9,72,84,78,3,7,6,3,5,7,5,6,1,4,3,2
32,1,15,1,1,78,72,84,69,9,82,7,3,5,1,6,3,2,4,3,3,1,5
3,0,13,0,0,23,69,16,7,84,41,3,1,5,4,5,5,4,3,3,1,3,3
3,0,13,0,1,7,84,41,0,9,23,4,5,5,3,6,3,1,3,3,5,1,4
3,0,13,0,1,7,84,41,34,11,71,4,5,5,1,4,4,1,3,3,3,1,1
3,0,13,0,1,7,41,84,61,79,69,4,5,5,4,4,1,1,3,3,1,1,3
3,0,13,0,0,7,84,41,53,23,37,4,5,5,5,3,2,1,3,3,2,4,1
3,0,13,0,0,11,39,16,7,84,41,4,7,5,4,5,5,1,3,3,1,3,3
3,0,13,0,0,84,41,7,41,55,16,5,5,4,5,1,5,3,3,1,3,2,3
3,0,13,0,0,79,7,96,41,84,7,4,4,0,5,5,4,1,1,5,3,3,1
3,0,13,0,0,92,78,89,7,41,84,2,7,7,4,5,5,3,2,6,1,3,3
3,0,13,0,1,84,7,41,76,55,79,5,4,5,3,1,4,3,1,3,1,2,1
3,0,13,0,1,7,41,84,61,12,69,4,5,5,4,4,1,1,3,3,1,4,3
3,0,13,0,0,6,79,23,7,41,84,4,4,3,4,5,5,1,1,4,1,3,3
3,0,13,0,1,7,84,41,56,78,6,4,5,5,1,7,4,1,3,3,3,2,1
3,0,13,0,1,7,41,84,61,3,25,4,5,5,4,4,1,1,3,3,1,1,2
3,0,13,0,1,41,84,7,16,55,62,5,5,4,5,1,5,3,3,1,3,2,3
3,0,13,0,1,3,79,55,7,89,84,4,4,1,4,7,5,1,1,2,1,6,3
3,0,13,0,1,7,84,89,82,61,79,4,5,7,3,4,4,1,3,6,5,1,1
3,0,13,0,0,16,41,55,7,84,89,5,5,1,4,5,7,3,3,2,1,3,6
3,0,13,0,0,7,84,89,44,51,89,4,5,7,5,7,7,1,3,6,5,6,6
3,0,13,0,1,7,84,89,38,23,25,4,5,7,2,3,1,1,3,6,3,4,2
3,0,13,0,1,7,89,84,41,6,71,4,7,5,5,4,4,1,6,3,3,1,1
3,0,13,0,0,84,89,7,69,25,79,5,7,4,1,1,4,3,6,1,3,2,1
3,0,13,0,0,16,74,12,7,84,89,5,2,4,4,5,7,3,3,4,1,3,6
3,0,13,0,0,12,23,82,7,73,84,4,3,3,4,7,5,4,4,5,1,3,3
32,1,15,1,1,68,27,82,85,18,23,3,5,3,1,2,3,3,3,5,1,3,4
32,1,15,1,1,23,85,18,52,89,13,3,1,2,1,7,6,4,1,3,2,6,4
32,1,15,1,1,9,13,89,69,82,31,6,6,7,1,3,6,1,4,6,3,5,4
32,1,15,1,1,9,89,13,87,9,89,6,7,6,1,6,7,1,6,4,1,1,6
32,1,15,1,0,9,34,45,89,13,9,6,1,6,7,6,6,1,3,1,6,4,1
32,1,15,1,1,9,89,13,87,80,96,6,7,6,1,5,0,1,6,4,1,4,5
32,1,15,1,1,89,13,25,13,89,55,7,6,1,6,7,1,6,4,2,4,6,2
32,1,15,1,0,89,13,36,89,55,13,7,6,6,7,1,6,6,4,1,6,2,4
32,1,15,1,0,9,82,89,89,19,13,6,3,7,7,3,6,1,5,6,6,2,4
32,1,15,1,1,89,13,19,82,9,89,7,6,3,3,6,7,6,4,2,5,1,6
32,1,15,1,1,89,19,13,86,13,9,7,3,6,2,6,6,6,2,4,2,4,1
32,1,15,1,0,9,82,52,89,13,19,6,3,1,7,6,3,1,5,2,6,4,2
32,1,15,1,1,19,13,89,25,13,89,3,6,7,1,6,7,2,4,6,2,4,6
32,1,15,1,1,62,72,13,88,13,25,5,3,6,3,6,1,3,4,4,0,4,2
32,1,15,1,0,29,30,23,90,13,25,0,1,3,3,6,1,5,1,4,2,4,2
32,1,15,1,0,29,9,13,90,25,13,0,6,6,3,1,6,5,1,4,2,2,4
32,1,15,1,0,89,32,9,90,25,13,7,2,6,3,1,6,6,1,1,2,2,4
32,1,15,1,1,90,25,13,13,19,87,3,1,6,6,3,1,2,2,4,4,2,1
32,1,15,1,0,95,96,82,90,82,13,3,0,3,3,3,6,3,5,5,2,5,4
32,1,15,1,0,13,24,9,90,13,82,6,1,6,3,6,3,4,2,1,2,4,5
32,1,15,1,0,68,82,27,90,13,82,3,3,5,3,6,3,3,5,3,2,4,5
32,1,15,1,1,13,82,90,9,13,93,6,3,3,6,6,1,4,5,2,1,4,1
32,1,15,1,0,90,89,14,82,90,13,3,7,6,3,3,6,2,6,3,5,2,4
32,1,15,1,0,9,65,82,82,90,13,6,1,3,3,3,6,1,3,5,5,2,4
32,1,15,1,1,90,13,82,9,23,89,3,6,3,6,3,7,2,4,5,1,4,6
32,1,15,1,0,59,9,32,90,82,13,3,6,2,3,3,6,3,1,1,2,5,4
32,1,15,1,1,13,82,90,4,9,23,6,3,3,6,6,3,4,5,2,1,1,4
32,1,15,1,0,74,94,13,74,26,96,2,3,6,2,6,0,3,2,4,3,5,5
32,1,15,1,1,95,94,23,13,30,82,3,3,3,6,1,3,3,2,4,4,1,5
32,1,15,1,1,82,95,94,82,29,15,3,3,3,3,0,1,5,3,2,5,5,3
32,1,15,1,1,32,25,23,74,82,13,2,1,3,2,3,6,1,2,4,3,5,4
32,1,15,1,1,9,13,27,18,82,13,6,6,5,2,3,6,1,4,3,3,5,4
32,1,15,1,1,18,13,82,84,44,83,2,6,3,5,5,6,3,4,5,3,5,4
32,1,15,1,0,18,13,82,42,23,9,2,6,3,2,3,6,3,4,5,1,4,1
32,1,15,1,1,82,13,42,18,82,13,3,6,2,2,3,6,5,4,1,3,5,4
32,1,15,1,0,98,82,18,23,25,13,2,3,2,3,1,6,3,5,3,4,2,4
32,1,15,1,1,69,13,82,18,46,63,1,6,3,2,6,7,3,4,5,3,5,1
32,1,15,1,1,46,63,18,95,82,13,6,7,2,3,3,6,5,1,3,3,5,4
32,1,15,1,0,81,32,34,46,18,63,3,2,1,6,2,7,3,1,3,5,3,1
32,1,15,1,0,27,94,9,46,18,63,5,3,6,6,2,7,3,2,1,5,3,1
32,1,15,1,0,61,35,24,18,46,63,4,7,1,2,6,7,1,3,2,3,5,1
32,1,15,1,0,89,82,94,18,46,63,7,3,3,2,6,7,6,5,2,3,5,1
32,1,15,1,0,36,26,69,46,63,18,6,6,1,6,7,2,1,5,3,5,1,3
32,1,15,1,0,16,36,29,46,63,18,5,6,0,6,7,2,3,1,5,5,1,3
32,1,15,1,1,18,46,63,13,9,29,2,6,7,6,6,0,3,5,1,4,1,5
32,1,15,1,0,55,18,97,55,82,96,1,2,7,1,3,0,2,3,1,2,5,5
32,1,15,1,1,18,55,97,13,31,24,2,1,7,6,6,1,3,2,1,4,4,2
32,1,15,1,0,13,29,56,18,97,55,6,0,1,2,7,1,4,5,3,3,1,2
32,1,15,1,1,97,18,55,13,36,80,7,2,1,6,6,5,1,3,2,4,1,4
32,1,15,1,0,25,75,59,18,97,55,1,5,3,2,7,1,2,1,3,3,1,2
32,1,15,1,0,85,18,55,1,9,27,1,2,1,7,6,5,1,3,2,3,1,3
32,1,15,1,0,9,17,12,55,18,85,6,3,4,1,2,1,1,5,4,2,3,1
32,1,15,1,1,85,18,55,82,9,69,1,2,1,3,6,1,1,3,2,5,1,3
32,1,15,1,1,18,85,55,42,9,13,2,1,1,2,6,6,3,1,2,1,1,4
32,1,15,1,1,98,13,82,29,69,82,2,6,3,0,1,3,3,4,5,5,3,5
32,1,15,1,0,25,15,90,24,89,29,1,1,3,1,7,0,2,3,2,2,6,5
32,1,15,1,1,25,90,15,88,13,94,1,3,1,3,6,3,2,2,3,0,4,2
32,1,15,1,0,25,72,90,89,13,29,1,3,3,7,6,0,2,4,2,6,4,5
32,1,15,1,1,32,82,69,25,72,90,2,3,1,1,3,3,1,5,3,2,4,2
32,1,15,1,1,25,90,72,13,82,19,1,3,3,6,3,3,2,2,4,4,5,2
32,1,15,1,0,9,13,82,72,25,90,6,6,3,3,1,3,1,4,5,4,2,2
32,1,15,1,1,69,9,36,25,72,90,1,6,6,1,3,3,3,1,1,2,4,2
32,1,15,1,1,25,72,90,9,89,25,1,3,3,6,7,1,2,4,2,1,6,2
32,1,15,1,1,9,13,89,72,90,25,6,6,7,3,3,1,1,4,6,4,2,2
32,1,15,1,1,72,25,90,52,89,9,3,1,3,1,7,6,4,2,2,2,6,1
32,1,15,1,1,25,72,90,29,31,42,1,3,3,0,6,2,2,4,2,5,4,1
32,1,15,1,1,9,88,30,25,90,72,6,3,1,1,3,3,1,0,1,2,2,4
32,1,15,1,0,25,72,90,23,68,98,1,3,3,3,3,2,2,4,2,4,3,3
32,1,15,1,1,25,72,90,88,82,58,1,3,3,3,3,2,2,4,2,0,5,3
32,1,15,1,1,25,72,90,69,31,89,1,3,3,1,6,7,2,4,2,3,4,6
32,1,15,1,1,25,72,90,69,9,82,1,3,3,1,6,3,2,4,2,3,1,5
32,1,15,1,0,25,72,90,72,89,19,1,3,3,3,7,3,2,4,2,4,6,2
32,1,15,1,1,25,72,90,16,82,9,1,3,3,5,3,6,2,4,2,3,5,1
32,1,15,1,0,13,19,82,25,72,90,6,3,3,1,3,3,4,2,5,2,4,2
32,1,15,1,1,25,72,90,24,9,42,1,3,3,1,6,2,2,4,2,2,1,1
32,1,15,1,0,89,27,46,25,72,90,7,5,6,1,3,3,6,3,5,2,4,2
32,1,15,1,1,25,72,90,29,52,82,1,3,3,0,1,3,2,4,2,5,2,5
32,1,15,1,1,15,82,13,25,97,90,1,3,6,1,7,3,3,5,4,2,1,2
32,1,15,1,1,25,97,90,25,67,36,1,7,3,1,7,6,2,1,2,2,3,1
32,1,15,1,1,25,97,90,89,29,13,1,7,3,7,0,6,2,1,2,6,5,4
30,1,4,1,0,9,89,31,58,50,9,6,7,6,2,0,6,1,6,4,3,3,1
30,1,4,1,1,58,9,50,62,69,9,2,6,0,5,1,6,3,1,3,3,3,1
30,1,4,1,1,58,9,50,69,36,6,2,6,0,1,6,4,3,1,3,3,1,1
30,1,4,1,0,81,65,9,58,50,9,3,1,6,2,0,6,3,3,1,3,3,1
30,1,4,1,1,82,13,9,67,9,53,3,6,6,7,6,5,5,4,1,3,1,2
30,1,4,1,0,89,13,9,67,53,9,7,6,6,7,5,6,6,4,1,3,2,1
30,1,4,1,1,67,53,9,9,56,26,7,5,6,6,1,6,3,2,1,1,3,5
30,1,4,1,1,67,53,9,13,9,24,7,5,6,6,6,1,3,2,1,4,1,2
30,1,4,1,0,9,31,70,67,53,9,6,6,2,7,5,6,1,4,3,3,2,1
30,1,4,1,1,82,9,13,67,53,9,3,6,6,7,5,6,5,1,4,3,2,1
30,1,4,1,0,9,36,69,53,9,67,6,6,1,5,6,7,1,1,3,2,1,3
30,1,4,1,1,67,9,53,48,22,25,7,6,5,4,3,1,3,1,2,3,1,2
30,1,4,1,1,67,53,9,13,60,9,7,5,6,6,4,6,3,2,1,4,1,1
30,1,4,1,0,67,9,53,89,9,82,7,6,5,7,6,3,3,1,2,6,1,5
30,1,4,1,0,29,32,89,67,53,9,0,2,7,7,5,6,5,1,6,3,2,1
30,1,4,1,1,67,53,9,19,13,89,7,5,6,3,6,7,3,2,1,2,4,6
30,1,4,1,0,89,96,13,9,10,25,7,0,6,6,2,1,6,5,4,1,1,2
30,1,4,1,0,23,93,13,10,9,25,3,1,6,2,6,1,4,1,4,1,1,2
30,1,4,1,0,69,9,77,25,10,9,1,6,0,1,2,6,3,1,5,2,1,1
30,1,4,1,0,9,13,89,25,10,9,6,6,7,1,2,6,1,4,6,2,1,1
30,1,4,1,1,32,9,89,40,24,9,2,6,7,7,1,6,1,1,6,3,2,1
30,1,4,1,1,90,9,24,13,25,89,3,6,1,6,1,7,2,1,2,4,2,6
30,1,4,1,1,93,95,89,9,62,13,1,3,7,6,5,6,1,3,6,1,3,4
30,1,4,1,0,62,13,9,25,9,89,5,6,6,1,6,7,3,4,1,2,1,6
30,1,4,1,1,9,13,9,13,12,9,6,6,6,6,4,6,1,4,1,4,4,1
28,2,9,1,0,68,85,34,90,64,25,3,1,1,3,6,1,3,1,3,2,2,2
28,2,9,1,1,5,25,21,23,94,25,0,1,3,3,3,1,4,2,3,4,2,2
32,1,15,1,1,72,36,6,42,1,9,3,6,4,2,7,6,4,1,1,1,3,1
32,1,15,1,0,10,9,23,6,72,36,2,6,3,4,3,6,1,1,4,1,4,1
32,1,15,1,1,6,72,36,82,36,21,4,3,6,3,6,3,1,4,1,5,1,3
32,1,15,1,0,82,27,9,6,72,36,3,5,6,4,3,6,5,3,1,1,4,1
32,1,15,1,0,13,9,30,6,36,82,6,6,1,4,6,3,4,1,1,1,1,5
32,1,15,1,1,29,30,13,86,82,74,0,1,6,2,3,2,5,1,4,2,5,3
4,7,2,5,1,55,11,12,12,81,44,1,4,4,4,3,5,2,1,4,4,3,5
32,1,15,1,1,82,72,87,89,32,23,3,3,1,7,2,3,5,4,1,6,1,4
32,1,15,1,0,68,82,9,72,87,82,3,3,6,3,1,3,3,5,1,4,1,5
32,1,15,1,0,90,23,25,72,82,87,3,3,1,3,3,1,2,4,2,4,5,1
32,1,15,1,0,9,82,26,82,72,87,6,3,6,3,3,1,1,5,5,5,4,1
32,1,15,1,0,36,13,6,82,72,87,6,6,4,3,3,1,1,4,1,5,4,1
32,1,15,1,0,80,9,13,82,87,72,5,6,6,3,1,3,4,1,4,5,1,4
32,1,15,1,0,67,69,69,25,13,24,7,1,1,1,6,1,3,3,3,2,4,2
27,4,8,2,1,25,55,69,90,10,89,1,1,1,3,2,7,2,2,3,2,1,6
32,1,15,1,0,89,32,9,13,24,25,7,2,6,6,1,1,6,1,1,4,2,2
32,1,15,1,0,25,13,24,19,15,72,1,6,1,3,1,3,2,4,2,2,3,4
32,1,15,1,0,69,32,13,13,24,25,1,2,6,6,1,1,3,1,4,4,2,2
32,1,15,1,0,87,13,9,25,13,24,1,6,6,1,6,1,1,4,1,2,4,2
32,1,15,1,1,89,82,87,89,25,24,7,3,1,7,1,1,6,5,1,6,2,2
29,1,4,1,1,19,89,13,19,49,67,3,7,6,3,2,7,2,6,4,2,5,3
29,1,4,1,1,89,13,19,89,69,9,7,6,3,7,1,6,6,4,2,6,3,1
29,1,4,1,1,19,13,89,55,82,9,3,6,7,1,3,6,2,4,6,2,5,1
29,1,4,1,0,89,19,13,99,85,34,7,3,6,7,1,1,6,2,4,3,1,3
29,1,4,1,1,19,89,13,69,9,13,3,7,6,1,6,6,2,6,4,3,1,4
29,1,4,1,1,19,13,89,55,87,32,3,6,7,1,1,2,2,4,6,2,1,1
29,1,4,1,1,19,89,13,94,89,9,3,7,6,3,7,6,2,6,4,2,6,1
29,1,4,1,1,89,13,19,25,89,29,7,6,3,1,7,0,6,4,2,2,6,5
29,1,4,1,0,23,89,31,89,19,13,3,7,6,7,3,6,4,6,4,6,2,4
29,1,4,1,0,9,90,89,19,13,89,6,3,7,3,6,7,1,2,6,2,4,6
29,1,4,1,1,19,13,89,69,13,9,3,6,7,1,6,6,2,4,6,3,4,1
29,1,4,1,1,19,89,13,13,49,82,3,7,6,6,2,3,2,6,4,4,5,5
29,1,4,1,0,74,19,82,89,13,19,2,3,3,7,6,3,3,2,5,6,4,2
29,1,4,1,1,9,89,82,19,89,52,6,7,3,3,7,1,1,6,5,2,6,2
29,1,4,1,1,19,89,52,9,69,89,3,7,1,6,1,7,2,6,2,1,3,6
29,1,4,1,0,90,13,89,89,13,82,3,6,7,7,6,3,2,4,6,6,4,5
29,1,4,1,1,89,9,37,37,89,99,7,6,2,2,7,7,6,1,1,1,6,3
29,1,4,1,0,37,99,89,89,9,69,2,7,7,7,6,1,1,3,6,6,1,3
29,1,4,1,1,89,99,37,9,82,24,7,7,2,6,3,1,6,3,1,1,5,2
29,1,4,1,1,37,99,89,67,89,23,2,7,7,7,7,3,1,3,6,3,6,4
29,1,4,1,1,37,89,99,9,89,15,2,7,7,6,7,1,1,6,3,1,6,3
29,1,4,1,0,36,6,82,89,99,37,6,4,3,7,7,2,1,1,5,6,3,1
29,1,4,1,0,9,89,25,37,89,99,6,7,1,2,7,7,1,6,2,1,6,3
29,1,4,1,1,89,99,37,69,23,31,7,7,2,1,3,6,6,3,1,3,4,4
29,1,4,1,0,29,82,9,37,89,99,0,3,6,2,7,7,5,5,1,1,6,3
4,7,2,5,1,89,44,23,23,55,78,7,5,3,3,1,7,6,5,4,4,2,2
4,7,2,5,1,67,18,10,55,23,78,7,2,2,1,3,7,3,3,1,2,4,2
4,7,2,5,1,55,78,23,69,1,89,1,7,3,1,7,7,2,2,4,3,3,6
4,7,2,5,1,55,78,23,44,76,61,1,7,3,5,3,4,2,2,4,5,1,1
4,7,2,5,1,55,78,23,25,89,16,1,7,3,1,7,5,2,2,4,2,6,3
4,7,2,5,1,41,14,27,55,23,78,5,6,5,1,3,7,3,3,3,2,4,2
4,7,2,5,0,29,89,53,78,23,55,0,7,5,7,3,1,5,6,2,2,4,2
4,7,2,5,0,22,49,60,55,23,78,3,2,4,1,3,7,1,5,1,2,4,2
4,7,2,5,1,6,69,14,55,78,23,4,1,6,1,7,3,1,3,3,2,2,4
4,7,2,5,1,78,23,55,55,25,89,7,3,1,1,1,7,2,4,2,2,2,6
4,7,2,5,1,55,78,23,67,25,93,1,7,3,7,1,1,2,2,4,3,2,1
4,7,2,5,0,16,51,91,55,78,23,5,7,0,1,7,3,3,6,3,2,2,4
4,7,2,5,1,55,23,78,82,25,33,1,3,7,3,1,3,2,4,2,5,2,3
4,7,2,5,1,55,78,23,73,53,27,1,7,3,7,5,5,2,2,4,3,2,3
4,7,2,5,1,55,23,78,55,23,96,1,3,7,1,3,0,2,4,2,2,4,5
4,7,2,5,0,85,61,89,55,78,23,1,4,7,1,7,3,1,1,6,2,2,4
4,7,2,5,1,55,78,23,82,79,25,1,7,3,3,4,1,2,2,4,5,1,2
4,7,2,5,1,25,2,23,55,25,23,1,2,3,1,1,3,2,2,4,2,2,4
4,7,2,5,1,77,90,25,55,89,23,0,3,1,1,7,3,5,2,2,2,6,4
4,7,2,5,0,89,55,23,89,48,55,7,1,3,7,4,1,6,2,4,6,3,2
4,7,2,5,0,78,17,89,89,55,23,7,3,7,7,1,3,2,5,6,6,2,4
4,7,2,5,1,55,23,89,41,90,69,1,3,7,5,3,1,2,4,6,3,2,3
4,7,2,5,0,59,10,71,55,89,23,3,2,4,1,7,3,3,1,1,2,6,4
4,7,2,5,1,55,89,23,92,6,38,1,7,3,2,4,2,2,6,4,3,1,3
32,1,15,1,0,67,58,9,15,95,24,7,2,6,1,3,1,3,3,1,3,3,2
32,1,15,1,0,13,89,74,67,58,52,6,7,2,7,2,1,4,6,3,3,3,2
32,1,15,1,1,58,67,69,69,68,32,2,7,1,1,3,2,3,3,3,3,3,1
32,1,15,1,1,58,88,67,9,90,13,2,3,7,6,3,6,3,0,3,1,2,4
32,1,15,1,0,9,24,13,58,67,88,6,1,6,2,7,3,1,2,4,3,3,0
32,1,15,1,1,58,88,67,32,69,23,2,3,7,2,1,3,3,0,3,1,3,4
32,1,15,1,0,13,29,69,58,67,88,6,0,1,2,7,3,4,5,3,3,3,0
32,1,15,1,0,32,17,9,58,67,88,2,3,6,2,7,3,1,5,1,3,3,0
32,1,15,1,1,67,58,88,13,72,69,7,2,3,6,3,1,3,3,0,4,4,3
32,1,15,1,0,23,13,97,58,67,88,3,6,7,2,7,3,4,4,1,3,3,0
32,1,15,1,1,67,58,82,42,4,51,7,2,3,2,6,7,3,3,5,1,1,6
32,1,15,1,0,34,88,9,67,58,32,1,3,6,7,2,2,3,0,1,3,3,1
32,1,15,1,1,67,58,30,9,32,13,7,2,1,6,2,6,3,3,1,1,1,4
32,1,15,1,0,15,82,55,67,58,90,1,3,1,7,2,3,3,5,2,3,3,2
32,1,15,1,1,67,58,29,9,89,13,7,2,0,6,7,6,3,3,5,1,6,4
32,1,15,1,1,32,67,58,88,13,25,2,7,2,3,6,1,1,3,3,0,4,2
32,1,15,1,1,28,67,58,31,23,82,6,7,2,6,3,3,2,3,3,4,4,5
32,1,15,1,1,69,89,9,65,29,9,1,7,6,1,0,6,3,6,1,3,5,1
32,1,15,1,0,65,31,9,9,13,25,1,6,6,6,6,1,3,4,1,1,4,2
32,1,15,1,0,82,19,98,65,31,9,3,3,2,1,6,6,5,2,3,3,4,1
32,1,15,1,0,9,81,29,65,9,31,6,3,0,1,6,6,1,3,5,3,1,4
32,1,15,1,1,65,31,9,55,9,13,1,6,6,1,6,6,3,4,1,2,1,4
32,1,15,1,1,65,31,9,9,89,82,1,6,6,6,7,3,3,4,1,1,6,5
23,5,8,3,0,51,9,65,9,89,13,7,6,1,6,7,6,6,1,3,1,6,4
23,5,8,3,0,22,13,9,65,51,9,3,6,6,1,7,6,1,4,1,3,6,1
32,1,15,1,0,32,89,13,9,32,89,2,7,6,6,2,7,1,6,4,1,1,6
32,1,15,1,0,13,82,32,89,32,13,6,3,2,7,2,6,4,5,1,6,1,4
32,1,15,1,1,32,89,13,82,13,32,2,7,6,3,6,2,1,6,4,5,4,1
32,1,15,1,1,24,90,89,89,32,13,1,3,7,7,2,6,2,2,6,6,1,4
32,1,15,1,1,89,13,32,9,13,6,7,6,2,6,6,4,6,4,1,1,4,1
32,1,15,1,1,32,13,89,24,69,89,2,6,7,1,1,7,1,4,6,2,3,6
32,1,15,1,1,89,25,32,23,13,35,7,1,2,3,6,7,6,2,1,4,4,3
32,1,15,1,0,89,29,68,25,32,89,7,0,3,1,2,7,6,5,3,2,1,6
32,1,15,1,1,25,32,89,9,69,89,1,2,7,6,1,7,2,1,6,1,3,6
32,1,15,1,0,82,13,9,25,32,89,3,6,6,1,2,7,5,4,1,2,1,6
32,1,15,1,0,87,82,9,25,32,89,1,3,6,1,2,7,1,5,1,2,1,6
32,1,15,1,1,89,13,25,25,32,89,7,6,1,1,2,7,6,4,2,2,1,6
32,1,15,1,1,32,25,89,13,9,46,2,1,7,6,6,6,1,2,6,4,1,5
32,1,15,1,0,13,89,9,25,89,32,6,7,6,1,7,2,4,6,1,2,6,1
32,1,15,1,0,6,9,82,32,89,25,4,6,3,2,7,1,1,1,5,1,6,2
32,1,15,1,0,36,45,82,32,25,89,6,6,3,2,1,7,1,1,5,1,2,6
32,1,15,1,1,32,25,89,94,13,25,2,1,7,3,6,1,1,2,6,2,4,2
23,5,8,3,0,89,51,66,9,89,30,7,7,1,6,7,1,6,6,3,1,6,1
23,5,8,3,0,9,25,13,9,72,51,6,1,6,6,3,7,1,2,4,1,4,6
29,1,4,1,0,9,25,9,89,82,69,6,1,6,7,3,1,1,2,1,6,5,3
29,1,4,1,1,82,69,89,13,9,69,3,1,7,6,6,1,5,3,6,4,1,3
29,1,4,1,1,69,82,89,82,89,69,1,3,7,3,7,1,3,5,6,5,6,3
29,1,4,1,1,32,87,25,89,69,82,2,1,1,7,1,3,1,1,2,6,3,5
29,1,4,1,0,9,19,69,89,82,69,6,3,1,7,3,1,1,2,3,6,5,3
29,1,4,1,1,69,82,89,89,25,69,1,3,7,7,1,1,3,5,6,6,2,3
29,1,4,1,1,82,69,89,89,9,13,3,1,7,7,6,6,5,3,6,6,1,4
29,1,4,1,1,69,82,89,25,13,26,1,3,7,1,6,6,3,5,6,2,4,5
29,1,4,1,1,89,69,82,13,9,89,7,1,3,6,6,7,6,3,5,4,1,6
29,1,4,1,0,69,89,13,89,82,69,1,7,6,7,3,1,3,6,4,6,5,3
29,1,4,1,1,69,82,89,23,10,72,1,3,7,3,2,3,3,5,6,4,1,4
29,1,4,1,1,82,69,89,89,9,25,3,1,7,7,6,1,5,3,6,6,1,2
29,1,4,1,1,89,69,82,82,32,9,7,1,3,3,2,6,6,3,5,5,1,1
29,1,4,1,1,82,88,9,89,82,69,3,3,6,7,3,1,5,0,1,6,5,3
29,1,4,1,1,69,89,82,9,94,98,1,7,3,6,3,2,3,6,5,1,2,3
29,1,4,1,1,69,82,89,13,94,9,1,3,7,6,3,6,3,5,6,4,2,1
29,1,4,1,1,82,89,6,89,82,9,3,7,4,7,3,6,5,6,1,6,5,1
29,1,4,1,1,25,89,9,82,9,89,1,7,6,3,6,7,2,6,1,5,1,6
29,1,4,1,0,89,9,25,89,82,9,7,6,1,7,3,6,6,1,2,6,5,1
29,1,4,1,1,13,25,89,82,13,89,6,1,7,3,6,7,4,2,6,5,4,6
29,1,4,1,1,13,82,89,24,69,89,6,3,7,1,1,7,4,5,6,2,3,6
29,1,4,1,0,32,9,23,82,89,13,2,6,3,3,7,6,1,1,4,5,6,4
4,7,2,5,1,90,67,12,82,69,51,3,7,4,3,1,7,2,3,4,5,3,6
4,7,2,5,0,67,13,16,55,19,12,7,6,5,1,3,4,3,4,3,2,2,4
4,7,2,5,0,16,20,31,16,13,67,5,3,6,5,6,7,3,3,4,3,4,3
4,7,2,5,0,16,67,82,82,13,69,5,7,3,3,6,1,3,3,5,5,4,3
4,7,2,5,0,67,92,81,23,25,88,7,2,3,3,1,3,3,3,3,4,2,0
4,7,2,5,0,92,3,67,89,69,79,2,4,7,7,1,4,3,1,3,6,3,1
4,7,2,5,1,3,67,92,37,29,0,4,7,2,2,0,3,1,3,3,1,5,5
4,7,2,5,1,79,25,15,67,3,92,4,1,1,7,4,2,1,2,3,3,1,3
32,1,15,1,1,13,6,89,25,19,92,6,4,7,1,3,2,4,1,6,2,2,3
32,1,15,1,1,24,13,17,92,25,19,1,6,3,2,1,3,2,4,5,3,2,2
32,1,15,1,1,19,25,92,9,81,82,3,1,2,6,3,3,2,2,3,1,3,5
32,1,15,1,1,92,25,19,9,69,32,2,1,3,6,1,2,3,2,2,1,3,1
32,1,15,1,0,19,25,92,13,85,9,3,1,2,6,1,6,2,2,3,4,1,1
32,1,15,1,1,25,19,92,19,9,32,1,3,2,3,6,2,2,2,3,2,1,1
32,1,15,1,0,32,31,9,31,25,13,2,6,6,6,1,6,1,4,1,4,2,4
32,1,15,1,0,95,9,25,31,25,9,3,6,1,6,1,6,3,1,2,4,2,1
32,1,15,1,1,25,31,69,24,42,82,1,6,1,1,2,3,2,4,3,2,1,5
32,1,15,1,0,29,27,82,31,25,82,0,5,3,6,1,3,5,3,5,4,2,5
32,1,15,1,0,9,89,69,13,25,9,6,7,1,6,1,6,1,6,3,4,2,1
32,1,15,1,0,13,29,9,25,13,9,6,0,6,1,6,6,4,5,1,2,4,1
32,1,15,1,0,15,13,32,13,25,69,1,6,2,6,1,1,3,4,1,4,2,3
32,1,15,1,1,13,89,19,25,19,82,6,7,3,1,3,3,4,6,2,2,2,5
32,1,15,1,0,25,19,69,13,32,69,1,3,1,6,2,1,2,2,3,4,1,3
29,1,4,1,1,9,88,25,29,77,23,6,3,1,0,0,3,1,0,2,5,5,4
17,0,8,0,0,12,96,66,41,27,50,4,0,1,5,5,0,4,5,3,3,3,3
17,0,8,0,1,41,27,85,52,69,89,5,5,1,1,1,7,3,3,1,2,3,6
20,6,14,4,0,52,89,11,36,18,27,1,7,4,6,2,5,2,6,1,1,3,3
10,4,10,2,0,23,69,55,27,48,69,3,1,1,5,4,1,4,3,2,3,3,3
10,4,10,2,0,89,90,16,27,48,69,7,3,5,5,4,1,6,2,3,3,3,3
29,1,4,1,1,18,27,69,22,10,69,2,5,1,3,2,1,3,3,3,1,1,3
4,7,2,5,1,81,16,8,61,9,29,3,5,5,4,6,0,3,3,1,1,1,5
4,7,2,5,0,12,7,52,8,81,16,4,4,1,5,3,5,4,1,2,1,3,3
4,7,2,5,1,56,11,30,76,16,18,1,4,1,3,5,2,3,1,1,1,3,3
4,7,2,5,0,78,36,40,18,16,76,7,6,7,2,5,3,2,1,3,3,3,1
4,7,2,5,1,16,18,76,25,3,53,5,2,3,1,4,5,3,3,1,2,1,2
4,7,2,5,0,13,53,43,16,18,76,6,5,0,5,2,3,4,2,1,3,3,1
4,7,2,5,1,16,18,76,3,78,83,5,2,3,4,7,6,3,3,1,1,2,4
4,7,2,5,1,16,76,18,44,98,1,5,3,2,5,2,7,3,1,3,5,3,3
4,7,2,5,0,55,79,69,18,16,76,1,4,1,2,5,3,2,1,3,3,3,1
4,7,2,5,0,6,88,12,16,18,76,4,3,4,5,2,3,1,0,4,3,3,1
4,7,2,5,0,69,92,25,18,16,76,1,2,1,2,5,3,3,3,2,3,3,1
4,7,2,5,0,38,71,30,18,16,76,2,4,1,2,5,3,3,1,1,3,3,1
4,7,2,5,0,79,74,32,16,76,18,4,2,2,5,3,2,1,3,1,3,1,3
4,7,2,5,1,16,76,18,56,55,30,5,3,2,1,1,1,3,1,3,3,2,1
4,7,2,5,0,23,15,71,18,16,76,3,1,4,2,5,3,4,3,1,3,3,1
32,1,15,1,0,82,56,24,32,25,36,3,1,1,2,1,6,5,3,2,1,2,1
32,1,15,1,1,82,56,24,82,13,9,3,1,1,3,6,6,5,3,2,5,4,1
32,1,15,1,0,62,13,42,25,19,82,5,6,2,1,3,3,3,4,1,2,2,5
32,1,15,1,0,94,36,9,62,13,42,3,6,6,5,6,2,2,1,1,3,4,1
4,7,2,5,1,69,55,3,71,76,3,1,1,4,4,3,4,3,2,1,1,1,1
4,7,2,5,0,32,55,69,3,76,71,2,1,1,4,3,4,1,2,3,1,1,1
4,7,2,5,0,11,12,56,79,19,16,4,4,1,4,3,5,1,4,3,1,2,3
4,7,2,5,1,19,16,79,55,71,63,3,5,4,1,4,7,2,3,1,2,1,1
4,7,2,5,1,19,79,16,12,54,69,3,4,5,4,0,1,2,1,3,4,1,3
4,7,2,5,1,19,79,16,7,41,27,3,4,5,4,5,5,2,1,3,1,3,3
32,1,15,1,0,82,9,72,95,94,29,3,6,3,3,3,0,5,1,4,3,2,5
32,1,15,1,0,21,90,58,27,94,95,3,3,2,5,3,3,3,2,3,3,2,3
32,1,15,1,1,94,89,29,42,88,95,3,7,0,2,3,3,2,6,5,1,0,3
32,1,15,1,0,13,9,88,88,95,42,6,6,3,3,3,2,4,1,0,0,3,1
32,1,15,1,1,88,95,13,72,9,86,3,3,6,3,6,2,0,3,4,4,1,2
32,1,15,1,0,18,36,9,26,9,89,2,6,6,6,6,7,3,1,1,5,1,6
4,7,2,5,0,79,12,51,25,23,30,4,4,7,1,3,1,1,4,6,2,4,1
4,7,2,5,0,1,76,32,12,79,44,7,3,2,4,4,5,3,1,1,4,1,5
4,7,2,5,1,69,12,56,79,44,12,1,4,1,4,5,4,3,4,3,1,5,4
4,7,2,5,0,3,70,74,79,44,12,4,2,2,4,5,4,1,3,3,1,5,4
4,7,2,5,0,32,25,16,79,17,44,2,1,5,4,3,5,1,2,3,1,5,5
4,7,2,5,0,61,55,30,79,17,44,4,1,1,4,3,5,1,2,1,1,5,5
4,7,2,5,0,79,17,69,30,76,69,4,3,1,1,3,1,1,5,3,1,1,3
4,7,2,5,0,27,69,3,79,17,69,5,1,4,4,3,1,3,3,1,1,5,3
4,7,2,5,1,69,79,17,78,55,89,1,4,3,7,1,7,3,1,5,2,2,6
4,7,2,5,0,3,10,25,69,7,79,4,2,1,1,4,4,1,1,2,3,1,1
4,7,2,5,1,69,7,79,49,89,12,1,4,4,2,7,4,3,1,1,5,6,4
4,7,2,5,0,69,78,13,23,92,43,1,7,6,3,2,0,3,2,4,4,3,1
4,7,2,5,1,82,63,89,92,79,43,3,7,7,2,4,0,5,1,6,3,1,1
32,1,15,1,1,88,69,82,69,23,82,3,1,3,1,3,3,0,3,5,3,4,5
32,1,15,1,1,55,72,52,73,13,52,1,3,1,7,6,1,2,4,2,3,4,2
32,1,15,1,1,32,82,72,83,82,80,2,3,3,6,3,5,1,5,4,4,5,4
32,1,15,1,1,82,96,72,13,82,42,3,0,3,6,3,2,5,5,4,4,5,1
32,1,15,1,0,9,82,13,24,45,89,6,3,6,1,6,7,1,5,4,2,1,6
32,1,15,1,1,24,89,90,32,9,31,1,7,3,2,6,6,2,6,2,1,1,4
32,1,15,1,0,18,19,89,24,90,89,2,3,7,1,3,7,3,2,6,2,2,6
32,1,15,1,0,9,51,89,90,24,89,6,7,7,3,1,7,1,6,6,2,2,6
32,1,15,1,0,24,81,29,24,90,89,1,3,0,1,3,7,2,3,5,2,2,6
32,1,15,1,1,24,90,89,15,34,36,1,3,7,1,1,6,2,2,6,3,3,1
32,1,15,1,1,89,90,19,89,72,9,7,3,3,7,3,6,6,2,2,6,4,1
32,1,15,1,1,19,90,89,89,9,30,3,3,7,7,6,1,2,2,6,6,1,1
32,1,15,1,0,31,69,14,90,19,89,6,1,6,3,3,7,4,3,3,2,2,6
32,1,15,1,0,9,69,82,19,89,32,6,1,3,3,7,2,1,3,5,2,6,1
32,1,15,1,1,19,32,89,9,13,19,3,2,7,6,6,3,2,1,6,1,4,2
32,1,15,1,1,19,89,32,9,89,82,3,7,2,6,7,3,2,6,1,1,6,5
32,1,15,1,0,82,13,30,19,32,89,3,6,1,3,2,7,5,4,1,2,1,6
32,1,15,1,1,19,89,32,46,25,9,3,7,2,6,1,6,2,6,1,5,2,1
32,1,15,1,1,19,32,89,9,24,82,3,2,7,6,1,3,2,1,6,1,2,5
32,1,15,1,1,82,9,83,32,89,19,3,6,6,2,7,3,5,1,4,1,6,2
32,1,15,1,1,19,32,89,69,13,89,3,2,7,1,6,7,2,1,6,3,4,6
32,1,15,1,0,9,89,46,19,32,89,6,7,6,3,2,7,1,6,5,2,1,6
32,1,15,1,0,13,9,89,19,32,89,6,6,7,3,2,7,4,1,6,2,1,6
32,1,15,1,0,23,46,82,32,89,19,3,6,3,2,7,3,4,5,5,1,6,2
32,1,15,1,0,21,82,89,19,32,89,3,3,7,3,2,7,3,5,6,2,1,6
28,2,9,1,1,34,57,78,74,6,25,1,3,7,2,4,1,3,1,2,3,1,2
28,2,9,1,0,69,30,84,67,6,25,1,1,5,7,4,1,3,1,3,3,1,2
28,2,9,1,1,65,67,6,30,55,13,1,7,4,1,1,6,3,3,1,1,2,4
28,2,9,1,1,65,90,6,69,17,82,1,3,4,1,3,3,3,2,1,3,5,5
28,2,9,1,0,43,36,65,90,67,25,0,6,1,3,7,1,1,1,3,2,3,2
28,2,9,1,1,90,65,67,26,23,74,3,1,7,6,3,2,2,3,3,5,4,3
28,2,9,1,0,26,61,34,90,25,65,6,4,1,3,1,1,5,1,3,2,2,3
28,2,9,1,1,26,34,61,18,90,55,6,1,4,2,3,1,5,3,1,3,2,2
28,2,9,1,0,90,25,65,55,90,65,3,1,1,1,3,1,2,2,3,2,2,3
31,3,0,1,0,18,9,6,89,52,23,2,6,4,7,1,3,3,1,1,6,2,4
8,6,13,4,1,17,82,69,89,10,19,3,3,1,7,2,3,5,5,3,6,1,2
4,7,2,5,1,18,41,7,23,27,25,2,5,4,3,5,1,3,3,1,4,3,2
4,7,2,5,1,18,41,7,9,61,1,2,5,4,6,4,7,3,3,1,1,1,3
32,1,15,1,0,89,19,13,72,89,13,7,3,6,3,7,6,6,2,4,4,6,4
32,1,15,1,1,89,13,19,9,29,95,7,6,3,6,0,3,6,4,2,1,5,3
32,1,15,1,0,13,90,9,89,19,13,6,3,6,7,3,6,4,2,1,6,2,4
32,1,15,1,1,19,13,89,77,68,13,3,6,7,0,3,6,2,4,6,5,3,4
32,1,15,1,0,89,19,13,13,9,23,7,3,6,6,6,3,6,2,4,4,1,4
32,1,15,1,1,19,89,13,32,13,25,3,7,6,2,6,1,2,6,4,1,4,2
32,1,15,1,1,89,19,13,94,9,13,7,3,6,3,6,6,6,2,4,2,1,4
32,1,15,1,0,89,19,13,90,82,19,7,3,6,3,3,3,6,2,4,2,5,2
32,1,15,1,0,89,9,13,89,19,13,7,6,6,7,3,6,6,1,4,6,2,4
32,1,15,1,1,19,89,13,88,97,40,3,7,6,3,7,7,2,6,4,0,1,3
32,1,15,1,1,19,89,13,82,89,13,3,7,6,3,7,6,2,6,4,5,6,4
32,1,15,1,1,89,19,13,69,94,32,7,3,6,1,3,2,6,2,4,3,2,1
4,7,2,5,1,78,16,71,71,12,25,7,5,4,4,4,1,2,3,1,1,4,2
4,7,2,5,1,78,16,71,43,76,30,7,5,4,0,3,1,2,3,1,1,1,1
4,7,2,5,1,78,16,71,69,96,6,7,5,4,1,0,4,2,3,1,3,5,1
3,0,13,0,0,83,19,89,96,44,23,6,3,7,0,5,3,4,2,6,5,5,4
4,7,2,5,0,79,69,32,55,79,78,4,1,2,1,4,7,1,3,1,2,1,2
32,1,15,1,0,82,1,6,72,25,90,3,7,4,3,1,3,5,3,1,4,2,2
32,1,15,1,1,23,89,83,6,94,89,3,7,6,4,3,7,4,6,4,1,2,6
32,1,15,1,1,6,94,52,23,82,9,4,3,1,3,3,6,1,2,2,4,5,1
4,7,2,5,1,69,52,36,41,44,55,1,1,6,5,5,1,3,2,1,3,5,2
32,1,15,1,0,46,82,25,82,9,31,6,3,1,3,6,6,5,5,2,5,1,4
32,1,15,1,1,46,25,82,13,25,31,6,1,3,6,1,6,5,2,5,4,2,4
32,1,15,1,0,9,13,52,46,25,82,6,6,1,6,1,3,1,4,2,5,2,5
32,1,15,1,1,46,25,82,27,13,74,6,1,3,5,6,2,5,2,5,3,4,3
32,1,15,1,1,46,82,25,9,69,82,6,3,1,6,1,3,5,5,2,1,3,5
32,1,15,1,1,46,25,82,25,74,58,6,1,3,1,2,2,5,2,5,2,3,3
32,1,15,1,1,46,25,82,9,69,24,6,1,3,6,1,1,5,2,5,1,3,2
32,1,15,1,0,53,9,27,46,25,82,5,6,5,6,1,3,2,1,3,5,2,5
32,1,15,1,1,46,25,82,13,9,82,6,1,3,6,6,3,5,2,5,4,1,5
32,1,15,1,1,46,25,82,69,29,30,6,1,3,1,0,1,5,2,5,3,5,1
32,1,15,1,0,82,24,13,46,25,82,3,1,6,6,1,3,5,2,4,5,2,5
32,1,15,1,1,46,25,82,82,19,36,6,1,3,3,3,6,5,2,5,5,2,1
32,1,15,1,1,25,46,82,23,9,82,1,6,3,3,6,3,2,5,5,4,1,5
32,1,15,1,1,46,25,82,31,19,9,6,1,3,6,3,6,5,2,5,4,2,1
32,1,15,1,0,82,29,9,46,25,82,3,0,6,6,1,3,5,5,1,5,2,5
32,1,15,1,0,82,68,1,46,25,82,3,3,7,6,1,3,5,3,3,5,2,5
32,1,15,1,1,46,25,82,69,9,82,6,1,3,1,6,3,5,2,5,3,1,5
32,1,15,1,1,46,25,82,54,19,82,6,1,3,0,3,3,5,2,5,1,2,5
4,7,2,5,1,6,55,52,79,69,19,4,1,1,4,1,3,1,2,2,1,3,2
4,7,2,5,1,6,55,76,32,52,62,4,1,3,2,1,5,1,2,1,1,2,3
13,7,1,5,0,74,77,79,90,66,15,2,0,4,3,1,1,3,5,1,2,3,3
29,1,4,1,1,82,9,29,31,89,9,3,6,0,6,7,6,5,1,5,4,6,1
29,1,4,1,0,69,13,9,89,17,32,1,6,6,7,3,2,3,4,1,6,5,1
29,1,4,1,0,13,19,25,89,17,81,6,3,1,7,3,3,4,2,2,6,5,3
4,7,2,5,1,25,23,44,85,70,89,1,3,5,1,2,7,2,4,5,1,3,6
4,7,2,5,0,61,55,12,41,44,56,4,1,4,5,5,1,1,2,4,3,5,3
4,7,2,5,1,44,69,77,96,88,5,5,1,0,0,3,0,5,3,5,5,0,4
4,7,2,5,1,63,32,92,63,25,44,7,2,2,7,1,5,1,1,3,1,2,5
4,7,2,5,0,55,61,44,56,83,55,1,4,5,1,6,1,2,1,5,3,4,2
4,7,2,5,1,77,3,1,61,51,44,0,4,7,4,7,5,5,1,3,1,6,5
32,1,15,1,1,72,82,4,63,36,96,3,3,6,7,6,0,4,5,1,1,1,5
32,1,15,1,1,69,72,4,32,31,9,1,3,6,2,6,6,3,4,1,1,4,1
32,1,15,1,0,23,82,29,4,83,13,3,3,0,6,6,6,4,5,5,1,4,4
32,1,15,1,1,89,9,13,9,4,69,7,6,6,6,6,1,6,1,4,1,1,3
32,1,15,1,1,4,13,29,34,6,94,6,6,0,1,4,3,1,4,5,3,1,2
32,1,15,1,0,97,4,26,10,27,72,7,6,6,2,5,3,1,1,5,1,3,4
32,1,15,1,1,88,80,4,46,90,89,3,5,6,6,3,7,0,4,1,5,2,6
13,7,1,5,1,56,78,24,56,25,89,1,7,1,1,1,7,3,2,2,3,2,6
23,5,8,3,0,61,15,9,0,9,24,4,1,6,3,6,1,1,3,1,5,1,2
23,5,8,3,1,9,24,13,49,77,13,6,1,6,2,0,6,1,2,4,5,5,4
29,1,4,1,1,25,24,89,69,73,53,1,1,7,1,7,5,2,2,6,3,3,2
29,1,4,1,0,53,13,9,25,89,24,5,6,6,1,7,1,2,4,1,2,6,2
29,1,4,1,1,25,24,89,67,89,82,1,1,7,7,7,3,2,2,6,3,6,5
29,1,4,1,1,25,24,89,45,9,13,1,1,7,6,6,6,2,2,6,1,1,4
29,1,4,1,1,25,87,89,25,24,89,1,1,7,1,1,7,2,1,6,2,2,6
29,1,4,1,0,89,25,82,25,24,89,7,1,3,1,1,7,6,2,5,2,2,6
29,1,4,1,1,89,24,25,89,9,32,7,1,1,7,6,2,6,2,2,6,1,1
29,1,4,1,0,82,19,68,25,24,89,3,3,3,1,1,7,5,2,3,2,2,6
29,1,4,1,1,25,24,89,32,89,9,1,1,7,2,7,6,2,2,6,1,6,1
32,1,15,1,1,82,89,87,89,9,82,3,7,1,7,6,3,5,6,1,6,1,5
32,1,15,1,0,13,46,82,87,82,89,6,6,3,1,3,7,4,5,5,1,5,6
32,1,15,1,1,87,89,82,9,23,13,1,7,3,6,3,6,1,6,5,1,4,4
32,1,15,1,1,87,89,82,82,9,56,1,7,3,3,6,1,1,6,5,5,1,3
32,1,15,1,1,87,89,82,74,88,89,1,7,3,2,3,7,1,6,5,3,0,6
32,1,15,1,1,87,89,82,24,25,9,1,7,3,1,1,6,1,6,5,2,2,1
32,1,15,1,1,23,82,90,89,13,87,3,3,3,7,6,1,4,5,2,6,4,1
4,7,2,5,0,42,79,38,10,55,25,2,4,2,2,1,1,1,1,3,1,2,2
4,7,2,5,1,10,55,25,17,40,13,2,1,1,3,7,6,1,2,2,5,3,4
4,7,2,5,1,10,55,25,53,89,9,2,1,1,5,7,6,1,2,2,2,6,1
4,7,2,5,0,82,79,89,10,55,25,3,4,7,2,1,1,5,1,6,1,2,2
32,1,15,1,0,82,13,9,87,82,19,3,6,6,1,3,3,5,4,1,1,5,2
32,1,15,1,0,55,27,9,82,13,9,1,5,6,3,6,6,2,3,1,5,4,1
32,1,15,1,0,89,80,36,82,13,9,7,5,6,3,6,6,6,4,1,5,4,1
32,1,15,1,0,13,96,25,13,82,9,6,0,1,6,3,6,4,5,2,4,5,1
32,1,15,1,1,25,24,36,13,82,19,1,1,6,6,3,3,2,2,1,4,5,2
32,1,15,1,1,4,9,82,82,13,9,6,6,3,3,6,6,1,1,5,5,4,1
32,1,15,1,0,32,13,82,9,82,13,2,6,3,6,3,6,1,4,5,1,5,4
32,1,15,1,1,13,32,9,46,82,9,6,2,6,6,3,6,4,1,1,5,5,1
32,1,15,1,0,9,51,82,46,82,9,6,7,3,6,3,6,1,6,5,5,5,1
32,1,15,1,1,51,46,82,69,89,13,7,6,3,1,7,6,6,5,5,3,6,4
32,1,15,1,0,9,29,90,9,89,82,6,0,3,6,7,3,1,5,2,1,6,5
32,1,15,1,1,9,69,27,89,31,82,6,1,5,7,6,3,1,3,3,6,4,5
32,1,15,1,1,82,31,89,13,72,9,3,6,7,6,3,6,5,4,6,4,4,1
32,1,15,1,1,13,74,34,82,89,9,6,2,1,3,7,6,4,3,3,5,6,1
29,1,4,1,1,9,51,34,59,29,88,6,7,1,3,0,3,1,6,3,3,5,0
29,1,4,1,0,55,73,69,59,29,88,1,7,1,3,0,3,2,3,3,3,5,0
29,1,4,1,1,59,29,88,13,95,34,3,0,3,6,3,1,3,5,0,4,3,3
29,1,4,1,0,89,9,19,59,29,88,7,6,3,3,0,3,6,1,2,3,5,0
29,1,4,1,0,59,29,88,36,89,87,3,0,3,6,7,1,3,5,0,1,6,1
29,1,4,1,1,59,29,88,45,16,9,3,0,3,6,5,6,3,5,0,1,3,1
29,1,4,1,1,59,29,88,7,70,34,3,0,3,4,2,1,3,5,0,1,3,3
29,1,4,1,1,59,5,32,31,13,9,3,0,2,6,6,6,3,4,1,4,4,1
29,1,4,1,1,81,5,2,25,67,55,3,0,2,1,7,1,3,4,2,2,3,2
29,1,4,1,0,32,72,69,81,5,2,2,3,1,3,0,2,1,4,3,3,4,2
4,7,2,5,0,17,34,12,77,12,55,3,1,4,0,4,1,5,3,4,5,4,2
4,7,2,5,0,16,7,78,55,79,12,5,4,7,1,4,4,3,1,2,2,1,4
4,7,2,5,0,43,25,66,25,12,94,0,1,1,1,4,3,1,2,3,2,4,2
4,7,2,5,1,87,80,54,49,16,12,1,5,0,2,5,4,1,4,1,5,3,4
2,3,0,1,1,41,93,12,41,89,29,5,1,4,5,7,0,3,1,4,3,6,5
2,3,0,1,1,93,45,77,85,29,63,1,6,0,1,0,7,1,1,5,1,5,1
32,1,15,1,1,94,24,82,82,36,31,3,1,3,3,6,6,2,2,5,5,1,4
32,1,15,1,1,10,4,9,82,32,36,2,6,6,3,2,6,1,1,1,5,1,1
32,1,15,1,1,98,24,90,36,9,69,2,1,3,6,6,1,3,2,2,1,1,3
4,7,2,5,0,55,79,7,16,21,76,1,4,4,5,3,3,2,1,1,3,3,1
4,7,2,5,0,53,24,80,16,25,79,5,1,5,5,1,4,2,2,4,3,2,1
4,7,2,5,1,43,55,30,16,56,79,0,1,1,5,1,4,1,2,1,3,3,1
4,7,2,5,1,43,55,69,23,79,25,0,1,1,3,4,1,1,2,3,4,1,2
4,7,2,5,0,51,30,23,79,43,30,7,1,3,4,0,1,6,1,4,1,1,1
4,7,2,5,0,29,9,30,12,56,43,0,6,1,4,1,0,5,1,1,4,3,1
32,1,15,1,1,9,88,25,32,82,9,6,3,1,2,3,6,1,0,2,1,5,1
32,1,15,1,0,82,13,89,9,88,25,3,6,7,6,3,1,5,4,6,1,0,2
32,1,15,1,0,9,13,31,9,25,88,6,6,6,6,1,3,1,4,4,1,2,0
32,1,15,1,0,87,88,9,25,9,88,1,3,6,1,6,3,1,0,1,2,1,0
32,1,15,1,0,13,9,82,9,25,88,6,6,3,6,1,3,4,1,5,1,2,0
32,1,15,1,1,9,25,88,82,89,9,6,1,3,3,7,6,1,2,0,5,6,1
32,1,15,1,1,89,25,23,13,82,88,7,1,3,6,3,3,6,2,4,4,5,0
32,1,15,1,0,9,87,42,13,82,88,6,1,2,6,3,3,1,1,1,4,5,0
32,1,15,1,1,82,88,13,13,36,31,3,3,6,6,6,6,5,0,4,4,1,4
32,1,15,1,0,9,36,13,82,13,88,6,6,6,3,6,3,1,1,4,5,4,0
32,1,15,1,1,88,82,13,82,9,13,3,3,6,3,6,6,0,5,4,5,1,4
32,1,15,1,1,82,97,72,13,69,9,3,7,3,6,1,6,5,1,4,4,3,1
32,1,15,1,1,82,97,24,89,13,9,3,7,1,7,6,6,5,1,2,6,4,1
32,1,15,1,0,13,74,29,82,24,97,6,2,0,3,1,7,4,3,5,5,2,1
32,1,15,1,0,9,82,24,97,24,82,6,3,1,7,1,3,1,5,2,1,2,5
32,1,15,1,1,89,82,9,24,97,82,7,3,6,1,7,3,6,5,1,2,1,5
32,1,15,1,1,82,24,97,9,25,13,3,1,7,6,1,6,5,2,1,1,2,4
32,1,15,1,0,13,6,88,82,97,95,6,4,3,3,7,3,4,1,0,5,1,3
32,1,15,1,1,82,97,95,9,89,13,3,7,3,6,7,6,5,1,3,1,6,4
32,1,15,1,1,97,82,95,19,9,98,7,3,3,3,6,2,1,5,3,2,1,3
32,1,15,1,1,95,97,82,13,36,69,3,7,3,6,6,1,3,1,5,4,1,3
32,1,15,1,0,9,82,10,82,97,86,6,3,2,3,7,2,1,5,1,5,1,2
32,1,15,1,0,17,9,89,82,97,86,3,6,7,3,7,2,5,1,6,5,1,2
32,1,15,1,0,82,86,97,9,32,13,3,2,7,6,2,6,5,2,1,1,1,4
29,1,4,1,1,89,42,93,69,17,13,7,2,1,1,3,6,6,1,1,3,5,4
29,1,4,1,0,9,98,69,89,93,42,6,2,1,7,1,2,1,3,3,6,1,1
29,1,4,1,1,89,93,42,82,9,36,7,1,2,3,6,6,6,1,1,5,1,1
29,1,4,1,1,9,6,89,89,42,93,6,4,7,7,2,1,1,1,6,6,1,1
29,1,4,1,0,9,82,89,89,93,42,6,3,7,7,1,2,1,5,6,6,1,1
29,1,4,1,1,93,42,89,23,95,13,1,2,7,3,3,6,1,1,6,4,3,4
29,1,4,1,1,42,93,89,9,69,82,2,1,7,6,1,3,1,1,6,1,3,5
29,1,4,1,1,89,93,42,32,9,13,7,1,2,2,6,6,6,1,1,1,1,4
29,1,4,1,0,82,89,13,89,93,42,3,7,6,7,1,2,5,6,4,6,1,1
29,1,4,1,0,36,69,9,93,42,89,6,1,6,1,2,7,1,3,1,1,1,6
29,1,4,1,0,30,72,23,89,93,42,1,3,3,7,1,2,1,4,4,6,1,1
29,1,4,1,1,93,42,89,42,88,89,1,2,7,2,3,7,1,1,6,1,0,6
29,1,4,1,1,89,93,42,89,82,91,7,1,2,7,3,0,6,1,1,6,5,3
29,1,4,1,0,89,93,42,19,89,9,7,1,2,3,7,6,6,1,1,2,6,1
29,1,4,1,1,89,93,42,13,69,9,7,1,2,6,1,6,6,1,1,4,3,1
29,1,4,1,1,89,93,42,25,9,29,7,1,2,1,6,0,6,1,1,2,1,5
29,1,4,1,1,89,93,42,72,9,31,7,1,2,3,6,6,6,1,1,4,1,4
29,1,4,1,0,89,34,82,89,42,93,7,1,3,7,2,1,6,3,5,6,1,1
29,1,4,1,1,89,42,93,10,13,69,7,2,1,2,6,1,6,1,1,1,4,3
29,1,4,1,0,52,27,9,93,42,89,1,5,6,1,2,7,2,3,1,1,1,6
29,1,4,1,0,9,69,25,89,93,42,6,1,1,7,1,2,1,3,2,6,1,1
29,1,4,1,0,69,19,9,89,93,42,1,3,6,7,1,2,3,2,1,6,1,1
29,1,4,1,0,82,9,96,89,93,42,3,6,0,7,1,2,5,1,5,6,1,1
32,1,15,1,1,9,89,69,82,21,36,6,7,1,3,3,6,1,6,3,5,3,1
32,1,15,1,1,13,69,89,89,36,23,6,1,7,7,6,3,4,3,6,6,1,4
32,1,15,1,1,89,36,19,13,87,69,7,6,3,6,1,1,6,1,2,4,1,3
32,1,15,1,1,88,89,36,82,30,89,3,7,6,3,1,7,0,6,1,5,1,6
32,1,15,1,1,13,36,89,88,90,9,6,6,7,3,3,6,4,1,6,0,2,1
32,1,15,1,0,89,36,9,9,15,36,7,6,6,6,1,6,6,1,1,1,3,1
32,1,15,1,1,36,82,9,9,89,87,6,3,6,6,7,1,1,5,1,1,6,1
32,1,15,1,1,89,87,9,13,74,69,7,1,6,6,2,1,6,1,1,4,3,3
32,1,15,1,1,32,89,87,9,32,42,2,7,1,6,2,2,1,6,1,1,1,1
32,1,15,1,0,69,26,13,32,82,13,1,6,6,2,3,6,3,5,4,1,5,4
32,1,15,1,0,69,26,9,9,32,26,1,6,6,6,2,6,3,5,1,1,1,5
32,1,15,1,1,69,69,26,13,29,42,1,1,6,6,0,2,3,3,5,4,5,1
32,1,15,1,1,89,13,9,69,88,9,7,6,6,1,3,6,6,4,1,3,0,1
32,1,15,1,0,69,94,52,89,13,82,1,3,1,7,6,3,3,2,2,6,4,5
32,1,15,1,0,15,13,94,69,94,32,1,6,3,1,3,2,3,4,2,3,2,1
32,1,15,1,1,69,94,29,32,56,82,1,3,0,2,1,3,3,2,5,1,3,5
32,1,15,1,0,9,82,24,31,90,94,6,3,1,6,3,3,1,5,2,4,2,2
32,1,15,1,0,27,36,94,89,88,23,5,6,3,7,3,3,3,1,2,6,0,4
32,1,15,1,0,80,29,72,9,36,94,5,0,3,6,6,3,4,5,4,1,1,2
32,1,15,1,1,94,36,32,13,31,27,3,6,2,6,6,5,2,1,1,4,4,3
32,1,15,1,1,56,10,94,13,14,34,1,2,3,6,6,1,3,1,2,4,3,3
32,1,15,1,1,94,94,69,69,9,89,3,3,1,1,6,7,2,2,3,3,1,6
32,1,15,1,1,94,27,9,88,31,30,3,5,6,3,6,1,2,3,1,0,4,1
32,1,15,1,1,10,34,36,94,36,52,2,1,6,3,6,1,1,3,1,2,1,2
32,1,15,1,1,13,9,32,98,72,60,6,6,2,2,3,4,4,1,1,3,4,1
32,1,15,1,0,96,9,82,60,72,9,0,6,3,4,3,6,5,1,5,1,4,1
32,1,15,1,0,31,9,69,72,60,13,6,6,1,3,4,6,4,1,3,4,1,4
32,1,15,1,1,60,72,19,89,9,69,4,3,3,7,6,1,1,4,2,6,1,3
32,1,15,1,0,15,24,55,60,72,13,1,1,1,4,3,6,3,2,2,1,4,4
32,1,15,1,1,90,25,13,72,60,13,3,1,6,3,4,6,2,2,4,4,1,4
32,1,15,1,0,69,46,9,23,72,60,1,6,6,3,3,4,3,5,1,4,4,1
32,1,15,1,1,72,60,19,55,9,13,3,4,3,1,6,6,4,1,2,2,1,4
32,1,15,1,1,72,60,9,27,18,9,3,4,6,5,2,6,4,1,1,3,3,1
32,1,15,1,1,72,60,69,36,9,90,3,4,1,6,6,3,4,1,3,1,1,2
32,1,15,1,1,72,60,13,82,13,2,3,4,6,3,6,2,4,1,4,5,4,2
32,1,15,1,0,26,89,82,72,60,9,6,7,3,3,4,6,5,6,5,4,1,1
32,1,15,1,1,31,72,60,36,89,19,6,3,4,6,7,3,4,4,1,1,6,2
32,1,15,1,0,23,94,89,72,60,34,3,3,7,3,4,1,4,2,6,4,1,3
32,1,15,1,1,72,60,62,82,13,24,3,4,5,3,6,1,4,1,3,5,4,2
32,1,15,1,0,52,27,69,9,72,60,1,5,1,6,3,4,2,3,3,1,4,1
32,1,15,1,1,60,72,34,82,94,23,4,3,1,3,3,3,1,4,3,5,2,4
32,1,15,1,1,60,72,28,82,42,9,4,3,6,3,2,6,1,4,2,5,1,1
32,1,15,1,0,27,31,36,72,60,53,5,6,6,3,4,5,3,4,1,4,1,2
32,1,15,1,1,72,60,69,80,9,37,3,4,1,5,6,2,4,1,3,4,1,1
32,1,15,1,1,72,60,9,95,9,25,3,4,6,3,6,1,4,1,1,3,1,2
32,1,15,1,1,31,82,80,13,18,30,6,3,5,6,2,1,4,5,4,4,3,1
32,1,15,1,1,18,13,90,13,82,69,2,6,3,6,3,1,3,4,2,4,5,3
4,7,2,5,1,61,89,55,82,79,76,4,7,1,3,4,3,1,6,2,5,1,1
4,7,2,5,1,55,61,89,89,25,69,1,4,7,7,1,1,2,1,6,6,2,3
4,7,2,5,1,4,92,88,61,40,56,6,2,3,4,7,1,1,3,0,1,3,3
32,1,15,1,1,95,74,23,90,89,82,3,2,3,3,7,3,3,3,4,2,6,5
32,1,15,1,0,9,42,82,95,23,74,6,2,3,3,3,2,1,1,5,3,4,3
32,1,15,1,1,74,95,23,69,32,13,2,3,3,1,2,6,3,3,4,3,1,4
32,1,15,1,0,13,82,27,32,19,13,6,3,5,2,3,6,4,5,3,1,2,4
32,1,15,1,1,32,19,13,82,32,9,2,3,6,3,2,6,1,2,4,5,1,1
32,1,15,1,1,32,19,13,9,93,87,2,3,6,6,1,1,1,2,4,1,1,1
32,1,15,1,0,81,82,88,19,32,13,3,3,3,3,2,6,3,5,0,2,1,4
32,1,15,1,0,32,19,9,69,13,26,2,3,6,1,6,6,1,2,1,3,4,5
32,1,15,1,1,13,9,34,32,19,13,6,6,1,2,3,6,4,1,3,1,2,4
32,1,15,1,1,13,19,32,9,82,13,6,3,2,6,3,6,4,2,1,1,5,4
32,1,15,1,0,32,19,9,24,15,89,2,3,6,1,1,7,1,2,1,2,3,6
32,1,15,1,0,9,88,36,9,32,19,6,3,6,6,2,3,1,0,1,1,1,2
32,1,15,1,1,32,19,25,9,13,89,2,3,1,6,6,7,1,2,2,1,4,6
32,1,15,1,1,90,32,9,82,89,67,3,2,6,3,7,7,2,1,1,5,6,3
32,1,15,1,0,24,32,19,9,82,25,1,2,3,6,3,1,2,1,2,1,5,2
32,1,15,1,1,69,32,19,13,82,90,1,2,3,6,3,3,3,1,2,4,5,2
32,1,15,1,0,32,19,13,89,23,68,2,3,6,7,3,3,1,2,4,6,4,3
32,1,15,1,1,1,9,13,32,19,9,7,6,6,2,3,6,3,1,4,1,2,1
32,1,15,1,0,31,88,9,32,19,9,6,3,6,2,3,6,4,0,1,1,2,1
32,1,15,1,1,32,19,82,13,94,82,2,3,3,6,3,3,1,2,5,4,2,5
32,1,15,1,1,32,19,9,87,59,12,2,3,6,1,3,4,1,2,1,1,3,4
4,7,2,5,0,86,89,38,79,23,53,2,7,2,4,3,5,2,6,3,1,4,2
4,7,2,5,1,90,89,74,86,61,51,3,7,2,2,4,7,2,6,3,2,1,6
32,1,15,1,1,82,34,69,89,87,24,3,1,1,7,1,1,5,3,3,6,1,2
32,1,15,1,1,87,89,24,82,46,31,1,7,1,3,6,6,1,6,2,5,5,4
32,1,15,1,1,89,24,87,23,34,9,7,1,1,3,1,6,6,2,1,4,3,1
32,1,15,1,1,87,89,24,82,80,9,1,7,1,3,5,6,1,6,2,5,4,1
32,1,15,1,1,87,24,89,36,32,88,1,1,7,6,2,3,1,2,6,1,1,0
32,1,15,1,1,9,10,69,87,89,24,6,2,1,1,7,1,1,1,3,1,6,2
32,1,15,1,1,87,24,89,13,89,10,1,1,7,6,7,2,1,2,6,4,6,1
31,3,0,1,1,65,13,67,9,25,86,1,6,7,6,1,2,3,4,3,1,2,2
6,7,12,5,1,29,10,62,26,78,79,0,2,5,6,7,4,5,1,3,5,2,1
6,7,12,5,1,62,81,10,89,55,12,5,3,2,7,1,4,3,3,1,6,2,4
8,6,13,4,1,69,89,10,9,8,29,1,7,2,6,5,0,3,6,1,1,1,5
6,7,12,5,0,23,79,78,69,55,61,3,4,7,1,1,4,4,1,2,3,2,1
31,3,0,1,0,9,2,41,65,89,93,6,2,5,1,7,1,1,2,3,3,6,1
30,1,4,1,1,78,89,36,69,42,25,7,7,6,1,2,1,2,6,1,3,1,2
30,1,4,1,1,19,82,9,69,25,42,3,3,6,1,1,2,2,5,1,3,2,1
30,1,4,1,0,26,13,18,69,42,25,6,6,2,1,2,1,5,4,3,3,1,2
30,1,4,1,1,72,25,69,69,25,42,3,1,1,1,1,2,4,2,3,3,2,1
30,1,4,1,0,77,37,31,69,42,25,0,2,6,1,2,1,5,1,4,3,1,2
30,1,4,1,1,69,25,42,34,89,13,1,1,2,1,7,6,3,2,1,3,6,4
30,1,4,1,1,69,89,65,69,42,25,1,7,1,1,2,1,3,6,3,3,1,2
30,1,4,1,1,42,25,69,25,82,9,2,1,1,1,3,6,1,2,3,2,5,1
30,1,4,1,0,34,9,26,25,69,42,1,6,6,1,1,2,3,1,5,2,3,1
30,1,4,1,1,42,69,25,29,89,65,2,1,1,0,7,1,1,3,2,5,6,3
30,1,4,1,1,42,69,25,36,26,23,2,1,1,6,6,3,1,3,2,1,5,4
30,1,4,1,0,69,25,42,58,85,34,1,1,2,2,1,1,3,2,1,3,1,3
30,1,4,1,0,9,89,36,69,42,25,6,7,6,1,2,1,1,6,1,3,1,2
30,1,4,1,1,69,42,25,9,69,87,1,2,1,6,1,1,3,1,2,1,3,1
30,1,4,1,0,9,36,25,42,69,25,6,6,1,2,1,1,1,1,2,1,3,2
30,1,4,1,0,69,25,74,42,25,69,1,1,2,2,1,1,3,2,3,1,2,3
30,1,4,1,1,42,25,69,9,89,13,2,1,1,6,7,6,1,2,3,1,6,4
30,1,4,1,0,93,30,82,42,25,69,1,1,3,2,1,1,1,1,5,1,2,3
30,1,4,1,0,42,46,89,42,25,69,2,6,7,2,1,1,1,5,6,1,2,3
32,1,15,1,0,6,88,95,82,9,89,4,3,3,3,6,7,1,0,3,5,1,6
32,1,15,1,1,89,72,82,95,6,88,7,3,3,3,4,3,6,4,5,3,1,0
32,1,15,1,0,32,62,36,15,67,13,2,5,6,1,7,6,1,3,1,3,3,4
32,1,15,1,0,62,36,32,88,82,9,5,6,2,3,3,6,3,1,1,0,5,1
32,1,15,1,1,62,32,36,59,65,89,5,2,6,3,1,7,3,1,1,3,3,6
32,1,15,1,1,32,36,62,13,31,36,2,6,5,6,6,6,1,1,3,4,4,1
32,1,15,1,0,9,69,89,62,32,36,6,1,7,5,2,6,1,3,6,3,1,1
32,1,15,1,1,32,62,36,82,23,72,2,5,6,3,3,3,1,3,1,5,4,4
32,1,15,1,0,32,36,62,88,82,89,2,6,5,3,3,7,1,1,3,0,5,6
32,1,15,1,1,62,36,32,69,13,25,5,6,2,1,6,1,3,1,1,3,4,2
32,1,15,1,1,62,32,36,9,82,29,5,2,6,6,3,0,3,1,1,1,5,5
32,1,15,1,1,62,32,36,82,72,9,5,2,6,3,3,6,3,1,1,5,4,1
32,1,15,1,1,62,32,36,36,13,9,5,2,6,6,6,6,3,1,1,1,4,1
32,1,15,1,1,62,32,36,62,32,19,5,2,6,5,2,3,3,1,1,3,1,2
32,1,15,1,0,82,13,9,62,32,36,3,6,6,5,2,6,5,4,1,3,1,1
32,1,15,1,1,32,36,62,27,80,95,2,6,5,5,5,3,1,1,3,3,4,3
32,1,15,1,1,32,62,36,89,98,9,2,5,6,7,2,6,1,3,1,6,3,1
32,1,15,1,1,32,36,62,82,69,9,2,6,5,3,1,6,1,1,3,5,3,1
32,1,15,1,1,62,36,32,36,46,89,5,6,2,6,6,7,3,1,1,1,5,6
32,1,15,1,0,9,30,60,62,32,36,6,1,4,5,2,6,1,1,1,3,1,1
32,1,15,1,0,89,82,24,32,36,62,7,3,1,2,6,5,6,5,2,1,1,3
32,1,15,1,0,13,80,9,62,36,32,6,5,6,5,6,2,4,4,1,3,1,1
32,1,15,1,0,13,82,24,36,32,62,6,3,1,6,2,5,4,5,2,1,1,3
32,1,15,1,1,62,36,32,96,90,9,5,6,2,0,3,6,3,1,1,5,2,1
32,1,15,1,0,82,32,9,62,32,36,3,2,6,5,2,6,5,1,1,3,1,1
32,1,15,1,0,93,22,88,42,13,90,1,3,3,2,6,3,1,1,0,1,4,2
32,1,15,1,0,31,46,82,93,22,88,6,6,3,1,3,3,4,5,5,1,1,0
32,1,15,1,1,13,74,89,9,30,72,6,2,7,6,1,3,4,3,6,1,1,4
32,1,15,1,0,31,9,82,69,36,13,6,6,3,1,6,6,4,1,5,3,1,4
32,1,15,1,1,13,69,52,36,94,96,6,1,1,6,3,0,4,3,2,1,2,5
32,1,15,1,1,23,69,52,9,46,30,3,1,1,6,6,1,4,3,2,1,5,1
32,1,15,1,1,82,69,16,0,9,19,3,1,5,3,6,3,5,3,3,5,1,2
32,1,15,1,0,13,80,9,29,49,9,6,5,6,0,2,6,4,4,1,5,5,1
32,1,15,1,0,89,25,13,25,9,82,7,1,6,1,6,3,6,2,4,2,1,5
32,1,15,1,0,82,13,29,6,9,95,3,6,0,4,6,3,5,4,5,1,1,3
32,1,15,1,0,9,82,69,6,9,95,6,3,1,4,6,3,1,5,3,1,1,3
32,1,15,1,1,6,95,9,42,82,9,4,3,6,2,3,6,1,3,1,1,5,1
32,1,15,1,1,6,9,95,90,34,13,4,6,3,3,1,6,1,1,3,2,3,4
32,1,15,1,1,76,64,95,29,82,13,3,6,3,0,3,6,1,2,3,5,5,4
32,1,15,1,0,13,90,9,76,95,64,6,3,6,3,3,6,4,2,1,1,3,2
32,1,15,1,1,76,95,58,15,23,13,3,3,2,1,3,6,1,3,3,3,4,4
32,1,15,1,1,76,36,7,13,69,9,3,6,4,6,1,6,1,1,1,4,3,1
32,1,15,1,1,76,36,7,49,69,13,3,6,4,2,1,6,1,1,1,5,3,4
32,1,15,1,1,76,36,7,87,82,9,3,6,4,1,3,6,1,1,1,1,5,1
32,1,15,1,0,9,82,15,7,76,36,6,3,1,4,3,6,1,5,3,1,1,1
32,1,15,1,1,76,7,36,94,80,34,3,4,6,3,5,1,1,1,1,2,4,3
32,1,15,1,1,76,36,7,9,88,94,3,6,4,6,3,3,1,1,1,1,0,2
32,1,15,1,0,97,6,24,9,89,82,7,4,1,6,7,3,1,1,2,1,6,5
32,1,15,1,0,9,13,23,97,16,13,6,6,3,7,5,6,1,4,4,1,3,4
32,1,15,1,1,97,13,16,93,82,58,7,6,5,1,3,2,1,4,3,1,5,3
32,1,15,1,1,97,13,16,69,9,19,7,6,5,1,6,3,1,4,3,3,1,2
32,1,15,1,0,97,13,16,42,13,82,7,6,5,2,6,3,1,4,3,1,4,5
32,1,15,1,1,97,94,16,19,88,46,7,3,5,3,3,6,1,2,3,2,0,5
32,1,15,1,1,97,16,94,52,36,5,7,5,3,1,6,0,1,3,2,2,1,4
32,1,15,1,1,97,94,16,82,96,29,7,3,5,3,0,0,1,2,3,5,5,5
32,1,15,1,0,9,13,88,97,94,16,6,6,3,7,3,5,1,4,0,1,2,3
32,1,15,1,1,16,94,97,30,9,16,5,3,7,1,6,5,3,2,1,1,1,3
32,1,15,1,0,97,16,67,37,46,9,7,5,7,2,6,6,1,3,3,1,5,1
32,1,15,1,0,9,29,98,29,16,67,6,0,2,0,5,7,1,5,3,5,3,3
32,1,15,1,1,89,13,82,29,67,99,7,6,3,0,7,7,6,4,5,5,3,3
32,1,15,1,0,62,23,89,29,99,67,5,3,7,0,7,7,3,4,6,5,3,3
32,1,15,1,0,29,88,67,72,60,13,0,3,7,3,4,6,5,0,3,4,1,4
32,1,15,1,0,25,9,69,13,29,82,1,6,1,6,0,3,2,1,3,4,5,5
32,1,15,1,1,6,36,67,25,13,29,4,6,7,1,6,0,1,1,3,2,4,5
32,1,15,1,1,25,82,69,13,74,29,1,3,1,6,2,0,2,5,3,4,3,5
32,1,15,1,1,74,29,13,9,76,43,2,0,6,6,3,0,3,5,4,1,1,1
32,1,15,1,0,72,82,29,13,29,74,3,3,0,6,0,2,4,5,5,4,5,3
32,1,15,1,1,13,29,74,13,82,9,6,0,2,6,3,6,4,5,3,4,5,1
32,1,15,1,0,13,87,74,9,82,13,6,1,2,6,3,6,4,1,3,1,5,4
22,6,1,4,0,98,52,9,88,87,52,2,1,6,3,1,1,3,2,1,0,1,2
22,6,1,4,0,32,52,89,89,52,50,2,1,7,7,1,0,1,2,6,6,2,3
22,6,1,4,1,52,61,72,26,44,35,1,4,3,6,5,7,2,1,4,5,5,3
4,7,2,5,1,7,30,11,71,12,41,4,1,4,4,4,5,1,1,1,1,4,3
4,7,2,5,1,7,11,30,16,3,90,4,4,1,5,4,3,1,1,1,3,1,2
4,7,2,5,1,11,30,7,55,93,56,4,1,4,1,1,1,1,1,1,2,1,3
4,7,2,5,1,55,16,89,11,30,41,1,5,7,4,1,5,2,3,6,1,1,3
4,7,2,5,1,11,30,41,69,6,13,4,1,5,1,4,6,1,1,3,3,1,4
4,7,2,5,1,30,61,90,11,30,41,1,4,3,4,1,5,1,1,2,1,1,3
4,7,2,5,1,53,11,30,25,34,12,5,4,1,1,1,4,2,1,1,2,3,4
4,7,2,5,0,55,89,40,11,30,53,1,7,7,4,1,5,2,6,3,1,1,2
4,7,2,5,1,11,53,30,16,30,26,4,5,1,5,1,6,1,2,1,3,1,5
4,7,2,5,1,29,9,69,53,11,30,0,6,1,5,4,1,5,1,3,2,1,1
4,7,2,5,1,56,61,25,53,11,30,1,4,1,5,4,1,3,1,2,2,1,1
4,7,2,5,0,53,11,30,78,34,15,5,4,1,7,1,1,2,1,1,2,3,3
4,7,2,5,1,53,11,30,22,5,12,5,4,1,3,0,4,2,1,1,1,4,4
4,7,2,5,1,53,11,30,35,61,13,5,4,1,7,4,6,2,1,1,3,1,4
4,7,2,5,1,53,11,30,89,23,96,5,4,1,7,3,0,2,1,1,6,4,5
4,7,2,5,1,89,55,9,53,30,11,7,1,6,5,1,4,6,2,1,2,1,1
4,7,2,5,0,69,29,12,53,30,11,1,0,4,5,1,4,3,5,4,2,1,1
4,7,2,5,1,53,11,30,9,13,40,5,4,1,6,6,7,2,1,1,1,4,3
4,7,2,5,0,53,11,30,69,82,55,5,4,1,1,3,1,2,1,1,3,5,2
4,7,2,5,1,11,30,44,30,13,48,4,1,5,1,6,4,1,1,5,1,4,3
4,7,2,5,1,44,30,11,23,12,79,5,1,4,3,4,4,5,1,1,4,4,1
4,7,2,5,1,44,30,11,12,1,76,5,1,4,4,7,3,5,1,1,4,3,1
4,7,2,5,0,32,16,69,44,11,30,2,5,1,5,4,1,1,3,3,5,1,1
28,2,9,1,1,0,45,11,5,83,8,3,6,4,0,6,5,5,1,1,4,4,1
28,2,9,1,0,79,96,34,96,65,34,4,0,1,0,1,1,1,5,3,5,3,3
28,2,9,1,1,9,55,62,96,0,90,6,1,5,0,3,3,1,2,3,5,5,2
28,2,9,1,1,61,62,77,28,90,6,4,5,0,6,3,4,1,3,5,2,2,1
28,2,9,1,1,34,25,82,12,30,78,1,1,3,4,1,7,3,2,5,4,1,2
28,2,9,1,1,0,61,82,23,77,10,3,4,3,3,0,2,5,1,5,4,5,1
28,2,9,1,1,10,89,69,70,69,80,2,7,1,2,1,5,1,6,3,3,3,4
28,2,9,1,1,23,25,34,82,67,11,3,1,1,3,7,4,4,2,3,5,3,1
28,2,9,1,1,33,50,61,34,0,74,3,0,4,1,3,2,3,3,1,3,5,3
28,2,9,1,1,93,51,29,34,25,82,1,7,0,1,1,3,1,6,5,3,2,5
28,2,9,1,0,77,52,60,89,30,96,0,1,4,7,1,0,5,2,1,6,1,5
28,2,9,1,0,25,67,34,26,99,96,1,7,1,6,7,0,2,3,3,5,3,5
28,2,9,1,0,6,61,65,26,96,34,4,4,1,6,0,1,1,1,3,5,5,3
28,2,9,1,0,34,10,6,34,70,0,1,2,4,1,2,3,3,1,1,3,3,5
28,2,9,1,1,40,77,42,43,32,71,7,0,2,0,2,4,3,5,1,1,1,1
28,2,9,1,1,10,30,61,19,74,89,2,1,4,3,2,7,1,1,1,2,3,6
28,2,9,1,0,30,34,32,23,65,61,1,1,2,3,1,4,1,3,1,4,3,1
28,2,9,1,1,0,61,96,34,26,78,3,4,0,1,6,7,5,1,5,3,5,2
28,2,9,1,0,42,16,61,9,69,25,2,5,4,6,1,1,1,3,1,1,3,2
28,2,9,1,1,90,0,69,26,97,83,3,3,1,6,7,6,2,5,3,5,1,4
28,2,9,1,0,69,61,0,93,69,40,1,4,3,1,1,7,3,1,5,1,3,3
28,2,9,1,0,89,0,28,69,90,9,7,3,6,1,3,6,6,5,2,3,2,1
28,2,9,1,0,40,69,11,23,10,89,7,1,4,3,2,7,3,3,1,4,1,6
28,2,9,1,0,9,69,25,29,23,55,6,1,1,0,3,1,1,3,2,5,4,2
29,1,4,1,0,34,96,69,52,69,82,1,0,1,1,1,3,3,5,3,2,3,5
29,1,4,1,1,9,34,13,9,82,89,6,1,6,6,3,7,1,3,4,1,5,6
29,1,4,1,0,36,89,31,82,69,13,6,7,6,3,1,6,1,6,4,5,3,4
29,1,4,1,0,17,82,13,82,9,19,3,3,6,3,6,3,5,5,4,5,1,2
29,1,4,1,1,9,51,82,9,40,69,6,7,3,6,7,1,1,6,5,1,3,3
32,1,15,1,1,13,77,89,9,32,27,6,0,7,6,2,5,4,5,6,1,1,3
30,1,4,1,0,55,52,77,25,26,13,1,1,0,1,6,6,2,2,5,2,5,4
30,1,4,1,1,23,25,69,52,55,77,3,1,1,1,1,0,4,2,3,2,2,5
30,1,4,1,1,52,55,77,6,9,88,1,1,0,4,6,3,2,2,5,1,1,0
30,1,4,1,0,89,74,23,77,52,55,7,2,3,0,1,1,6,3,4,5,2,2
30,1,4,1,0,82,89,51,55,52,77,3,7,7,1,1,0,5,6,6,2,2,5
30,1,4,1,0,82,98,87,55,77,52,3,2,1,1,0,1,5,3,1,2,5,2
30,1,4,1,1,55,77,52,69,32,69,1,0,1,1,2,1,2,5,2,3,1,3
30,1,4,1,0,17,52,55,9,89,90,3,1,1,6,7,3,5,2,2,1,6,2
30,1,4,1,1,55,52,17,9,25,23,1,1,3,6,1,3,2,2,5,1,2,4
30,1,4,1,1,17,55,52,32,9,96,3,1,1,2,6,0,5,2,2,1,1,5
30,1,4,1,1,52,17,55,36,82,25,1,3,1,6,3,1,2,5,2,1,5,2
30,1,4,1,0,53,9,87,55,17,52,5,6,1,1,3,1,2,1,1,2,5,2
30,1,4,1,1,55,52,17,89,23,90,1,1,3,7,3,3,2,2,5,6,4,2
30,1,4,1,0,69,67,9,55,52,17,1,7,6,1,1,3,3,3,1,2,2,5
30,1,4,1,0,52,69,9,17,55,90,1,1,6,3,1,3,2,3,1,5,2,2
30,1,4,1,1,17,55,90,13,25,24,3,1,3,6,1,1,5,2,2,4,2,2
30,1,4,1,0,69,31,9,55,90,17,1,6,6,1,3,3,3,4,1,2,2,5
30,1,4,1,0,9,82,19,55,90,17,6,3,3,1,3,3,1,5,2,2,2,5
30,1,4,1,1,55,17,90,15,82,29,1,3,3,1,3,0,2,5,2,3,5,5
30,1,4,1,0,69,23,89,17,55,90,1,3,7,3,1,3,3,4,6,5,2,2
30,1,4,1,0,13,89,61,55,90,17,6,7,4,1,3,3,4,6,1,2,2,5
30,1,4,1,0,25,82,9,55,90,17,1,3,6,1,3,3,2,5,1,2,2,5
30,1,4,1,1,55,17,90,15,82,78,1,3,3,1,3,7,2,5,2,3,5,2
30,1,4,1,1,13,9,89,90,52,55,6,6,7,3,1,1,4,1,6,2,2,2
32,1,15,1,1,13,86,32,29,19,25,6,2,2,0,3,1,4,2,1,5,2,2
32,1,15,1,1,83,89,13,13,9,86,6,7,6,6,6,2,4,6,4,4,1,2
32,1,15,1,0,13,82,9,13,86,9,6,3,6,6,2,6,4,5,1,4,2,1
32,1,15,1,1,13,36,86,13,94,96,6,6,2,6,3,0,4,1,2,4,2,5
4,7,2,5,1,13,69,74,11,8,85,6,1,2,4,5,1,4,3,3,1,1,1
4,7,2,5,0,79,82,9,30,10,85,4,3,6,1,2,1,1,5,1,1,1,1
4,7,2,5,1,10,30,85,41,90,12,2,1,1,5,3,4,1,1,1,3,2,4
4,7,2,5,1,82,12,25,85,10,30,3,4,1,1,2,1,5,4,2,1,1,1
4,7,2,5,0,13,26,66,30,10,85,6,6,1,1,2,1,4,5,3,1,1,1
4,7,2,5,1,85,79,56,66,10,30,1,4,1,1,2,1,1,1,3,3,1,1
4,7,2,5,1,66,10,30,12,6,67,1,2,1,4,4,7,3,1,1,4,1,3
4,7,2,5,1,25,17,56,99,43,91,1,3,1,7,0,0,2,5,3,3,1,3
4,7,2,5,0,89,50,55,99,43,91,7,0,1,7,0,0,6,3,2,3,1,3
4,7,2,5,0,91,43,96,79,17,61,0,0,0,4,3,4,3,1,5,1,5,1
4,7,2,5,1,43,91,96,99,25,16,0,0,0,7,1,5,1,3,5,3,2,3
4,7,2,5,0,22,20,66,96,91,43,3,3,1,0,0,0,1,3,3,5,3,1
4,7,2,5,0,76,83,3,96,91,43,3,6,4,0,0,0,1,4,1,5,3,1
4,7,2,5,1,96,43,91,96,23,82,0,0,0,0,3,3,5,1,3,5,4,5
4,7,2,5,1,96,43,91,74,79,93,0,0,0,2,4,1,5,1,3,3,1,1
4,7,2,5,0,96,91,43,53,30,26,0,0,0,5,1,6,5,3,1,2,1,5
4,7,2,5,1,91,96,43,14,6,90,0,0,0,6,4,3,3,5,1,3,1,2
4,7,2,5,1,43,96,91,36,16,12,0,0,0,6,5,4,1,5,3,1,3,4
4,7,2,5,0,10,12,16,96,43,91,2,4,5,0,0,0,1,4,3,5,1,3
4,7,2,5,0,69,63,91,13,34,82,1,7,0,6,1,3,3,1,3,4,3,5
4,7,2,5,1,25,85,56,40,91,69,1,1,1,7,0,1,2,1,3,3,3,3
22,6,1,4,1,23,89,9,69,89,50,3,7,6,1,7,0,4,6,1,3,6,3
22,6,1,4,0,9,9,89,9,89,23,6,6,7,6,7,3,1,1,6,1,6,4
22,6,1,4,1,72,89,90,9,23,89,3,7,3,6,3,7,4,6,2,1,4,6
22,6,1,4,0,9,29,85,9,23,89,6,0,1,6,3,7,1,5,1,1,4,6
22,6,1,4,0,48,50,86,9,23,89,4,0,2,6,3,7,3,3,2,1,4,6
22,6,1,4,1,89,9,23,52,89,9,7,6,3,1,7,6,6,1,4,2,6,1
22,6,1,4,0,89,9,31,23,9,89,7,6,6,3,6,7,6,1,4,4,1,6
22,6,1,4,1,89,9,23,9,89,8,7,6,3,6,7,5,6,1,4,1,6,1
22,6,1,4,1,23,89,9,89,98,24,3,7,6,7,2,1,4,6,1,6,3,2
22,6,1,4,1,9,23,89,97,13,9,6,3,7,7,6,6,1,4,6,1,4,1
22,6,1,4,0,66,31,89,23,89,9,1,6,7,3,7,6,3,4,6,4,6,1
32,1,15,1,1,13,25,29,89,25,13,6,1,0,7,1,6,4,2,5,6,2,4
32,1,15,1,1,13,29,25,82,9,86,6,0,1,3,6,2,4,5,2,5,1,2
32,1,15,1,1,13,25,87,23,82,19,6,1,1,3,3,3,4,2,1,4,5,2
32,1,15,1,0,9,73,32,25,13,87,6,7,2,1,6,1,1,3,1,2,4,1
32,1,15,1,1,25,87,13,23,9,89,1,1,6,3,6,7,2,1,4,4,1,6
32,1,15,1,0,9,69,82,13,87,25,6,1,3,6,1,1,1,3,5,4,1,2
4,7,2,5,0,25,56,89,40,12,61,1,1,7,7,4,4,2,3,6,3,4,1
23,5,8,3,0,23,32,89,9,89,13,3,2,7,6,7,6,4,1,6,1,6,4
23,5,8,3,1,89,23,32,13,9,74,7,3,2,6,6,2,6,4,1,4,1,3
23,5,8,3,1,89,23,32,9,9,66,7,3,2,6,6,1,6,4,1,1,1,3
23,5,8,3,0,23,89,32,9,4,66,3,7,2,6,6,1,4,6,1,1,1,3
23,5,8,3,1,89,23,32,66,24,9,7,3,2,1,1,6,6,4,1,3,2,1
23,5,8,3,1,65,13,9,23,89,32,1,6,6,3,7,2,3,4,1,4,6,1
23,5,8,3,0,23,89,32,9,25,89,3,7,2,6,1,7,4,6,1,1,2,6
23,5,8,3,0,24,9,87,23,89,32,1,6,1,3,7,2,2,1,1,4,6,1
23,5,8,3,0,89,9,13,23,89,32,7,6,6,3,7,2,6,1,4,4,6,1
23,5,8,3,0,23,13,81,23,89,32,3,6,3,3,7,2,4,4,3,4,6,1
23,5,8,3,1,23,89,32,9,89,42,3,7,2,6,7,2,4,6,1,1,6,1
23,5,8,3,0,13,82,9,89,32,23,6,3,6,7,2,3,4,5,1,6,1,4
23,5,8,3,0,23,24,42,89,23,32,3,1,2,7,3,2,4,2,1,6,4,1
23,5,8,3,1,89,23,32,89,13,10,7,3,2,7,6,2,6,4,1,6,4,1
23,5,8,3,0,13,89,32,89,23,32,6,7,2,7,3,2,4,6,1,6,4,1
23,5,8,3,0,72,13,23,32,23,89,3,6,3,2,3,7,4,4,4,1,4,6
23,5,8,3,0,13,72,89,23,89,32,6,3,7,3,7,2,4,4,6,4,6,1
25,1,7,1,1,89,32,60,32,9,13,7,2,4,2,6,6,6,1,1,1,1,4
25,1,7,1,0,23,89,25,32,89,60,3,7,1,2,7,4,4,6,2,1,6,1
25,1,7,1,1,19,55,89,32,60,89,3,1,7,2,4,7,2,2,6,1,1,6
25,1,7,1,1,32,60,89,9,25,13,2,4,7,6,1,6,1,1,6,1,2,4
25,1,7,1,0,32,23,9,32,89,60,2,3,6,2,7,4,1,4,1,1,6,1
25,1,7,1,1,32,60,89,69,88,82,2,4,7,1,3,3,1,1,6,3,0,5
29,1,4,1,0,9,9,89,9,90,89,6,6,7,6,3,7,1,1,6,1,2,6
29,1,4,1,0,9,82,69,52,23,73,6,3,1,1,3,7,1,5,3,2,4,3
4,7,2,5,1,29,55,43,50,55,19,0,1,0,0,1,3,5,2,1,3,2,2
23,5,8,3,0,9,51,66,72,66,9,6,7,1,3,1,6,1,6,3,4,3,1
2,3,0,1,0,18,17,78,10,37,41,2,3,7,2,2,5,3,5,2,1,1,3
2,3,0,1,0,10,9,69,10,37,41,2,6,1,2,2,5,1,1,3,1,1,3
2,3,0,1,1,69,9,82,10,23,37,1,6,3,2,3,2,3,1,5,1,4,1
2,3,0,1,1,10,37,23,80,46,98,2,2,3,5,6,2,1,1,4,4,5,3
2,3,0,1,1,13,41,32,10,37,23,6,5,2,2,2,3,4,3,1,1,1,4
2,3,0,1,0,65,23,7,10,86,30,1,3,4,2,2,1,3,4,1,1,2,1
2,3,0,1,1,74,52,25,65,7,23,2,1,1,1,4,3,3,2,2,3,1,4
2,3,0,1,1,32,30,89,65,7,6,2,1,7,1,4,4,1,1,6,3,1,1
4,7,2,5,1,67,18,10,81,65,55,7,2,2,3,1,1,3,3,1,3,3,2
4,7,2,5,0,65,23,55,65,55,81,1,3,1,1,1,3,3,4,2,3,2,3
32,1,15,1,0,25,85,72,9,82,42,1,1,3,6,3,2,2,1,4,1,5,1
32,1,15,1,1,25,72,85,89,9,82,1,3,1,7,6,3,2,4,1,6,1,5
32,1,15,1,0,13,69,82,25,85,72,6,1,3,1,1,3,4,3,5,2,1,4
32,1,15,1,1,25,72,85,13,9,83,1,3,1,6,6,6,2,4,1,4,1,4
32,1,15,1,0,25,85,72,13,32,9,1,1,3,6,2,6,2,1,4,4,1,1
32,1,15,1,1,72,25,85,9,42,26,3,1,1,6,2,6,4,2,1,1,1,5
32,1,15,1,0,82,9,89,85,72,25,3,6,7,1,3,1,5,1,6,1,4,2
32,1,15,1,0,23,13,53,25,72,85,3,6,5,1,3,1,4,4,2,2,4,1
32,1,15,1,1,82,9,69,88,13,32,3,6,1,3,6,2,5,1,3,0,4,1
9,7,13,5,0,92,78,12,23,55,3,2,7,4,3,1,4,3,2,4,4,2,1
9,7,13,5,0,1,82,23,55,6,3,7,3,3,1,4,4,3,5,4,2,1,1
9,7,13,5,0,96,79,61,23,82,1,0,4,4,3,3,7,5,1,1,4,5,3
32,1,15,1,0,26,16,88,5,69,82,6,5,3,0,1,3,5,3,0,4,3,5
32,1,15,1,1,82,5,69,31,25,29,3,0,1,6,1,0,5,4,3,4,2,5
32,1,15,1,1,5,69,82,92,82,31,0,1,3,2,3,6,4,3,5,3,5,4
32,1,15,1,0,52,82,24,82,9,55,1,3,1,3,6,1,2,5,2,5,1,2
32,1,15,1,0,82,24,29,82,24,52,3,1,0,3,1,1,5,2,5,5,2,2
32,1,15,1,0,36,26,88,51,82,24,6,6,3,7,3,1,1,5,0,6,5,2
32,1,15,1,1,24,51,82,82,32,40,1,7,3,3,2,7,2,6,5,5,1,3
32,1,15,1,0,62,69,72,52,9,27,5,1,3,1,6,5,3,3,4,2,1,3
32,1,15,1,0,13,80,31,13,9,89,6,5,6,6,6,7,4,4,4,4,1,6
32,1,15,1,0,74,17,80,31,80,13,2,3,5,6,5,6,3,5,4,4,4,4
32,1,15,1,0,13,97,18,60,9,72,6,7,2,4,6,3,4,1,3,1,1,4
32,1,15,1,1,13,97,18,9,82,36,6,7,2,6,3,6,4,1,3,1,5,1
32,1,15,1,1,18,97,8,9,90,82,2,7,5,6,3,3,3,1,1,1,2,5
32,1,15,1,1,9,13,82,16,97,86,6,6,3,5,7,2,1,4,5,3,1,2
32,1,15,1,0,86,97,74,58,13,31,2,7,2,2,6,6,2,1,3,3,4,4
32,1,15,1,1,24,89,98,58,86,97,1,7,2,2,2,7,2,6,3,3,2,1
32,1,15,1,1,86,97,58,30,9,88,2,7,2,1,6,3,2,1,3,1,1,0
32,1,15,1,1,58,97,86,69,72,25,2,7,2,1,3,1,3,1,2,3,4,2
32,1,15,1,1,58,86,97,42,74,23,2,2,7,2,2,3,3,2,1,1,3,4
32,1,15,1,1,62,86,97,25,90,89,5,2,7,1,3,7,3,2,1,2,2,6
32,1,15,1,0,86,87,6,82,51,19,2,1,4,3,7,3,2,1,1,5,6,2
32,1,15,1,0,96,9,13,86,87,6,0,6,6,2,1,4,5,1,4,2,1,1
32,1,15,1,1,19,32,69,15,17,94,3,2,1,1,3,3,2,1,3,3,5,2
32,1,15,1,0,17,94,34,49,32,36,3,3,1,2,2,6,5,2,3,5,1,1
32,1,15,1,1,25,17,94,9,82,89,1,3,3,6,3,7,2,5,2,1,5,6
32,1,15,1,0,94,13,9,25,9,94,3,6,6,1,6,3,2,4,1,2,1,2
32,1,15,1,0,96,29,69,25,94,9,0,0,1,1,3,6,5,5,3,2,2,1
32,1,15,1,0,63,89,97,9,23,25,7,7,7,6,3,1,1,6,1,1,4,2
32,1,15,1,1,36,89,72,16,23,29,6,7,3,5,3,0,1,6,4,3,4,5
32,1,15,1,1,30,28,6,82,24,23,1,6,4,3,1,3,1,2,1,5,2,4
32,1,15,1,1,9,46,13,82,45,72,6,6,6,3,6,3,1,5,4,5,1,4
32,1,15,1,1,82,45,72,82,93,74,3,6,3,3,1,2,5,1,4,5,1,3
32,1,15,1,0,82,69,30,82,45,72,3,1,1,3,6,3,5,3,1,5,1,4
32,1,15,1,1,74,35,72,80,81,69,2,7,3,5,3,1,3,3,4,4,3,3
4,7,2,5,0,71,16,84,23,55,33,4,5,5,3,1,3,1,3,3,4,2,3
32,1,15,1,1,69,13,89,72,69,27,1,6,7,3,1,5,3,4,6,4,3,3
32,1,15,1,1,13,32,52,23,36,82,6,2,1,3,6,3,4,1,2,4,1,5
32,1,15,1,0,9,13,31,82,13,37,6,6,6,3,6,2,1,4,4,5,4,1
32,1,15,1,0,13,69,74,13,36,60,6,1,2,6,6,4,4,3,3,4,1,1
32,1,15,1,1,82,89,25,82,89,13,3,7,1,3,7,6,5,6,2,5,6,4
32,1,15,1,0,69,9,13,69,82,13,1,6,6,1,3,6,3,1,4,3,5,4
32,1,15,1,0,82,84,9,13,23,90,3,5,6,6,3,3,5,3,1,4,4,2
32,1,15,1,1,9,13,35,23,13,82,6,6,7,3,6,3,1,4,3,4,4,5
32,1,15,1,0,96,27,13,82,24,31,0,5,6,3,1,6,5,3,4,5,2,4
29,1,4,1,1,25,24,51,29,82,19,1,1,7,0,3,3,2,2,6,5,5,2
29,1,4,1,1,37,89,36,29,15,69,2,7,6,0,1,1,1,6,1,5,3,3
29,1,4,1,1,69,19,29,69,9,77,1,3,0,1,6,0,3,2,5,3,1,5
4,7,2,5,1,79,69,7,41,12,16,4,1,4,5,4,5,1,3,1,3,4,3
4,7,2,5,0,16,41,77,55,61,56,5,5,0,1,4,1,3,3,5,2,1,3
4,7,2,5,1,16,41,77,29,55,30,5,5,0,0,1,1,3,3,5,5,2,1
4,7,2,5,1,55,82,93,16,92,41,1,3,1,5,2,5,2,5,1,3,3,3
32,1,15,1,1,69,32,55,25,74,15,1,2,1,1,2,1,3,1,2,2,3,3
32,1,15,1,1,25,15,74,82,9,60,1,1,2,3,6,4,2,3,3,5,1,1
32,1,15,1,0,24,9,82,69,25,94,1,6,3,1,1,3,2,1,5,3,2,2
32,1,15,1,0,82,74,15,24,19,89,3,2,1,1,3,7,5,3,3,2,2,6
32,1,15,1,1,82,15,74,88,31,30,3,1,2,3,6,1,5,3,3,0,4,1
32,1,15,1,0,82,15,74,31,82,94,3,1,2,6,3,3,5,3,3,4,5,2
32,1,15,1,0,9,69,92,82,15,74,6,1,2,3,1,2,1,3,3,5,3,3
32,1,15,1,0,82,74,15,23,69,98,3,2,1,3,1,2,5,3,3,4,3,3
4,7,2,5,0,78,3,55,61,16,89,7,4,1,4,5,7,2,1,2,1,3,6
4,7,2,5,0,25,0,89,89,16,61,1,3,7,7,5,4,2,5,6,6,3,1
4,7,2,5,0,61,16,89,16,13,71,4,5,7,5,6,4,1,3,6,3,4,1
4,7,2,5,1,61,16,89,41,23,80,4,5,7,5,3,5,1,3,6,3,4,4
4,7,2,5,0,89,61,16,19,12,55,7,4,5,3,4,1,6,1,3,2,4,2
4,7,2,5,1,89,61,16,30,38,94,7,4,5,1,2,3,6,1,3,1,3,2
4,7,2,5,1,6,29,12,82,61,16,4,0,4,3,4,5,1,5,4,5,1,3
4,7,2,5,1,66,82,79,82,61,16,1,3,4,3,4,5,3,5,1,5,1,3
4,7,2,5,0,82,55,16,12,55,25,3,1,5,4,1,1,5,2,3,4,2,2
32,1,15,1,1,88,13,89,82,55,13,3,6,7,3,1,6,0,4,6,5,2,4
32,1,15,1,1,90,24,88,82,13,9,3,1,3,3,6,6,2,2,0,5,4,1
4,7,2,5,0,23,61,16,55,30,61,3,4,5,1,1,4,4,1,3,2,1,1
4,7,2,5,0,79,16,61,82,55,12,4,5,4,3,1,4,1,3,1,5,2,4
4,7,2,5,1,16,61,55,6,16,32,5,4,1,4,5,2,3,1,2,1,3,1
4,7,2,5,0,16,61,89,3,38,30,5,4,7,4,2,1,3,1,6,1,3,1
4,7,2,5,0,17,7,79,61,16,35,3,4,4,4,5,7,5,1,1,1,3,3
4,7,2,5,1,61,16,56,30,7,69,4,5,1,1,4,1,1,3,3,1,1,3
22,6,1,4,0,52,54,51,5,34,69,1,0,7,0,1,1,2,1,6,4,3,3
22,6,1,4,1,9,50,89,30,51,52,6,0,7,1,7,1,1,3,6,1,6,2
12,4,11,2,0,69,82,55,48,55,87,1,3,1,4,1,1,3,5,2,3,2,1
12,4,11,2,0,81,94,90,87,48,55,3,3,3,1,4,1,3,2,2,1,3,2
12,4,11,2,1,48,87,55,48,68,34,4,1,1,4,3,1,3,1,2,3,3,3
12,4,11,2,0,82,69,13,48,87,55,3,1,6,4,1,1,5,3,4,3,1,2
12,4,11,2,0,55,25,9,48,55,87,1,1,6,4,1,1,2,2,1,3,2,1
12,4,11,2,1,48,87,55,25,82,89,4,1,1,1,3,7,3,1,2,2,5,6
12,4,11,2,1,87,48,55,69,9,89,1,4,1,1,6,7,1,3,2,3,1,6
12,4,11,2,1,48,55,87,89,9,32,4,1,1,7,6,2,3,2,1,6,1,1
12,4,11,2,0,89,25,15,55,48,87,7,1,1,1,4,1,6,2,3,2,3,1
12,4,11,2,1,48,87,55,82,69,53,4,1,1,3,1,5,3,1,2,5,3,2
12,4,11,2,1,87,48,55,56,13,69,1,4,1,1,6,1,1,3,2,3,4,3
12,4,11,2,1,48,55,87,13,36,9,4,1,1,6,6,6,3,2,1,4,1,1
12,4,11,2,1,82,25,69,48,55,87,3,1,1,4,1,1,5,2,3,3,2,1
12,4,11,2,1,56,87,32,87,55,48,1,1,2,1,1,4,3,1,1,1,2,3
12,4,11,2,1,48,55,87,89,25,82,4,1,1,7,1,3,3,2,1,6,2,5
12,4,11,2,0,56,16,82,48,87,55,1,5,3,4,1,1,3,3,5,3,1,2
12,4,11,2,1,87,48,55,69,25,9,1,4,1,1,1,6,1,3,2,3,2,1
12,4,11,2,0,89,9,69,55,48,87,7,6,1,1,4,1,6,1,3,2,3,1
12,4,11,2,1,87,48,55,9,82,89,1,4,1,6,3,7,1,3,2,1,5,6
12,4,11,2,0,89,82,25,48,55,87,7,3,1,4,1,1,6,5,2,3,2,1
12,4,11,2,0,69,25,69,87,48,55,1,1,1,1,4,1,3,2,3,1,3,2
32,1,15,1,0,89,9,82,89,82,9,7,6,3,7,3,6,6,1,5,6,5,1
32,1,15,1,0,29,9,36,89,82,9,0,6,6,7,3,6,5,1,1,6,5,1
32,1,15,1,1,89,9,82,82,31,56,7,6,3,3,6,1,6,1,5,5,4,3
32,1,15,1,1,89,82,9,19,30,29,7,3,6,3,1,0,6,5,1,2,1,5
32,1,15,1,1,89,82,9,9,93,29,7,3,6,6,1,0,6,5,1,1,1,5
32,1,15,1,1,9,32,13,89,82,13,6,2,6,7,3,6,1,1,4,6,5,4
32,1,15,1,1,13,89,82,29,31,24,6,7,3,0,6,1,4,6,5,5,4,2
32,1,15,1,1,82,32,9,89,82,69,3,2,6,7,3,1,5,1,1,6,5,3
32,1,15,1,0,82,89,9,89,82,9,3,7,6,7,3,6,5,6,1,6,5,1
32,1,15,1,1,89,82,9,36,30,29,7,3,6,6,1,0,6,5,1,1,1,5
32,1,15,1,1,9,17,69,82,89,29,6,3,1,3,7,0,1,5,3,5,6,5
32,1,15,1,0,13,82,25,89,82,29,6,3,1,7,3,0,4,5,2,6,5,5
32,1,15,1,0,82,13,89,13,82,89,3,6,7,6,3,7,5,4,6,4,5,6
32,1,15,1,0,17,81,55,13,82,83,3,3,1,6,3,6,5,3,2,4,5,4
32,1,15,1,0,82,27,13,36,9,86,3,5,6,6,6,2,5,3,4,1,1,2
32,1,15,1,1,13,82,27,15,9,69,6,3,5,1,6,1,4,5,3,3,1,3
32,1,15,1,0,82,13,27,30,19,90,3,6,5,1,3,3,5,4,3,1,2,2
32,1,15,1,0,74,10,89,82,13,27,2,2,7,3,6,5,3,1,6,5,4,3
32,1,15,1,1,82,13,27,36,69,89,3,6,5,6,1,7,5,4,3,1,3,6
32,1,15,1,0,13,82,27,13,90,27,6,3,5,6,3,5,4,5,3,4,2,3
32,1,15,1,0,13,96,36,82,13,27,6,0,6,3,6,5,4,5,1,5,4,3
32,1,15,1,1,13,82,27,10,13,69,6,3,5,2,6,1,4,5,3,1,4,3
32,1,15,1,1,82,13,27,69,10,25,3,6,5,1,2,1,5,4,3,3,1,2
32,1,15,1,1,74,31,81,82,13,27,2,6,3,3,6,5,3,4,3,5,4,3
32,1,15,1,1,82,13,95,52,36,13,3,6,3,1,6,6,5,4,3,2,1,4
32,1,15,1,0,89,25,88,19,32,25,7,1,3,3,2,1,6,2,0,2,1,2
32,1,15,1,1,88,89,25,13,82,30,3,7,1,6,3,1,0,6,2,4,5,1
32,1,15,1,0,25,9,89,25,88,89,1,6,7,1,3,7,2,1,6,2,0,6
32,1,15,1,0,25,88,89,6,13,1,1,3,7,4,6,7,2,0,6,1,4,3
32,1,15,1,0,9,96,49,25,88,89,6,0,2,1,3,7,1,5,5,2,0,6
27,4,8,2,1,55,25,78,79,63,1,1,1,7,4,7,7,2,2,2,1,1,3
27,4,8,2,1,78,55,25,25,65,10,7,1,1,1,1,2,2,2,2,2,3,1
27,4,8,2,1,25,55,78,69,44,23,1,1,7,1,5,3,2,2,2,3,5,4
27,4,8,2,0,69,10,25,55,25,78,1,2,1,1,1,7,3,1,2,2,2,2
27,4,8,2,1,55,25,78,83,5,31,1,1,7,6,0,6,2,2,2,4,4,4
27,4,8,2,1,90,25,69,55,25,16,3,1,1,1,1,5,2,2,3,2,2,3
27,4,8,2,1,25,79,89,25,40,69,1,4,7,1,7,1,2,1,6,2,3,3
32,1,15,1,0,19,25,32,23,13,89,3,1,2,3,6,7,2,2,1,4,4,6
32,1,15,1,0,25,88,13,13,89,16,1,3,6,6,7,5,2,0,4,4,6,3
32,1,15,1,1,23,9,8,88,13,25,3,6,5,3,6,1,4,1,1,0,4,2
4,7,2,5,0,93,25,60,32,1,69,1,1,4,2,7,1,1,2,1,1,3,3
4,7,2,5,1,69,1,79,14,79,44,1,7,4,6,4,5,3,3,1,3,1,5
32,1,15,1,1,25,74,88,80,31,46,1,2,3,5,6,6,2,3,0,4,4,5
32,1,15,1,1,88,74,25,69,9,13,3,2,1,1,6,6,0,3,2,3,1,4
29,1,4,1,1,68,9,31,9,13,89,3,6,6,6,6,7,3,1,4,1,4,6
29,1,4,1,1,23,19,68,72,9,88,3,3,3,3,6,3,4,2,3,4,1,0
29,1,4,1,1,89,55,65,36,9,68,7,1,1,6,6,3,6,2,3,1,1,3
29,1,4,1,1,9,69,82,68,25,52,6,1,3,3,1,1,1,3,5,3,2,2
29,1,4,1,0,25,68,36,89,69,23,1,3,6,7,1,3,2,3,1,6,3,4
29,1,4,1,1,68,25,13,82,67,69,3,1,6,3,7,1,3,2,4,5,3,3
29,1,4,1,0,25,68,9,36,13,89,1,3,6,6,6,7,2,3,1,1,4,6
29,1,4,1,1,68,25,87,89,23,25,3,1,1,7,3,1,3,2,1,6,4,2
29,1,4,1,0,68,89,9,89,51,9,3,7,6,7,7,6,3,6,1,6,6,1
29,1,4,1,1,89,82,85,13,68,42,7,3,1,6,3,2,6,5,1,4,3,1
29,1,4,1,0,9,68,42,82,23,22,6,3,2,3,3,3,1,3,1,5,4,1
29,1,4,1,0,67,27,69,46,82,31,7,5,1,6,3,6,3,3,3,5,5,4
29,1,4,1,1,9,69,23,56,68,25,6,1,3,1,3,1,1,3,4,3,3,2
29,1,4,1,1,9,23,89,68,25,13,6,3,7,3,1,6,1,4,6,3,2,4
29,1,4,1,1,68,25,9,82,31,9,3,1,6,3,6,6,3,2,1,5,4,1
29,1,4,1,1,9,13,89,68,9,82,6,6,7,3,6,3,1,4,6,3,1,5
29,1,4,1,1,68,9,13,89,36,9,3,6,6,7,6,6,3,1,4,6,1,1
29,1,4,1,1,9,68,69,13,55,9,6,3,1,6,1,6,1,3,3,4,2,1
29,1,4,1,1,65,68,9,17,89,69,1,3,6,3,7,1,3,3,1,5,6,3
29,1,4,1,0,23,13,27,65,68,9,3,6,5,1,3,6,4,4,3,3,3,1
29,1,4,1,0,23,65,24,68,9,69,3,1,1,3,6,1,4,3,2,3,1,3
27,4,8,2,1,9,69,77,22,82,10,6,1,0,3,3,2,1,3,5,1,5,1
32,1,15,1,0,55,82,19,31,82,9,1,3,3,6,3,6,2,5,2,4,5,1
32,1,15,1,1,55,82,19,13,29,52,1,3,3,6,0,1,2,5,2,4,5,2
32,1,15,1,1,82,32,13,19,9,23,3,2,6,3,6,3,5,1,4,2,1,4
32,1,15,1,1,9,19,13,42,9,69,6,3,6,2,6,1,1,2,4,1,1,3
32,1,15,1,0,30,82,31,9,17,19,1,3,6,6,3,3,1,5,4,1,5,2
32,1,15,1,1,55,10,19,69,82,60,1,2,3,1,3,4,2,1,2,3,5,1
32,1,15,1,0,24,9,82,19,89,32,1,6,3,3,7,2,2,1,5,2,6,1
32,1,15,1,0,69,32,23,72,9,69,1,2,3,3,6,1,3,1,4,4,1,3
32,1,15,1,0,78,13,9,89,49,13,7,6,6,7,2,6,2,4,1,6,5,4
32,1,15,1,0,26,89,82,82,13,9,6,7,3,3,6,6,5,6,5,5,4,1
32,1,15,1,1,82,13,9,12,9,82,3,6,6,4,6,3,5,4,1,4,1,5
32,1,15,1,1,82,13,9,89,9,83,3,6,6,7,6,6,5,4,1,6,1,4
32,1,15,1,0,13,82,80,82,13,32,6,3,5,3,6,2,4,5,4,5,4,1
32,1,15,1,1,82,13,9,82,72,13,3,6,6,3,3,6,5,4,1,5,4,4
32,1,15,1,1,52,82,13,26,82,69,1,3,6,6,3,1,2,5,4,5,5,3
32,1,15,1,0,13,82,89,13,82,89,6,3,7,6,3,7,4,5,6,4,5,6
32,1,15,1,0,89,82,93,13,89,9,7,3,1,6,7,6,6,5,1,4,6,1
29,1,4,1,0,55,19,9,32,9,74,1,3,6,2,6,2,2,2,1,1,1,3
29,1,4,1,1,32,9,74,13,85,31,2,6,2,6,1,6,1,1,3,4,1,4
29,1,4,1,1,32,9,74,88,82,32,2,6,2,3,3,2,1,1,3,0,5,1
29,1,4,1,1,90,23,89,25,9,74,3,3,7,1,6,2,2,4,6,2,1,3
29,1,4,1,1,9,74,25,82,9,89,6,2,1,3,6,7,1,3,2,5,1,6
29,1,4,1,1,25,9,74,9,21,23,1,6,2,6,3,3,2,1,3,1,3,4
29,1,4,1,1,25,74,9,15,69,9,1,2,6,1,1,6,2,3,1,3,3,1
29,1,4,1,1,25,9,74,95,32,23,1,6,2,3,2,3,2,1,3,3,1,4
29,1,4,1,0,9,69,74,6,25,69,6,1,2,4,1,1,1,3,3,1,2,3
29,1,4,1,1,69,9,74,90,69,13,1,6,2,3,1,6,3,1,3,2,3,4
29,1,4,1,1,69,9,74,9,13,89,1,6,2,6,6,7,3,1,3,1,4,6
29,1,4,1,1,69,9,74,96,24,30,1,6,2,0,1,1,3,1,3,5,2,1
7,4,10,2,1,40,9,90,90,69,32,7,6,3,3,1,2,3,1,2,2,3,1
31,3,0,1,0,93,89,23,34,6,25,1,7,3,1,4,1,1,6,4,3,1,2
6,7,12,5,0,38,90,41,12,71,3,2,3,5,4,4,4,3,2,3,4,1,1
7,4,10,2,0,89,25,19,25,9,89,7,1,3,1,6,7,6,2,2,2,1,6
8,6,13,4,0,13,53,69,9,89,69,6,5,1,6,7,1,4,2,3,1,6,3
8,6,13,4,1,32,9,25,89,69,13,2,6,1,7,1,6,1,1,2,6,3,4
8,6,13,4,1,97,89,5,41,36,28,7,7,0,5,6,6,1,6,4,3,1,2
11,1,15,1,1,69,89,93,2,82,32,1,7,1,2,3,2,3,6,1,2,5,1
32,1,15,1,0,36,69,27,9,32,82,6,1,5,6,2,3,1,3,3,1,1,5
4,7,2,5,0,41,40,30,90,53,69,5,7,1,3,5,1,3,3,1,2,2,3
4,7,2,5,0,58,48,38,30,41,40,2,4,2,1,5,7,3,3,3,1,3,3
4,7,2,5,0,26,29,79,40,41,30,6,0,4,7,5,1,5,5,1,3,3,1
4,7,2,5,1,23,81,82,56,41,30,3,3,3,1,5,1,4,3,5,3,3,1
4,7,2,5,0,27,41,53,79,61,32,5,5,5,4,4,2,3,3,2,1,1,1
4,7,2,5,0,77,16,47,27,41,53,0,5,7,5,5,5,5,3,3,3,3,2
4,7,2,5,0,27,41,53,25,54,30,5,5,5,1,0,1,3,3,2,2,1,1
4,7,2,5,0,15,89,61,41,53,27,1,7,4,5,5,5,3,6,1,3,2,3
4,7,2,5,0,55,78,90,27,41,53,1,7,3,5,5,5,2,2,2,3,3,2
4,7,2,5,0,25,24,29,27,41,53,1,1,0,5,5,5,2,2,5,3,3,2
4,7,2,5,1,61,55,92,27,41,53,4,1,2,5,5,5,1,2,3,3,3,2
4,7,2,5,0,16,55,92,27,41,53,5,1,2,5,5,5,3,2,3,3,3,2
4,7,2,5,0,13,41,69,27,41,53,6,5,1,5,5,5,4,3,3,3,3,2
4,7,2,5,1,27,41,53,90,69,78,5,5,5,3,1,7,3,3,2,2,3,2
4,7,2,5,1,27,41,53,79,55,23,5,5,5,4,1,3,3,3,2,1,2,4
4,7,2,5,1,27,79,7,27,41,14,5,4,4,5,5,6,3,1,1,3,3,3
4,7,2,5,0,7,16,61,27,41,14,4,5,4,5,5,6,1,3,1,3,3,3
4,7,2,5,1,27,41,14,79,55,7,5,5,6,4,1,4,3,3,3,1,2,1
4,7,2,5,0,77,55,38,14,41,27,0,1,2,6,5,5,5,2,3,3,3,3
4,7,2,5,0,79,12,61,27,41,14,4,4,4,5,5,6,1,4,1,3,3,3
4,7,2,5,0,41,70,56,55,30,53,5,2,1,1,1,5,3,3,3,2,1,2
4,7,2,5,1,56,70,41,69,14,41,1,2,5,1,6,5,3,3,3,3,3,3
4,7,2,5,1,50,41,0,3,83,96,0,5,3,4,6,0,3,3,5,1,4,5
4,7,2,5,0,55,38,41,78,55,93,1,2,5,7,1,1,2,3,3,2,2,1
4,7,2,5,1,55,41,38,69,55,12,1,5,2,1,1,4,2,3,3,3,2,4
29,1,4,1,1,36,9,40,9,82,99,6,6,7,6,3,7,1,1,3,1,5,3
11,1,15,1,0,19,23,89,87,32,90,3,3,7,1,2,3,2,4,6,1,1,2
6,7,12,5,0,3,89,71,40,55,79,4,7,4,7,1,4,1,6,1,3,2,1
6,7,12,5,0,92,12,26,40,55,71,2,4,6,7,1,4,3,4,5,3,2,1
31,3,0,1,0,69,89,34,69,41,82,1,7,1,1,5,3,3,6,3,3,3,5
11,1,15,1,0,9,89,13,87,67,13,6,7,6,1,7,6,1,6,4,1,3,4
31,3,0,1,1,9,41,40,6,36,32,6,5,7,4,6,2,1,3,3,1,1,1
25,1,7,1,0,6,25,55,9,89,55,4,1,1,6,7,1,1,2,2,1,6,2
25,1,7,1,1,6,25,55,82,9,27,4,1,1,3,6,5,1,2,2,5,1,3
25,1,7,1,1,25,6,55,13,62,89,1,4,1,6,5,7,2,1,2,4,3,6
25,1,7,1,1,25,93,82,19,25,6,1,1,3,3,1,4,2,1,5,2,2,1
25,1,7,1,0,9,89,25,6,19,25,6,7,1,4,3,1,1,6,2,1,2,2
25,1,7,1,0,6,19,25,89,78,25,4,3,1,7,7,1,1,2,2,6,2,2
25,1,7,1,1,6,19,25,32,13,9,4,3,1,2,6,6,1,2,2,1,4,1
25,1,7,1,1,6,19,25,13,82,87,4,3,1,6,3,1,1,2,2,4,5,1
25,1,7,1,0,21,32,26,6,19,25,3,2,6,4,3,1,3,1,5,1,2,2
25,1,7,1,1,6,19,25,25,82,26,4,3,1,1,3,6,1,2,2,2,5,5
25,1,7,1,0,2,52,74,6,19,25,2,1,2,4,3,1,2,2,3,1,2,2
25,1,7,1,1,6,19,25,13,58,89,4,3,1,6,2,7,1,2,2,4,3,6
25,1,7,1,1,6,19,25,9,41,82,4,3,1,6,5,3,1,2,2,1,3,5
25,1,7,1,0,9,89,88,6,25,19,6,7,3,4,1,3,1,6,0,1,2,2
25,1,7,1,1,6,19,25,82,9,36,4,3,1,3,6,6,1,2,2,5,1,1
25,1,7,1,1,6,19,25,23,51,89,4,3,1,3,7,7,1,2,2,4,6,6
25,1,7,1,1,6,19,25,9,36,58,4,3,1,6,6,2,1,2,2,1,1,3
25,1,7,1,0,13,71,32,23,6,25,6,4,2,3,4,1,4,1,1,4,1,2
14,5,12,3,1,24,13,82,9,66,49,1,6,3,6,1,2,2,4,5,1,3,5
4,7,2,5,1,92,41,40,79,69,89,2,5,7,4,1,7,3,3,3,1,3,6
4,7,2,5,1,41,14,27,40,41,92,5,6,5,7,5,2,3,3,3,3,3,3
4,7,2,5,1,40,41,92,19,90,3,7,5,2,3,3,4,3,3,3,2,2,1
4,7,2,5,1,92,41,40,90,76,78,2,5,7,3,3,7,3,3,3,2,1,2
4,7,2,5,1,13,78,83,92,40,41,6,7,6,2,7,5,4,2,4,3,3,3
4,7,2,5,1,92,41,40,7,61,89,2,5,7,4,4,7,3,3,3,1,1,6
4,7,2,5,0,53,27,82,92,41,40,5,5,3,2,5,7,2,3,5,3,3,3
4,7,2,5,1,92,41,40,29,23,6,2,5,7,0,3,4,3,3,3,5,4,1
4,7,2,5,1,92,40,41,12,16,23,2,7,5,4,5,3,3,3,3,4,3,4
4,7,2,5,1,23,55,71,92,41,40,3,1,4,2,5,7,4,2,1,3,3,3
4,7,2,5,1,89,92,69,92,41,40,7,2,1,2,5,7,6,3,3,3,3,3
4,7,2,5,0,82,89,34,92,40,41,3,7,1,2,7,5,5,6,3,3,3,3
4,7,2,5,1,92,41,40,89,25,56,2,5,7,7,1,1,3,3,3,6,2,3
4,7,2,5,1,92,41,40,25,9,89,2,5,7,1,6,7,3,3,3,2,1,6
4,7,2,5,0,62,55,30,92,41,40,5,1,1,2,5,7,3,2,1,3,3,3
4,7,2,5,1,92,41,40,90,10,61,2,5,7,3,2,4,3,3,3,2,1,1
4,7,2,5,0,89,82,94,92,40,41,7,3,3,2,7,5,6,5,2,3,3,3
4,7,2,5,1,92,41,40,24,27,25,2,5,7,1,5,1,3,3,3,2,3,2
4,7,2,5,1,16,69,56,92,41,40,5,1,1,2,5,7,3,3,3,3,3,3
4,7,2,5,1,92,41,40,26,27,53,2,5,7,6,5,5,3,3,3,5,3,2
4,7,2,5,1,16,69,23,92,41,40,5,1,3,2,5,7,3,3,4,3,3,3
32,1,15,1,1,9,82,32,9,31,89,6,3,2,6,6,7,1,5,1,1,4,6
32,1,15,1,1,9,82,69,9,13,60,6,3,1,6,6,4,1,5,3,1,4,1
32,1,15,1,0,81,31,32,9,82,29,3,6,2,6,3,0,3,4,1,1,5,5
32,1,15,1,0,13,82,6,82,9,25,6,3,4,3,6,1,4,5,1,5,1,2
32,1,15,1,1,9,82,25,9,62,82,6,3,1,6,5,3,1,5,2,1,3,5
32,1,15,1,1,9,82,9,25,15,82,6,3,6,1,1,3,1,5,1,2,3,5
32,1,15,1,1,9,82,31,13,90,26,6,3,6,6,3,6,1,5,4,4,2,5
32,1,15,1,0,9,89,30,9,82,13,6,7,1,6,3,6,1,6,1,1,5,4
32,1,15,1,0,27,13,74,9,82,13,5,6,2,6,3,6,3,4,3,1,5,4
32,1,15,1,0,89,9,32,82,9,69,7,6,2,3,6,1,6,1,1,5,1,3
32,1,15,1,1,82,9,27,82,9,13,3,6,5,3,6,6,5,1,3,5,1,4
32,1,15,1,0,82,27,18,9,82,27,3,5,2,6,3,5,5,3,3,1,5,3
32,1,15,1,0,87,6,30,9,82,69,1,4,1,6,3,1,1,1,1,1,5,3
4,7,2,5,1,55,35,46,29,12,5,1,7,6,0,4,0,2,3,5,5,4,4
4,7,2,5,1,47,35,25,46,92,56,7,7,1,6,2,1,3,3,2,5,3,3
4,7,2,5,1,35,12,71,71,53,23,7,4,4,4,5,3,3,4,1,1,2,4
4,7,2,5,1,35,29,38,62,92,65,7,0,2,5,2,1,3,5,3,3,3,3
4,7,2,5,1,12,30,35,1,23,80,4,1,7,7,3,5,4,1,3,3,4,4
34,9,16,5,1,87,89,79,74,82,65,1,7,4,2,3,1,1,6,1,3,5,3
34,9,16,5,1,87,89,77,12,88,85,1,7,0,4,3,1,1,6,5,4,0,1
34,9,16,5,1,60,87,83,80,96,44,4,1,6,5,0,5,1,1,4,4,5,5
4,7,2,5,1,35,95,60,10,9,66,7,3,4,2,6,1,3,3,1,1,1,3
4,7,2,5,1,35,16,57,20,22,28,7,5,3,3,3,6,3,3,1,3,1,2
4,7,2,5,1,35,72,71,82,79,57,7,3,4,3,4,3,3,4,1,5,1,1
4,7,2,5,1,55,44,35,91,49,12,1,5,7,0,2,4,2,5,3,3,5,4
4,7,2,5,1,35,23,50,80,75,69,7,3,0,5,5,1,3,4,3,4,1,3
4,7,2,5,1,35,17,32,60,37,85,7,3,2,4,2,1,3,5,1,1,1,1
4,7,2,5,1,35,88,11,83,13,87,7,3,4,6,6,1,3,0,1,4,4,1
4,7,2,5,1,35,18,10,13,80,30,7,2,2,6,5,1,3,3,1,4,4,1
32,1,15,1,1,36,82,69,28,72,24,6,3,1,6,3,1,1,5,3,2,4,2
32,1,15,1,1,82,94,72,36,69,13,3,3,3,6,1,6,5,2,4,1,3,4
32,1,15,1,1,88,82,36,36,69,13,3,3,6,6,1,6,0,5,1,1,3,4
32,1,15,1,1,36,69,13,82,19,13,6,1,6,3,3,6,1,3,4,5,2,4
32,1,15,1,0,34,95,13,89,69,90,1,3,6,7,1,3,3,3,4,6,3,2
32,1,15,1,0,95,13,9,82,9,97,3,6,6,3,6,7,3,4,1,5,1,1
32,1,15,1,1,97,13,72,66,65,9,7,6,3,1,1,6,1,4,4,3,3,1
32,1,15,1,0,36,52,9,36,9,27,6,1,6,6,6,5,1,2,1,1,1,3
32,1,15,1,1,88,9,27,55,32,82,3,6,5,1,2,3,0,1,3,2,1,5
32,1,15,1,1,19,24,85,90,42,27,3,1,1,3,2,5,2,2,1,2,1,3
32,1,15,1,0,13,42,19,88,98,19,6,2,3,3,2,3,4,1,2,0,3,2
32,1,15,1,1,42,82,21,95,19,89,2,3,3,3,3,7,1,5,3,3,2,6
32,1,15,1,1,13,82,89,16,89,29,6,3,7,5,7,0,4,5,6,3,6,5
32,1,15,1,1,52,69,9,16,89,29,1,1,6,5,7,0,2,3,1,3,6,5
32,1,15,1,1,89,29,16,88,84,72,7,0,5,3,5,3,6,5,3,0,3,4
32,1,15,1,0,24,42,23,16,89,29,1,2,3,5,7,0,2,1,4,3,6,5
32,1,15,1,0,82,69,29,24,40,64,3,1,0,1,7,6,5,3,5,2,3,2
32,1,15,1,1,23,19,9,97,24,55,3,3,6,7,1,1,4,2,1,1,2,2
32,1,15,1,1,74,24,9,36,69,82,2,1,6,6,1,3,3,2,1,1,3,5
29,1,4,1,1,25,69,84,23,86,69,1,1,5,3,2,1,2,3,3,4,2,3
29,1,4,1,1,69,36,95,93,56,19,1,6,3,1,1,3,3,1,3,1,3,2
29,1,4,1,0,56,52,69,32,9,23,1,1,1,2,6,3,3,2,3,1,1,4
29,1,4,1,1,69,24,36,69,82,41,1,1,6,1,3,5,3,2,1,3,5,3
19,1,4,1,1,69,64,82,52,24,32,1,6,3,1,1,2,3,2,5,2,2,1
19,1,4,1,1,82,69,64,13,10,6,3,1,6,6,2,4,5,3,2,4,1,1
19,1,4,1,1,9,92,19,32,64,95,6,2,3,2,6,3,1,3,2,1,2,3
19,1,4,1,0,81,15,69,89,23,64,3,1,1,7,3,6,3,3,3,6,4,2
19,1,4,1,0,31,9,64,93,89,55,6,6,6,1,7,1,4,1,2,1,6,2
19,1,4,1,0,72,34,90,23,64,69,3,1,3,3,6,1,4,3,2,4,2,3
19,1,4,1,0,24,32,19,25,69,89,1,2,3,1,1,7,2,1,2,2,3,6
19,1,4,1,1,9,23,98,9,19,69,6,3,2,6,3,1,1,4,3,1,2,3
19,1,4,1,0,23,14,13,67,19,69,3,6,6,7,3,1,4,3,4,3,2,3
21,7,14,5,0,30,12,79,16,61,12,1,4,4,5,4,4,1,4,1,3,1,4
21,7,14,5,0,25,7,33,12,79,30,1,4,3,4,4,1,2,1,3,4,1,1
25,1,7,1,0,14,25,13,89,69,13,6,1,6,7,1,6,3,2,4,6,3,4
25,1,7,1,0,32,12,82,69,14,86,2,4,3,1,6,2,1,4,5,3,3,2
25,1,7,1,0,62,69,40,14,82,69,5,1,7,6,3,1,3,3,3,3,5,3
25,1,7,1,1,29,19,88,74,89,14,0,3,3,2,7,6,5,2,0,3,6,3
25,1,7,1,0,67,42,82,69,82,14,7,2,3,1,3,6,3,1,5,3,5,3
32,1,15,1,0,32,87,69,9,82,98,2,1,1,6,3,2,1,1,3,1,5,3
32,1,15,1,1,82,98,9,13,31,62,3,2,6,6,6,5,5,3,1,4,4,3
32,1,15,1,0,72,9,19,9,82,98,3,6,3,6,3,2,4,1,2,1,5,3
32,1,15,1,0,9,99,82,9,82,98,6,7,3,6,3,2,1,3,5,1,5,3
32,1,15,1,1,82,9,98,32,88,82,3,6,2,2,3,3,5,1,3,1,0,5
32,1,15,1,1,98,16,55,36,82,13,2,5,1,6,3,6,3,3,2,1,5,4
32,1,15,1,1,98,9,90,29,25,69,2,6,3,0,1,1,3,1,2,5,2,3
32,1,15,1,0,27,82,9,69,98,9,5,3,6,1,2,6,3,5,1,3,3,1
32,1,15,1,1,69,98,9,56,36,81,1,2,6,1,6,3,3,3,1,3,1,3
32,1,15,1,0,15,29,9,13,98,82,1,0,6,6,2,3,3,5,1,4,3,5
32,1,15,1,1,98,24,27,36,69,82,2,1,5,6,1,3,3,2,3,1,3,5
32,1,15,1,0,82,89,98,82,29,4,3,7,2,3,0,6,5,6,3,5,5,1
32,1,15,1,0,98,88,81,89,80,9,2,3,3,7,5,6,3,0,3,6,4,1
32,1,15,1,1,98,82,74,9,82,88,2,3,2,6,3,3,3,5,3,1,5,0
32,1,15,1,1,13,69,98,13,69,25,6,1,2,6,1,1,4,3,3,4,3,2
32,1,15,1,1,80,19,98,82,80,53,5,3,2,3,5,5,4,2,3,5,4,2
32,1,15,1,0,31,24,69,32,87,69,6,1,1,2,1,1,4,2,3,1,1,3
32,1,15,1,0,9,60,23,9,42,85,6,4,3,6,2,1,1,1,4,1,1,1
32,1,15,1,1,27,31,85,10,26,62,5,6,1,2,6,5,3,4,1,1,5,3
32,1,15,1,1,82,13,85,82,81,29,3,6,1,3,3,0,5,4,1,5,3,5
32,1,15,1,0,13,30,27,59,31,9,6,1,5,3,6,6,4,1,3,3,4,1
32,1,15,1,0,82,31,52,82,13,27,3,6,1,3,6,5,5,4,2,5,4,3
32,1,15,1,1,42,27,13,65,13,31,2,5,6,1,6,6,1,3,4,3,4,4
32,1,15,1,0,27,31,60,82,72,28,5,6,4,3,3,6,3,4,1,5,4,2
32,1,15,1,1,19,27,90,14,12,17,3,5,3,6,4,3,2,3,2,3,4,5
32,1,15,1,1,87,82,13,13,74,72,1,3,6,6,2,3,1,5,4,4,3,4
32,1,15,1,0,9,82,89,13,74,72,6,3,7,6,2,3,1,5,6,4,3,4
32,1,15,1,0,23,36,9,74,13,72,3,6,6,2,6,3,4,1,1,3,4,4
32,1,15,1,0,9,17,69,13,72,74,6,3,1,6,3,2,1,5,3,4,4,3
32,1,15,1,0,89,82,98,13,74,72,7,3,2,6,2,3,6,5,3,4,3,4
32,1,15,1,0,9,32,69,74,72,13,6,2,1,2,3,6,1,1,3,3,4,4
32,1,15,1,1,13,74,72,13,27,9,6,2,3,6,5,6,4,3,4,4,3,1
32,1,15,1,0,25,13,81,13,74,72,1,6,3,6,2,3,2,4,3,4,3,4
32,1,15,1,0,95,13,83,74,21,13,3,6,6,2,3,6,3,4,4,3,3,4
23,5,8,3,0,9,89,78,9,89,13,6,7,7,6,7,6,1,6,2,1,6,4
23,5,8,3,0,13,9,66,40,13,89,6,6,1,7,6,7,4,1,3,3,4,6
4,7,2,5,0,41,12,23,55,25,82,5,4,3,1,1,3,3,4,4,2,2,5
4,7,2,5,1,12,30,19,25,89,69,4,1,3,1,7,1,4,1,2,2,6,3
4,7,2,5,0,82,12,90,12,30,61,3,4,3,4,1,4,5,4,2,4,1,1
4,7,2,5,1,69,43,12,29,61,69,1,0,4,0,4,1,3,1,4,5,1,3
29,1,4,1,1,32,9,24,9,64,94,2,6,1,6,6,3,1,1,2,1,2,2
21,7,14,5,1,55,44,67,40,53,26,1,5,7,7,5,6,2,5,3,3,2,5
32,1,15,1,0,95,32,13,89,98,9,3,2,6,7,2,6,3,1,4,6,3,1
32,1,15,1,0,90,89,9,95,13,32,3,7,6,3,6,2,2,6,1,3,4,1
32,1,15,1,1,13,32,95,13,30,9,6,2,3,6,1,6,4,1,3,4,1,1
32,1,15,1,0,95,13,32,82,9,89,3,6,2,3,6,7,3,4,1,5,1,6
32,1,15,1,1,95,32,13,36,13,9,3,2,6,6,6,6,3,1,4,1,4,1
32,1,15,1,0,25,13,89,95,32,13,1,6,7,3,2,6,2,4,6,3,1,4
32,1,15,1,0,9,97,89,95,13,32,6,7,7,3,6,2,1,1,6,3,4,1
32,1,15,1,0,95,13,32,93,82,89,3,6,2,1,3,7,3,4,1,1,5,6
32,1,15,1,1,72,13,25,13,32,36,3,6,1,6,2,6,4,4,2,4,1,1
32,1,15,1,1,32,13,36,17,69,13,2,6,6,3,1,6,1,4,1,5,3,4
32,1,15,1,1,13,32,9,15,13,44,6,2,6,1,6,5,4,1,1,3,4,5
32,1,15,1,1,15,89,9,98,13,32,1,7,6,2,6,2,3,6,1,3,4,1
32,1,15,1,1,32,13,82,72,94,82,2,6,3,3,3,3,1,4,5,4,2,5
32,1,15,1,1,13,82,72,13,32,82,6,3,3,6,2,3,4,5,4,4,1,5
32,1,15,1,0,9,69,89,27,32,13,6,1,7,5,2,6,1,3,6,3,1,4
32,1,15,1,0,25,69,82,25,89,13,1,1,3,1,7,6,2,3,5,2,6,4
29,1,4,1,0,86,24,32,78,89,92,2,1,2,7,7,2,2,2,1,2,6,3
13,7,1,5,0,61,55,53,92,89,71,4,1,5,2,7,4,1,2,2,3,6,1
13,7,1,5,0,55,81,30,92,89,71,1,3,1,2,7,4,2,3,1,3,6,1
29,1,4,1,0,82,9,26,74,69,26,3,6,6,2,1,6,5,1,5,3,3,5
29,1,4,1,1,69,74,89,26,82,62,1,2,7,6,3,5,3,3,6,5,5,3
29,1,4,1,0,85,31,9,69,74,13,1,6,6,1,2,6,1,4,1,3,3,4
29,1,4,1,0,69,74,9,13,9,89,1,2,6,6,6,7,3,3,1,4,1,6
32,1,15,1,1,6,23,25,82,13,89,4,3,1,3,6,7,1,4,2,5,4,6
32,1,15,1,0,89,25,69,23,6,25,7,1,1,3,4,1,6,2,3,4,1,2
32,1,15,1,0,25,82,89,6,23,25,1,3,7,4,3,1,2,5,6,1,4,2
32,1,15,1,1,6,23,25,9,25,89,4,3,1,6,1,7,1,4,2,1,2,6
32,1,15,1,0,13,23,89,23,6,25,6,3,7,3,4,1,4,4,6,4,1,2
32,1,15,1,1,6,25,23,23,89,82,4,1,3,3,7,3,1,2,4,4,6,5
32,1,15,1,1,25,99,82,6,25,23,1,7,3,4,1,3,2,3,5,1,2,4
32,1,15,1,1,23,25,6,89,13,25,3,1,4,7,6,1,4,2,1,6,4,2
32,1,15,1,1,25,23,89,25,89,13,1,3,7,1,7,6,2,4,6,2,6,4
32,1,15,1,1,13,89,90,13,89,25,6,7,3,6,7,1,4,6,2,4,6,2
32,1,15,1,0,25,82,89,89,25,13,1,3,7,7,1,6,2,5,6,6,2,4
32,1,15,1,0,13,25,89,60,82,89,6,1,7,4,3,7,4,2,6,1,5,6
32,1,15,1,1,32,9,69,29,31,89,2,6,1,0,6,7,1,1,3,5,4,6
32,1,15,1,1,29,31,89,86,55,89,0,6,7,2,1,7,5,4,6,2,2,6
32,1,15,1,1,6,23,32,89,29,31,4,3,2,7,0,6,1,4,1,6,5,4
32,1,15,1,0,95,82,13,89,29,31,3,3,6,7,0,6,3,5,4,6,5,4
32,1,15,1,1,32,4,25,69,72,89,2,6,1,1,3,7,1,1,2,3,4,6
32,1,15,1,1,95,9,82,89,72,93,3,6,3,7,3,1,3,1,5,6,4,1
32,1,15,1,1,82,89,72,31,5,23,3,7,3,6,0,3,5,6,4,4,4,4
32,1,15,1,0,15,89,82,82,89,72,1,7,3,3,7,3,3,6,5,5,6,4
32,1,15,1,0,6,72,89,84,9,89,4,3,7,5,6,7,1,4,6,3,1,6
32,1,15,1,1,9,13,23,6,89,72,6,6,3,4,7,3,1,4,4,1,6,4
32,1,15,1,0,88,89,31,9,36,69,3,7,6,6,6,1,0,6,4,1,1,3
22,6,1,4,0,82,67,66,96,26,66,3,7,1,0,6,1,5,3,3,5,5,3
22,6,1,4,0,64,5,82,13,82,67,6,0,3,6,3,7,2,4,5,4,5,3
22,6,1,4,0,30,56,69,82,89,67,1,1,1,3,7,7,1,3,3,5,6,3
22,6,1,4,1,67,89,82,9,30,32,7,7,3,6,1,2,3,6,5,1,1,1
3,0,13,0,0,91,96,79,16,55,79,0,0,4,5,1,4,3,5,1,3,2,1
3,0,13,0,0,78,55,79,91,16,29,7,1,4,0,5,0,2,2,1,3,3,5
3,0,13,0,1,96,79,25,91,79,44,0,4,1,0,4,5,5,1,2,3,1,5
3,0,13,0,1,91,44,79,49,25,61,0,5,4,2,1,4,3,5,1,5,2,1
3,0,13,0,0,23,43,69,43,16,23,3,0,1,0,5,3,4,1,3,1,3,4
3,0,13,0,0,16,96,43,43,16,69,5,0,0,0,5,1,3,5,1,1,3,3
3,0,13,0,0,94,10,23,7,43,12,3,2,3,4,0,4,2,1,4,1,1,4
3,0,13,0,1,43,69,6,25,23,70,0,1,4,1,3,2,1,3,1,2,4,3
4,7,2,5,1,25,53,26,6,77,53,1,5,6,4,0,5,2,2,5,1,5,2
4,7,2,5,1,77,25,23,5,43,11,0,1,3,0,0,4,5,2,4,4,1,1
4,7,2,5,0,77,79,60,7,14,23,0,4,4,4,6,3,5,1,1,1,3,4
4,7,2,5,0,96,77,79,66,90,10,0,0,4,1,3,2,5,5,1,3,2,1
4,7,2,5,1,32,79,69,77,55,89,2,4,1,0,1,7,1,1,3,5,2,6
4,7,2,5,1,90,64,25,36,47,87,3,6,1,6,7,1,2,2,2,1,3,1
4,7,2,5,1,82,9,69,55,56,64,3,6,1,1,1,6,5,1,3,2,3,2
4,7,2,5,1,32,79,46,43,14,64,2,4,6,0,6,6,1,1,5,1,3,2
4,7,2,5,0,14,43,64,90,53,66,6,0,6,3,5,1,3,1,2,2,2,3
4,7,2,5,0,25,9,92,14,43,64,1,6,2,6,0,6,2,1,3,3,1,2
3,0,13,0,0,6,25,23,25,40,73,4,1,3,1,7,7,1,2,4,2,3,3
3,0,13,0,1,6,25,89,40,25,73,4,1,7,7,1,7,1,2,6,3,2,3
3,0,13,0,1,23,16,55,73,25,40,3,5,1,7,1,7,4,3,2,3,2,3
3,0,13,0,1,73,25,40,7,69,81,7,1,7,4,1,3,3,2,3,1,3,3
3,0,13,0,0,10,92,61,40,25,73,2,2,4,7,1,7,1,3,1,3,2,3
3,0,13,0,1,73,40,25,77,64,23,7,7,1,0,6,3,3,3,2,5,2,4
3,0,13,0,1,73,25,40,78,71,69,7,1,7,7,4,1,3,2,3,2,1,3
3,0,13,0,1,61,69,12,73,25,40,4,1,4,7,1,7,1,3,4,3,2,3
3,0,13,0,1,40,73,25,44,38,51,7,7,1,5,2,7,3,3,2,5,3,6
32,1,15,1,1,82,42,89,31,25,19,3,2,7,6,1,3,5,1,6,4,2,2
21,7,14,5,1,25,69,55,30,71,61,1,1,1,1,4,4,2,3,2,1,1,1
21,7,14,5,1,25,69,55,53,10,26,1,1,1,5,2,6,2,3,2,2,1,5
21,7,14,5,0,76,89,43,55,25,69,3,7,0,1,1,1,1,6,1,2,2,3
4,7,2,5,1,38,12,6,79,25,69,2,4,4,4,1,1,3,4,1,1,2,3
4,7,2,5,0,17,16,89,38,6,12,3,5,7,2,4,4,5,3,6,3,1,4
4,7,2,5,1,6,12,38,38,43,61,4,4,2,2,0,4,1,4,3,3,1,1
4,7,2,5,0,32,56,43,12,38,6,2,1,0,4,2,4,1,3,1,4,3,1
4,7,2,5,1,12,38,6,44,74,6,4,2,4,5,2,4,4,3,1,5,3,1
4,7,2,5,0,71,55,60,38,6,12,4,1,4,2,4,4,1,2,1,3,1,4
4,7,2,5,0,12,6,38,12,25,69,4,4,2,4,1,1,4,1,3,4,2,3
4,7,2,5,0,93,38,6,56,89,43,1,2,4,1,7,0,1,3,1,3,6,1
4,7,2,5,1,93,6,38,56,9,82,1,4,2,1,6,3,1,1,3,3,1,5
4,7,2,5,1,93,38,6,25,66,17,1,2,4,1,1,3,1,3,1,2,3,5
4,7,2,5,0,79,30,25,93,38,6,4,1,1,1,2,4,1,1,2,1,3,1
4,7,2,5,0,29,69,60,6,93,38,0,1,4,4,1,2,5,3,1,1,1,3
4,7,2,5,1,6,93,38,55,79,61,4,1,2,1,4,4,1,1,3,2,1,1
4,7,2,5,1,93,6,38,82,17,96,1,4,2,3,3,0,1,1,3,5,5,5
4,7,2,5,1,6,38,93,36,29,96,4,2,1,6,0,0,1,3,1,1,5,5
4,7,2,5,0,43,89,56,6,38,93,0,7,1,4,2,1,1,6,3,1,3,1
4,7,2,5,1,6,93,38,43,40,66,4,1,2,0,7,1,1,1,3,1,3,3
4,7,2,5,1,93,38,6,66,79,61,1,2,4,1,4,4,1,3,1,3,1,1
4,7,2,5,0,56,43,47,9,84,39,1,0,7,6,5,7,3,1,3,1,3,3
4,7,2,5,1,56,47,43,82,90,55,1,7,0,3,3,1,3,3,1,5,2,2
4,7,2,5,1,16,25,55,53,43,47,5,1,1,5,0,7,3,2,2,2,1,3
4,7,2,5,1,53,43,47,23,76,61,5,0,7,3,3,4,2,1,3,4,1,1
4,7,2,5,1,53,43,47,61,34,18,5,0,7,4,1,2,2,1,3,1,3,3
4,7,2,5,1,47,53,43,71,89,12,7,5,0,4,7,4,3,2,1,1,6,4
4,7,2,5,1,35,47,43,37,55,61,7,7,0,2,1,4,3,3,1,1,2,1
32,1,15,1,1,32,89,36,85,32,9,2,7,6,1,2,6,1,6,1,1,1,1
32,1,15,1,0,9,72,93,32,89,36,6,3,1,2,7,6,1,4,1,1,6,1
32,1,15,1,1,88,13,89,89,36,32,3,6,7,7,6,2,0,4,6,6,1,1
32,1,15,1,0,6,88,13,32,89,36,4,3,6,2,7,6,1,0,4,1,6,1
32,1,15,1,0,36,32,16,36,82,89,6,2,5,6,3,7,1,1,3,1,5,6
32,1,15,1,0,9,56,13,36,16,32,6,1,6,6,5,2,1,3,4,1,3,1
32,1,15,1,1,32,36,16,32,89,69,2,6,5,2,7,1,1,1,3,1,6,3
32,1,15,1,0,9,82,6,32,19,36,6,3,4,2,3,6,1,5,1,1,2,1
4,7,2,5,1,32,79,41,12,19,16,2,4,5,4,3,5,1,1,3,4,2,3
4,7,2,5,0,3,79,55,32,79,41,4,4,1,2,4,5,1,1,2,1,1,3
4,7,2,5,0,26,29,53,32,79,41,6,0,5,2,4,5,5,5,2,1,1,3
32,1,15,1,0,82,13,9,94,82,49,3,6,6,3,3,2,5,4,1,2,5,5
32,1,15,1,0,88,9,30,82,94,49,3,6,1,3,3,2,0,1,1,5,2,5
32,1,15,1,0,82,9,25,94,82,49,3,6,1,3,3,2,5,1,2,2,5,5
32,1,15,1,1,94,82,49,90,9,13,3,3,2,3,6,6,2,5,5,2,1,4
32,1,15,1,0,88,89,13,46,94,49,3,7,6,6,3,2,0,6,4,5,2,5
32,1,15,1,1,94,49,9,52,19,82,3,2,6,1,3,3,2,5,1,2,2,5
32,1,15,1,1,94,49,4,17,88,82,3,2,6,3,3,3,2,5,1,5,0,5
32,1,15,1,1,94,49,32,13,36,42,3,2,2,6,6,2,2,5,1,4,1,1
32,1,15,1,0,94,52,10,9,89,15,3,1,2,6,7,1,2,2,1,1,6,3
4,7,2,5,0,61,30,9,78,48,89,4,1,6,7,4,7,1,1,1,2,3,6
32,1,15,1,1,24,13,82,23,13,90,1,6,3,3,6,3,2,4,5,4,4,2
32,1,15,1,1,13,23,90,6,13,9,6,3,3,4,6,6,4,4,2,1,4,1
32,1,15,1,0,6,23,67,82,89,13,4,3,7,3,7,6,1,4,3,5,6,4
4,7,2,5,1,87,12,79,12,17,25,1,4,4,4,3,1,1,4,1,4,5,2
4,7,2,5,0,10,71,69,16,79,69,2,4,1,5,4,1,1,1,3,3,1,3
4,7,2,5,0,61,53,23,6,55,71,4,5,3,4,1,4,1,2,4,1,2,1
4,7,2,5,0,61,12,71,23,61,92,4,4,4,3,4,2,1,4,1,4,1,3
4,7,2,5,1,37,6,71,90,72,16,2,4,4,3,3,5,1,1,1,2,4,3
32,1,15,1,1,9,32,64,13,88,82,6,2,6,6,3,3,1,1,2,4,0,5
32,1,15,1,1,9,46,36,88,9,69,6,6,6,3,6,1,1,5,1,0,1,3
2,3,0,1,1,82,9,32,69,82,90,3,6,2,1,3,3,5,1,1,3,5,2
2,3,0,1,0,82,9,34,69,82,90,3,6,1,1,3,3,5,1,3,3,5,2
2,3,0,1,1,69,82,90,9,69,21,1,3,3,6,1,3,3,5,2,1,3,3
2,3,0,1,0,69,90,82,82,55,23,1,3,3,3,1,3,3,2,5,5,2,4
2,3,0,1,0,69,82,36,82,69,90,1,3,6,3,1,3,3,5,1,5,3,2
2,3,0,1,0,72,35,69,82,69,90,3,7,1,3,1,3,4,3,3,5,3,2
2,3,0,1,1,69,82,90,90,23,9,1,3,3,3,3,6,3,5,2,2,4,1
2,3,0,1,1,34,37,31,82,69,90,1,2,6,3,1,3,3,1,4,5,3,2
2,3,0,1,0,46,93,31,82,90,69,6,1,6,3,3,1,5,1,4,5,2,3
2,3,0,1,0,25,34,69,69,90,82,1,1,1,1,3,3,2,3,3,3,2,5
2,3,0,1,1,82,69,90,94,9,88,3,1,3,3,6,3,5,3,2,2,1,0
2,3,0,1,1,60,34,9,69,82,90,4,1,6,1,3,3,1,3,1,3,5,2
2,3,0,1,0,34,90,89,82,69,90,1,3,7,3,1,3,3,2,6,5,3,2
3,0,13,0,0,23,69,16,55,79,23,3,1,5,1,4,3,4,3,3,2,1,4
3,0,13,0,1,23,69,16,69,79,30,3,1,5,1,4,1,4,3,3,3,1,1
32,1,15,1,0,30,80,83,15,82,9,1,5,6,1,3,6,1,4,4,3,5,1
4,7,2,5,0,25,77,55,44,71,3,1,0,1,5,4,4,2,5,2,5,1,1
4,7,2,5,0,79,44,66,77,25,55,4,5,1,0,1,1,1,5,3,5,2,2
4,7,2,5,1,77,25,55,66,6,29,0,1,1,1,4,0,5,2,2,3,1,5
4,7,2,5,0,86,33,48,77,55,25,2,3,4,0,1,1,2,3,3,5,2,2
4,7,2,5,0,61,78,79,25,55,92,4,7,4,1,1,2,1,2,1,2,2,3
4,7,2,5,1,9,94,16,1,25,61,6,3,5,7,1,4,1,2,3,3,2,1
4,7,2,5,1,1,25,61,73,89,71,7,1,4,7,7,4,3,2,1,3,6,1
22,6,1,4,0,98,97,90,69,27,89,2,7,3,1,5,7,3,1,2,3,3,6
22,6,1,4,1,13,72,93,98,52,90,6,3,1,2,1,3,4,4,1,3,2,2
22,6,1,4,0,89,32,9,98,52,90,7,2,6,2,1,3,6,1,1,3,2,2
32,1,15,1,1,88,90,82,13,9,23,3,3,3,6,6,3,0,2,5,4,1,4
32,1,15,1,0,9,73,13,31,9,69,6,7,6,6,6,1,1,3,4,4,1,3
32,1,15,1,1,32,4,13,36,13,23,2,6,6,6,6,3,1,1,4,1,4,4
32,1,15,1,1,71,13,36,23,36,90,4,6,6,3,6,3,1,4,1,4,1,2
32,1,15,1,1,94,88,9,83,13,72,3,3,6,6,6,3,2,0,1,4,4,4
32,1,15,1,1,13,83,9,13,9,69,6,6,6,6,6,1,4,4,1,4,1,3
32,1,15,1,0,82,9,88,9,69,83,3,6,3,6,1,6,5,1,0,1,3,4
32,1,15,1,1,2,13,89,31,9,25,2,6,7,6,6,1,2,4,6,4,1,2
32,1,15,1,1,2,13,89,82,29,72,2,6,7,3,0,3,2,4,6,5,5,4
32,1,15,1,0,10,82,19,89,2,13,2,3,3,7,2,6,1,5,2,6,2,4
32,1,15,1,1,13,2,89,28,82,9,6,2,7,6,3,6,4,2,6,2,5,1
32,1,15,1,1,13,2,89,82,83,9,6,2,7,3,6,6,4,2,6,5,4,1
32,1,15,1,1,13,89,2,13,82,25,6,7,2,6,3,1,4,6,2,4,5,2
32,1,15,1,0,13,90,89,89,2,13,6,3,7,7,2,6,4,2,6,6,2,4
